# Blender v2.77 (sub 0) OBJ File: ''
# www.blender.org
mtllib chuchu.mtl
o n8b8
v 0.158469 0.299895 -2.487973
v -0.317943 0.223881 -3.112058
v 0.024929 0.818840 -3.333838
v 0.189440 0.818840 -2.736922
v -0.033577 0.818840 -2.863570
v -0.101720 0.818840 -3.110821
v -0.152123 1.545685 -3.522218
v 0.268594 1.588043 -3.675684
v 0.229919 1.511548 -2.500904
v -0.179471 1.491595 -2.691523
v -0.337718 1.505735 -3.114565
v -0.611512 2.496474 -3.559593
v 0.020088 2.657902 -3.876637
v -0.821054 2.344223 -2.882536
v -0.828418 3.241003 -3.451528
v -0.127067 3.517444 -3.757059
v -1.033289 2.842330 -2.813888
v -0.843521 3.866941 -2.992634
v -0.207619 4.141594 -3.278660
v -1.015915 3.210177 -2.571996
v -0.536869 3.993416 -2.445338
v -0.169260 4.188549 -2.581431
v -0.616632 3.610605 -2.121248
v -0.318444 3.959071 -2.244369
v -0.128155 4.060078 -2.314816
v -0.353344 3.734306 -2.053020
v 0.230810 -0.013406 -3.069451
v -0.065168 3.812314 -2.043074
v -0.425660 2.086583 -3.633304
v 0.172338 2.187610 -3.887591
v -0.660637 1.991298 -3.026727
v -0.236504 0.577225 -3.368201
v 0.172599 0.577225 -2.601549
v -0.139728 0.577225 -2.770697
v -0.219724 0.501211 -3.129510
v -0.007069 1.152767 -3.377910
v 0.178460 1.115849 -2.648659
v -0.075398 1.152767 -2.828682
v -0.154982 1.152767 -3.117447
v 0.167832 -0.009260 -2.563233
v -0.118766 -0.009260 -2.774723
v -0.241686 -0.009260 -3.132242
v -0.194937 0.202022 -2.348941
v -0.212953 0.425637 -2.407827
v -0.566583 0.202022 -2.744319
v -0.505323 0.425637 -2.721805
v -0.301875 -0.009260 -2.409241
v -0.521170 -0.009260 -2.624059
v -0.425763 0.226574 -3.701844
v -0.084455 0.212864 -3.699504
v -0.025462 0.490194 -3.580065
v -0.404001 0.470588 -3.632235
v -0.616429 0.226574 -3.354218
v -0.543932 0.470588 -3.386427
v -0.425428 -0.009260 -3.636481
v -0.041770 -0.009260 -3.614666
v -0.555647 -0.009260 -3.390112
v -0.488157 0.202022 -2.446221
v -0.451654 0.390481 -2.489151
v 0.041939 0.250959 -2.488271
v -0.015939 0.510313 -2.544624
v -0.322901 0.250959 -3.004003
v -0.218976 0.510313 -2.979828
v -0.015275 -0.009260 -2.531551
v -0.228908 -0.009260 -2.982093
v 0.348276 0.179964 -4.013641
v 0.272180 0.818840 -3.401981
v 0.337234 0.433280 -3.924887
v 0.283160 1.115849 -3.490244
v 0.333142 -0.009260 -3.891996
v -0.602554 0.226574 -3.580034
v -0.543670 0.440459 -3.548535
v -0.264588 -0.009260 -3.382281
v 0.107233 0.179964 -3.928368
v 0.148595 0.433280 -3.831216
v 0.150504 -0.009260 -3.846560
v 0.295174 0.627311 -3.586810
v 0.281976 -0.014352 -3.480724
v 0.773275 0.223881 -2.976301
v 0.495197 0.818840 -3.275333
v 0.436691 0.818840 -2.805064
v 0.563340 0.818840 -3.028082
v 0.677984 1.607997 -3.485065
v 0.650636 1.553906 -2.654371
v 0.836231 1.593856 -3.062023
v 0.703765 2.733943 -3.647946
v 1.039029 2.680055 -3.007487
v 0.659922 3.509718 -3.551506
v 1.071541 3.222350 -2.955279
v 0.519951 4.068420 -3.134945
v 0.958671 3.566682 -2.704638
v 0.257612 4.136857 -2.498707
v 0.506934 3.813461 -2.196723
v 0.092810 4.033321 -2.271995
v 0.228257 3.839313 -2.092089
v 0.783058 2.235199 -3.640630
v 1.048748 2.201473 -3.037087
v 0.757080 0.577225 -3.244590
v 0.516850 0.577225 -2.689012
v 0.682326 0.501211 -3.017287
v 0.537018 1.152767 -3.310221
v 0.468689 1.152767 -2.760993
v 0.616602 1.152767 -3.021455
v 0.497514 -0.009260 -2.698052
v 0.704288 -0.009260 -3.014554
v 0.467035 0.202022 -2.266585
v 0.498930 0.425637 -2.319262
v 0.924229 0.202022 -2.558848
v 0.859321 0.425637 -2.552031
v 0.585488 -0.009260 -2.298845
v 0.850735 -0.009260 -2.453382
v 1.022321 0.226574 -3.521689
v 0.690844 0.212864 -3.603050
v 0.604383 0.490194 -3.501706
v 0.984166 0.470588 -3.459534
v 1.121997 0.226574 -3.137942
v 1.059602 0.470588 -3.186933
v 1.005980 -0.009260 -3.458401
v 0.628672 -0.009260 -3.531257
v 1.071863 -0.009260 -3.187635
v 0.775153 0.202022 -2.289054
v 0.750282 0.390481 -2.339619
v 0.271519 0.250959 -2.459709
v 0.341441 0.510313 -2.500163
v 0.751605 0.250959 -2.870325
v 0.644925 0.510313 -2.872351
v 0.337594 -0.009260 -2.487651
v 0.655109 -0.009260 -2.872113
v 1.163876 0.226574 -3.360274
v 1.099069 0.440459 -3.344164
v 0.787758 -0.009260 -3.251360
v 0.561076 0.179964 -3.871906
v 0.497170 0.433280 -3.787850
v 0.499079 -0.009260 -3.803194
v -0.485790 2.290334 -2.242076
v 0.197886 2.366376 -2.013386
v -0.618624 2.590201 -2.077591
v 0.168365 2.582475 -1.872038
v -0.492368 3.016993 -1.991479
v 0.097207 3.016431 -1.764984
v -0.367310 3.287209 -1.819264
v 0.059562 3.235518 -1.736540
v -0.217897 3.540297 -1.873114
v 0.003068 3.513540 -1.830293
v -0.394947 1.957573 -2.423184
v 0.215772 2.005162 -2.176223
v 0.829486 2.527803 -2.330429
v 0.869716 2.858916 -2.177570
v 0.615053 3.216934 -2.065870
v 0.427172 3.430651 -1.872633
v 0.193357 3.614549 -1.900740
v 0.813770 2.106189 -2.430510
v 0.127897 2.910524 -1.592757
v -0.625223 2.897232 -1.866402
v 0.796301 3.153884 -1.961892
v -0.504574 3.045872 -1.915656
v 0.089113 3.086933 -1.695987
v 0.626153 3.250021 -1.991612
v -0.772704 3.099464 -2.264171
v 0.811288 3.385448 -2.370575
v -0.227396 2.983628 -1.814582
v 0.403576 3.097549 -1.856967
v -0.289180 2.871934 -1.653014
v 0.520271 3.021913 -1.704584
v -0.239526 3.042165 -1.735308
v 0.404726 3.158483 -1.778585
v -0.858629 3.402883 -2.289742
v -0.724210 3.964879 -2.684234
v 0.782108 3.699113 -2.399958
v 0.411344 4.154411 -2.789640
v -0.452920 3.055424 -1.822469
v 0.586941 3.243167 -1.892322
vn -0.2569 0.8197 0.5120
vn -0.2611 0.8206 0.5084
vn -0.4905 -0.5010 0.7130
vn -0.1731 -0.7535 0.6343
vn -0.2174 -0.5417 0.8120
vn -0.2077 -0.5552 0.8054
vn -0.2207 -0.5121 0.8301
vn -0.3160 -0.4029 0.8590
vn -0.2691 -0.5711 0.7755
vn -0.3384 -0.5239 0.7817
vn -0.3946 -0.2759 0.8764
vn 0.3512 -0.3673 0.8613
vn 0.3750 -0.3932 0.8395
vn 0.7697 -0.4653 0.4371
vn 0.8601 -0.1469 0.4885
vn 0.7842 0.4321 0.4453
vn 0.9124 0.3491 0.2135
vn 0.9179 0.3329 0.2160
vn 0.4042 0.2621 0.8763
vn 0.4066 -0.2703 0.8727
vn 0.9538 -0.2406 0.1797
vn 0.8506 -0.4834 -0.2070
vn 0.7329 -0.2233 -0.6427
vn 0.2401 -0.2671 -0.9333
vn 0.2040 0.3915 -0.8973
vn 0.8011 0.4093 -0.4367
vn 0.8545 0.3446 -0.3887
vn 0.5118 0.3841 -0.7684
vn 0.6242 0.2824 -0.7285
vn -0.4266 0.2824 -0.8592
vn -0.2508 0.8258 -0.5051
vn -0.3614 0.8236 -0.4371
vn -0.2737 0.6032 -0.7491
vn -0.4459 0.5795 -0.6822
vn -0.6115 0.7110 -0.3472
vn -0.9267 0.3342 0.1716
vn -0.9370 0.3491 -0.0165
vn -0.9428 0.3329 -0.0155
vn -0.9150 0.3794 -0.1371
vn -0.9490 -0.3134 0.0350
vn -0.9396 -0.3327 0.0800
vn -0.0089 -1.0000 0.0008
vn -0.0082 -1.0000 0.0044
vn -0.0055 -1.0000 0.0075
vn 0.0000 -1.0000 -0.0000
vn 0.1660 -0.2285 0.9593
vn 0.0727 -0.1792 0.9811
vn -0.1623 0.3810 0.9102
vn 0.1975 0.2500 0.9479
vn -0.2055 0.9021 0.3795
vn -0.1499 0.9227 0.3552
vn -0.2468 0.9109 0.3307
vn -0.3431 0.2133 0.9148
vn -0.3034 0.2671 0.9146
vn -0.3129 -0.1108 0.9433
vn -0.6279 -0.4414 0.6410
vn -0.2863 0.8070 0.5165
vn -0.8915 -0.2187 0.3966
vn -0.9639 0.1766 -0.1993
vn -0.8403 -0.2954 -0.4546
vn -0.9172 -0.2189 -0.3331
vn -0.9008 -0.2707 -0.3396
vn -0.8644 -0.3226 -0.3856
vn -0.7998 -0.4627 -0.3825
vn -0.7810 -0.4776 -0.4024
vn -0.7982 -0.4441 -0.4069
vn -0.2736 -0.4190 -0.8658
vn -0.3766 -0.3487 -0.8583
vn 0.5820 -0.2816 -0.7629
vn 0.5864 -0.1565 -0.7948
vn 0.9536 -0.1469 -0.2628
vn 0.6779 0.7110 -0.1868
vn 0.8565 0.3342 0.3934
vn 0.2427 0.8932 0.3785
vn 0.4125 0.2796 0.8670
vn 0.9429 0.2779 0.1834
vn 0.9454 0.2730 0.1781
vn 0.7245 0.2674 -0.6353
vn -0.4043 0.0150 -0.9145
vn -0.5041 0.5027 -0.7023
vn -0.9712 0.1251 -0.2027
vn -0.8968 0.3803 0.2262
vn -0.8935 0.3808 0.2380
vn -0.7409 0.4955 0.4534
vn -0.6592 0.1747 0.7314
vn -0.4245 0.4212 0.8015
vn -0.1483 0.2888 0.9458
vn -0.0908 0.5639 0.8209
vn -0.0057 0.5792 0.8151
vn 0.0688 0.6405 0.7649
vn 0.3328 0.5808 0.7429
vn 0.2917 0.7519 0.5912
vn 0.3025 0.7646 0.5691
vn 0.0258 0.9021 0.4307
vn -0.2822 0.8465 0.4514
vn -0.3984 0.8939 0.2056
vn -0.6896 0.5462 0.4755
vn -0.0032 -0.9999 -0.0128
vn -0.2181 -0.4289 -0.8766
vn -0.7287 -0.4053 -0.5521
vn -0.6696 0.4093 -0.6197
vn 0.0220 0.3915 -0.9199
vn 0.1184 0.2626 -0.9576
vn -0.5372 0.2753 -0.7973
vn -0.3096 0.9335 -0.1806
vn -0.3135 0.9335 -0.1740
vn -0.3281 0.8932 0.3075
vn -0.6124 0.2796 0.7395
vn -0.6066 0.2621 0.7506
vn -0.6080 -0.2703 0.7465
vn -0.6121 -0.2647 0.7452
vn -0.0052 -1.0000 -0.0050
vn -0.0159 -0.9999 0.0003
vn -0.0117 -0.9999 -0.0097
vn -0.2245 0.8396 0.4946
vn -0.1640 0.8397 0.5178
vn -0.1543 0.8291 0.5373
vn -0.0870 0.8416 0.5330
vn 0.3710 -0.5750 0.7292
vn 0.5053 -0.6295 0.5902
vn 0.4956 -0.4130 0.7641
vn 0.9438 -0.2260 0.2413
vn 0.9552 0.0011 0.2959
vn 0.8866 0.0465 -0.4602
vn 0.9092 0.1388 -0.3925
vn 0.3134 0.0359 -0.9489
vn 0.3620 0.1387 -0.9218
vn -0.3750 -0.0999 -0.9216
vn -0.3181 -0.3424 -0.8841
vn 0.7997 0.4540 0.3929
vn 0.4176 0.9078 -0.0396
vn 0.2847 0.9115 0.2970
vn 0.8492 0.2320 0.4743
vn 0.8501 0.2382 0.4697
vn 0.8735 -0.0629 0.4827
vn 0.4517 -0.4414 0.7753
vn -0.3960 -0.2285 0.8894
vn 0.1597 0.3444 0.9251
vn 0.2788 0.1377 0.9504
vn 0.5995 0.4407 0.6681
vn 0.6452 0.4282 0.6327
vn 0.5644 0.7517 0.3412
vn 0.7181 0.6858 0.1181
vn 0.7264 0.6848 0.0579
vn 0.8323 0.4500 -0.3239
vn 0.2044 0.6175 -0.7595
vn 0.4108 -0.2647 0.8724
vn 0.0084 -1.0000 0.0030
vn 0.0063 -1.0000 -0.0036
vn 0.0153 -0.9999 0.0042
vn 0.0137 -0.9999 -0.0065
vn 0.0062 -0.9999 -0.0116
vn 0.4262 -0.4289 -0.7965
vn 0.4797 -0.5013 -0.7201
vn 0.7229 -0.2815 0.6311
vn 0.9621 0.0424 0.2695
vn 0.9733 -0.0791 0.2156
vn 0.8241 0.0051 -0.5665
vn 0.8846 0.1064 -0.4541
vn 0.2517 0.1334 -0.9586
vn 0.2938 0.1809 -0.9386
vn -0.4574 0.0453 -0.8881
vn -0.4404 -0.0384 -0.8970
vn 0.0885 0.9264 -0.3661
vn 0.5994 0.5795 -0.5521
vn 0.4489 0.6032 -0.6592
vn 0.3673 0.6683 -0.6468
vn -0.1976 0.6683 -0.7171
vn -0.2561 -0.2667 -0.9292
vn -0.3738 -0.1565 -0.9142
vn -0.8716 0.4540 0.1850
vn -0.3952 0.9078 -0.1407
vn -0.6835 0.3344 -0.6488
vn -0.7278 0.2631 -0.6333
vn -0.6673 -0.2985 -0.6824
vn -0.6855 -0.4658 -0.5596
vn 0.1796 0.2921 0.9394
vn 0.2241 0.5748 0.7870
vn 0.4841 -0.8651 0.1315
vn 0.9298 0.0117 0.3680
vn 0.8730 0.1254 0.4713
vn 0.8810 0.1247 0.4563
vn 0.0035 -1.0000 0.0086
vn 0.0069 -1.0000 0.0062
vn 0.0084 -1.0000 0.0029
vn 0.8914 -0.3327 0.3078
vn 0.9115 -0.3134 0.2665
vn 0.9207 0.3794 0.0913
vn 0.2160 0.4800 0.8502
vn 0.1063 0.9021 0.4183
vn -0.4237 0.2500 0.8706
vn -0.6370 0.2835 0.7168
vn -0.6779 -0.4668 0.5680
vn 0.0723 -0.1108 0.9912
vn 0.5620 0.7530 0.3424
vn 0.0981 0.9889 0.1115
vn 0.0339 0.9970 -0.0690
vn -0.3667 0.9294 -0.0424
vn -0.4368 0.8923 -0.1144
vn -0.7991 -0.5314 0.2812
vn -0.8457 -0.4403 0.3016
vn -0.7941 -0.4074 -0.4510
vn -0.8601 -0.1469 -0.4885
vn 0.8017 -0.4658 -0.3745
vn 0.8141 -0.2985 -0.4981
vn 0.8608 0.2631 -0.4357
vn 0.8217 0.3344 -0.4616
vn -0.0815 0.8665 0.4925
vn -0.0373 0.8834 0.4671
vn 0.0291 0.8764 0.4807
vn 0.0194 0.8696 0.4934
vn 0.0517 0.8681 0.4938
vn 0.8607 -0.4504 -0.2372
vn 0.8567 -0.3934 -0.3336
vn 0.9070 -0.2381 -0.3473
vn 0.3785 -0.2821 -0.8816
vn -0.4178 0.4800 0.7714
vn -0.4378 0.4625 0.7710
vn 0.2356 0.4625 0.8548
vn 0.2626 -0.1509 0.9530
vn -0.1278 0.7180 0.6842
vn -0.2019 0.6529 0.7301
vn -0.4561 0.6169 0.6414
vn -0.4150 0.4458 0.7931
vn 0.3770 -0.2510 0.8916
vn -0.5840 -0.2510 0.7720
vn -0.5586 -0.4529 0.6949
vn -0.8940 -0.3743 0.2464
vn 0.3466 0.9335 -0.0919
vn 0.3444 0.9335 -0.0992
vn 0.7161 0.2753 -0.6413
vn 0.1199 0.2626 -0.9574
vn -0.1468 0.2332 0.9613
vn -0.3063 0.4790 0.8227
vn -0.1836 0.0543 0.9815
vn -0.6448 0.2281 0.7295
vn -0.7168 -0.3647 -0.5943
vn 0.0532 -0.3474 -0.9362
vn 0.0701 0.2671 0.9611
vn 0.1085 0.2133 0.9710
vn 0.1583 0.9109 0.3811
vn 0.0583 0.9227 0.3811
vn 0.8512 -0.3917 0.3492
vn 0.8509 -0.3928 0.3489
vn 0.8976 -0.3261 0.2965
vn 0.9322 -0.1161 0.3429
vn -0.0041 -0.2671 -0.9637
vn -0.5531 -0.2233 -0.8027
vn -0.7740 -0.4834 -0.4091
vn -0.9688 -0.2406 -0.0595
vn 0.3976 -0.4337 -0.8086
vn 0.4192 -0.2420 -0.8750
vn -0.2875 -0.3599 -0.8876
vn -0.9591 0.2779 -0.0532
vn -0.9602 0.2730 -0.0590
vn -0.5467 0.2674 -0.7935
vn -0.9652 -0.0629 0.2539
vn -0.9393 0.2382 0.2471
vn -0.3487 0.9115 0.2182
vn -0.9396 0.2320 0.2518
vn -0.7332 0.3446 -0.5862
vn -0.3079 0.3841 -0.8704
vn 0.1778 -0.3474 -0.9207
vn 0.8405 -0.3647 -0.4006
vn -0.9536 -0.1469 0.2628
vn -0.8694 0.4321 0.2396
vn -0.0656 0.3810 0.9222
vn -0.3109 -0.1792 0.9334
vn -0.4882 -0.1509 0.8596
vn 0.3670 0.8258 -0.4283
vn 0.4575 0.8236 -0.3352
vn 0.3817 -0.2327 0.8945
vn -0.8731 -0.2889 0.3928
vn -0.8481 -0.4080 0.3380
vn 0.9553 0.1147 0.2726
vn 0.8076 0.4964 -0.3183
vn -0.8023 -0.1792 0.5694
vn -0.7931 -0.1755 0.5832
vn 0.0547 0.6992 0.7128
vn -0.0427 0.7333 0.6785
vn 0.5180 -0.4668 0.7168
vn 0.4420 0.2835 0.8510
vn -0.7663 -0.5348 0.3561
vn -0.7814 -0.5050 0.3666
vn -0.8399 -0.4178 0.3464
vn -0.7664 -0.5650 0.3058
vn 0.3396 -0.5101 0.7903
vn 0.4131 -0.4443 0.7950
vn 0.4160 -0.3565 0.8366
vn 0.4819 -0.2193 0.8483
vn -0.4734 0.6245 0.6212
vn -0.1312 -0.9762 0.1728
vn -0.8196 -0.3041 0.4855
vn 0.3513 0.5612 0.7494
vn 0.1368 0.9705 -0.1986
vn 0.2121 0.6116 -0.7622
vn -0.2886 -0.5013 -0.8157
vn -0.1878 0.5941 0.7821
vn -0.5233 0.4748 -0.7076
vn -0.0492 -0.6510 0.7575
vn 0.0039 0.9264 -0.3766
vn -0.6648 0.2598 0.7004
vn 0.4759 -0.2667 -0.8381
vn 0.8417 -0.4053 -0.3567
vn -0.5893 -0.2327 0.7737
vn 0.8704 -0.2880 -0.3993
vn 0.4904 -0.4291 0.7585
vn 0.4729 0.2598 0.8419
usemtl None
s off
f 154//1 139//1 159//1
f 139//2 154//2 163//2
f 137//3 163//3 154//3
f 163//4 137//4 138//4
f 135//5 138//5 137//5
f 138//6 135//6 136//6
f 145//7 136//7 135//7
f 136//8 145//8 146//8
f 10//9 146//9 145//9
f 146//10 10//10 9//10
f 37//11 9//11 10//11
f 9//12 37//12 84//12
f 102//13 84//13 37//13
f 84//14 102//14 103//14
f 81//15 103//15 102//15
f 103//15 81//15 82//15
f 126//16 82//16 81//16
f 82//17 126//17 100//17
f 79//18 100//18 126//18
f 100//19 79//19 116//19
f 120//20 116//20 79//20
f 116//21 120//21 129//21
f 118//22 129//22 120//22
f 129//23 118//23 112//23
f 113//24 112//24 118//24
f 112//25 113//25 114//25
f 132//26 114//26 113//26
f 114//27 132//27 133//27
f 66//28 133//28 132//28
f 133//29 66//29 68//29
f 75//30 68//30 66//30
f 68//31 75//31 77//31
f 51//32 77//32 75//32
f 77//33 51//33 3//33
f 32//34 3//34 51//34
f 3//35 32//35 6//35
f 35//36 6//36 32//36
f 6//37 35//37 63//37
f 2//38 63//38 35//38
f 63//39 2//39 62//39
f 42//40 62//40 2//40
f 62//41 42//41 65//41
f 27//42 65//42 42//42
f 65//43 27//43 41//43
f 40//44 41//44 27//44
f 41//45 40//45 64//45
f 1//46 64//46 40//46
f 64//47 1//47 60//47
f 1//48 33//48 60//48
f 60//49 33//49 61//49
f 34//50 61//50 33//50
f 61//51 34//51 44//51
f 59//52 44//52 34//52
f 44//53 59//53 43//53
f 58//54 43//54 59//54
f 43//55 58//55 47//55
f 48//56 47//56 58//56
f 47//45 48//45 41//45
f 65//45 41//45 48//45
f 20//57 154//57 159//57
f 154//58 20//58 17//58
f 15//59 17//59 20//59
f 17//60 15//60 14//60
f 12//61 14//61 15//61
f 14//62 12//62 31//62
f 29//63 31//63 12//63
f 31//64 29//64 11//64
f 7//65 11//65 29//65
f 11//66 7//66 36//66
f 8//67 36//67 7//67
f 36//68 8//68 69//68
f 101//69 69//69 8//69
f 69//70 101//70 80//70
f 82//71 80//71 101//71
f 80//72 82//72 98//72
f 100//73 98//73 82//73
f 98//74 100//74 117//74
f 116//75 117//75 100//75
f 117//76 116//76 130//76
f 129//77 130//77 116//77
f 130//78 129//78 112//78
f 15//79 16//79 12//79
f 16//80 15//80 18//80
f 20//81 18//81 15//81
f 18//82 20//82 168//82
f 167//83 168//83 20//83
f 168//84 167//84 23//84
f 141//85 23//85 167//85
f 23//86 141//86 143//86
f 144//87 143//87 141//87
f 143//88 144//88 28//88
f 151//89 28//89 144//89
f 28//90 151//90 95//90
f 93//91 95//91 151//91
f 95//92 93//92 94//92
f 92//93 94//93 93//93
f 94//94 92//94 25//94
f 22//94 25//94 92//94
f 25//95 22//95 21//95
f 168//96 21//96 22//96
f 21//97 168//97 23//97
f 76//98 70//98 78//98
f 70//99 76//99 74//99
f 50//100 74//100 76//100
f 74//101 50//101 51//101
f 49//102 51//102 50//102
f 51//103 49//103 52//103
f 72//104 52//104 49//104
f 52//105 72//105 32//105
f 54//106 32//106 72//106
f 32//107 54//107 35//107
f 53//108 35//108 54//108
f 35//109 53//109 2//109
f 57//110 2//110 53//110
f 2//111 57//111 42//111
f 73//45 42//45 57//45
f 42//42 73//42 27//42
f 56//112 27//112 73//112
f 27//113 56//113 78//113
f 76//114 78//114 56//114
f 163//115 161//115 139//115
f 161//116 163//116 140//116
f 153//117 140//117 163//117
f 140//118 153//118 164//118
f 138//119 164//119 153//119
f 164//120 138//120 148//120
f 147//121 148//121 138//121
f 148//122 147//122 87//122
f 97//123 87//123 147//123
f 87//124 97//124 86//124
f 96//125 86//125 97//125
f 86//126 96//126 13//126
f 30//127 13//127 96//127
f 13//128 30//128 29//128
f 7//129 29//129 30//129
f 99//130 126//130 81//130
f 126//131 99//131 109//131
f 122//132 109//132 99//132
f 109//133 122//133 108//133
f 121//134 108//134 122//134
f 108//135 121//135 111//135
f 110//136 111//136 121//136
f 111//45 110//45 104//45
f 127//45 104//45 110//45
f 104//45 127//45 40//45
f 1//137 40//137 127//137
f 142//87 144//87 141//87
f 144//138 142//138 150//138
f 172//139 150//139 142//139
f 150//140 172//140 93//140
f 169//141 93//141 172//141
f 93//142 169//142 170//142
f 91//143 170//143 169//143
f 170//144 91//144 90//144
f 88//145 90//145 91//145
f 90//146 88//146 16//146
f 105//147 120//147 79//147
f 120//45 105//45 131//45
f 27//148 131//148 105//148
f 131//149 27//149 119//149
f 78//150 119//150 27//150
f 119//151 78//151 134//151
f 70//152 134//152 78//152
f 134//153 70//153 132//153
f 66//154 132//154 70//154
f 148//155 155//155 164//155
f 155//156 148//156 89//156
f 87//157 89//157 148//157
f 89//158 87//158 88//158
f 86//159 88//159 87//159
f 88//160 86//160 16//160
f 13//161 16//161 86//161
f 16//162 13//162 12//162
f 29//163 12//163 13//163
f 114//164 98//164 115//164
f 98//165 114//165 80//165
f 77//166 80//166 114//166
f 80//167 77//167 67//167
f 3//168 67//168 77//168
f 67//169 3//169 69//169
f 36//170 69//170 3//170
f 63//171 34//171 5//171
f 34//172 63//172 46//172
f 62//173 46//173 63//173
f 46//174 62//174 45//174
f 65//175 45//175 62//175
f 45//176 65//176 48//176
f 166//177 142//177 157//177
f 142//178 166//178 172//178
f 158//179 172//179 166//179
f 172//180 158//180 169//180
f 160//181 169//181 158//181
f 169//182 160//182 91//182
f 27//183 104//183 40//183
f 104//184 27//184 128//184
f 105//185 128//185 27//185
f 128//186 105//186 125//186
f 79//187 125//187 105//187
f 125//188 79//188 126//188
f 33//189 99//189 81//189
f 99//190 33//190 124//190
f 123//191 124//191 33//191
f 124//192 123//192 106//192
f 110//193 106//193 123//193
f 106//194 110//194 121//194
f 170//195 92//195 93//195
f 92//196 170//196 22//196
f 19//197 22//197 170//197
f 22//198 19//198 168//198
f 18//199 168//199 19//199
f 11//200 10//200 145//200
f 10//201 11//201 39//201
f 36//202 39//202 11//202
f 39//203 36//203 6//203
f 3//203 6//203 36//203
f 128//45 111//45 104//45
f 111//204 128//204 108//204
f 125//205 108//205 128//205
f 108//206 125//206 109//206
f 126//207 109//207 125//207
f 164//208 162//208 140//208
f 162//209 164//209 149//209
f 155//210 149//210 164//210
f 149//211 155//211 160//211
f 91//212 160//212 155//212
f 101//71 103//71 82//71
f 103//213 101//213 85//213
f 83//214 85//214 101//214
f 85//215 83//215 96//215
f 30//216 96//216 83//216
f 33//217 5//217 34//217
f 5//218 33//218 4//218
f 81//219 4//219 33//219
f 4//220 81//220 102//220
f 24//221 28//221 25//221
f 28//222 24//222 26//222
f 23//223 26//223 24//223
f 26//224 23//224 143//224
f 37//225 4//225 102//225
f 4//226 37//226 38//226
f 10//227 38//227 37//227
f 38//228 10//228 39//228
f 130//229 98//229 117//229
f 98//230 130//230 115//230
f 112//231 115//231 130//231
f 115//232 112//232 114//232
f 142//233 165//233 157//233
f 165//234 142//234 171//234
f 141//235 171//235 142//235
f 171//236 141//236 167//236
f 56//237 50//237 76//237
f 50//238 56//238 55//238
f 73//45 55//45 56//45
f 55//45 73//45 57//45
f 122//239 106//239 121//239
f 106//240 122//240 107//240
f 99//241 107//241 122//241
f 107//242 99//242 124//242
f 85//243 84//243 103//243
f 84//244 85//244 152//244
f 97//245 152//245 85//245
f 152//246 97//246 147//246
f 55//247 49//247 50//247
f 49//248 55//248 71//248
f 57//249 71//249 55//249
f 71//250 57//250 53//250
f 8//251 83//251 101//251
f 83//252 8//252 30//252
f 7//253 30//253 8//253
f 72//254 53//254 54//254
f 53//255 72//255 71//255
f 49//256 71//256 72//256
f 58//257 45//257 48//257
f 45//258 58//258 59//258
f 46//259 59//259 34//259
f 59//260 46//260 45//260
f 75//261 74//261 51//261
f 74//262 75//262 66//262
f 119//263 113//263 118//263
f 113//264 119//264 134//264
f 6//265 5//265 39//265
f 5//266 6//266 63//266
f 1//267 123//267 33//267
f 123//268 1//268 127//268
f 38//269 5//269 4//269
f 5//265 38//265 39//265
f 131//45 118//45 120//45
f 118//45 131//45 119//45
f 77//270 133//270 68//270
f 133//271 77//271 114//271
f 64//45 47//45 41//45
f 47//272 64//272 60//272
f 17//273 137//273 154//273
f 137//274 17//274 14//274
f 89//275 91//275 155//275
f 91//276 89//276 88//276
f 159//277 167//277 20//277
f 167//278 159//278 156//278
f 94//279 28//279 95//279
f 28//280 94//280 25//280
f 60//281 43//281 47//281
f 43//282 60//282 61//282
f 14//283 135//283 137//283
f 135//284 14//284 31//284
f 31//285 145//285 135//285
f 145//286 31//286 11//286
f 84//287 146//287 9//287
f 146//288 84//288 152//288
f 152//289 136//289 146//289
f 136//290 152//290 147//290
f 21//95 24//95 25//95
f 24//291 21//291 23//291
f 171//292 156//292 165//292
f 156//293 171//293 167//293
f 151//294 150//294 93//294
f 150//138 151//138 144//138
f 90//295 19//295 170//295
f 19//296 90//296 16//296
f 70//297 74//297 66//297
f 26//298 143//298 28//298
f 16//299 18//299 19//299
f 163//300 138//300 153//300
f 32//301 51//301 52//301
f 124//302 106//302 107//302
f 80//303 67//303 69//303
f 134//304 132//304 113//304
f 123//305 127//305 110//305
f 85//306 96//306 97//306
f 147//307 138//307 136//307
f 61//308 44//308 43//308
o n11b10
v -0.771693 2.872022 -2.270944
v -0.762868 2.980622 -2.310139
v 0.763521 1.839710 -3.191032
v 0.763521 1.759172 -3.191032
v -1.808698 2.634445 -3.054211
v -1.808698 2.316653 -3.054211
v 0.395113 1.671991 -5.094452
v 0.395113 1.626524 -5.094452
v 1.246460 1.435646 -3.928900
v 1.246460 1.218846 -3.928900
v 2.758494 0.612632 0.124825
v 2.761810 0.774962 0.050094
v 1.879274 0.703963 -0.565707
v 1.795240 0.486538 -0.860717
v 3.365871 0.839993 -0.392790
v 3.450792 0.821956 -0.444877
v -0.602496 2.553685 -3.627355
v -0.602496 2.520662 -3.627355
v 2.112798 0.713766 -2.015063
v 2.069834 0.648322 -1.997555
v 0.614974 1.629081 -4.597101
v 0.614974 1.485850 -4.597101
v 0.896894 1.510378 -4.643562
v 0.896894 1.277146 -4.643562
v -1.343072 2.144498 -3.692193
v -1.343072 1.982034 -3.692193
v -1.674219 3.174345 -2.429227
v -1.702694 2.932567 -2.381302
v 1.071677 1.573341 -4.286231
v 1.071677 1.348325 -4.286231
v 2.320542 0.739463 -0.005074
v 2.212844 0.525118 -0.096694
v 3.059767 0.901723 -0.179774
v 3.100570 0.811540 -0.168452
v 1.783013 0.758224 -1.396685
v 1.717758 0.545440 -1.444942
v 2.140618 1.710550 0.116425
v 4.422952 1.894539 -0.294746
v 2.140618 1.993076 0.116425
v 4.422952 2.307729 -0.294746
v 3.428973 1.034939 -1.418913
v 3.981238 2.784242 -2.637454
v 3.981238 2.784242 -2.637454
v 3.428973 0.954401 -1.418913
v 3.981238 2.501715 -2.637454
v 3.981238 2.501715 -2.637454
v 1.203940 1.874069 -0.574334
v 1.203940 1.457969 -0.574334
v 2.885839 2.726791 -2.114988
v 2.885839 2.673869 -2.114988
v 4.841694 2.878388 -0.742270
v 4.841694 2.595861 -0.742270
v 3.004699 2.083508 0.649486
v 3.004699 1.800981 0.649486
v 1.891210 1.193660 -2.705561
v 1.891210 0.911133 -2.705561
v 4.682040 2.546536 -1.999248
v 4.682040 2.264009 -1.999248
v 3.440269 0.896555 -2.260558
v 3.440269 0.679755 -2.260558
v -0.819311 1.886909 -0.973713
v -0.210076 1.866461 -2.448731
v -0.629475 2.167543 -1.100414
v -0.288400 1.967243 -2.448731
v -1.414500 2.878388 -4.202225
v -1.414500 2.878388 -4.202225
v 0.703785 2.093289 -4.451997
v 0.703785 2.093289 -4.451997
v -1.414500 2.595861 -4.202225
v -1.414500 2.595861 -4.202225
v 0.871416 1.810762 -4.451997
v 0.871416 1.810762 -4.451997
v -1.678222 1.820001 -2.356070
v -1.880132 1.337649 -2.296438
v -0.589717 1.814831 -4.475643
v -0.589717 1.532304 -4.475643
v 1.586145 3.487701 -3.073663
v 1.799094 3.264731 -3.117697
v 0.317092 0.905128 -2.763719
v 0.264186 0.858961 -2.764970
v 1.146474 2.711757 -1.872599
v 1.312379 2.396672 -1.872599
v 0.376680 2.305484 -1.497509
v 0.498795 2.097550 -1.497509
v 1.301300 1.796144 -1.715645
v 1.301300 1.446831 -1.715645
v -2.038372 1.992943 -3.485470
v -2.140127 1.649612 -3.464123
v 0.631116 2.702979 -1.707505
v 0.775125 2.441470 -1.707505
v 1.213481 3.176995 -2.175374
v 1.365968 2.853770 -2.175374
v 1.550548 3.228357 -2.596589
v 1.692973 2.899027 -2.596589
v -0.150570 1.654719 -4.375051
v -0.108662 1.372192 -4.375051
v 0.084760 2.203255 -4.150579
v 0.158098 1.920728 -4.150579
v 2.665740 1.045107 -2.820097
v 2.665740 0.795444 -2.820097
v 3.053005 1.097077 -2.540328
v 3.053005 0.863845 -2.540328
v 3.885375 1.921085 0.313010
v 3.885375 1.573227 0.313010
v 3.443378 2.149695 0.520945
v 3.443378 1.834502 0.520945
v 4.107254 2.256522 -0.005666
v 4.107254 1.875998 -0.005666
v 1.395789 2.128929 -1.144989
v 1.395789 1.746222 -1.144989
v 1.652864 2.344554 -0.401644
v 1.652864 1.961847 -0.401644
v 3.306057 2.598023 -2.482260
v 3.306057 2.430299 -2.482260
v 1.362167 2.746915 -3.861576
v 1.502102 2.431829 -3.861576
vt -0.5000 0.0000
vt -0.3750 1.0000
vt -0.5000 1.0000
vt -0.3750 0.0000
vt 0.0000 1.0000
vt 0.0000 0.0000
vt 0.5000 1.0000
vt 0.5000 0.0000
vt 0.6250 1.0000
vt 0.6250 0.0000
vt 0.7500 1.0000
vt 0.7500 0.0000
vt 0.8750 1.0000
vt 0.8750 0.0000
vt 2.0000 1.0000
vt 1.7500 0.0000
vt 2.0000 0.0000
vt 1.7500 1.0000
vt 1.5000 0.0000
vt 1.5000 1.0000
vt 1.0000 0.0000
vt 1.0000 1.0000
vt -0.7500 0.0000
vt -0.6250 1.0000
vt -0.7500 1.0000
vt -0.6250 0.0000
vt -0.6250 0.0000
vt -0.5625 1.0000
vt -0.6250 1.0000
vt -0.5625 0.0000
vt 0.5000 1.0000
vt 0.2500 0.0000
vt 0.5000 0.0000
vt 0.2500 1.0000
vt 0.0000 0.0000
vt 0.0000 1.0000
vt -0.5000 1.0000
vt -0.5000 0.0000
vt -0.2500 1.0000
vt -0.2500 0.0000
vt -1.0000 0.0000
vt -0.8750 1.0000
vt -1.0000 1.0000
vt -0.8750 0.0000
vt -0.8594 1.0000
vt -0.8594 0.0000
vt -0.8438 1.0000
vt -0.8438 0.0000
vt -0.8125 1.0000
vt -0.8125 0.0000
vt -0.7500 1.0000
vt -0.7500 0.0000
vt -0.5000 1.0000
vt -0.5000 0.0000
vt -0.3750 1.0000
vt -0.3750 0.0000
vt 0.0000 0.0000
vt 0.0000 1.0000
vt 1.0000 2.0000
vt 0.7500 3.0000
vt 1.0000 3.0000
vt 0.7500 2.0000
vt 1.0000 2.0000
vt 0.7188 3.0000
vt 1.0000 3.0000
vt 0.7188 2.0000
vt 0.6250 3.0000
vt 0.6250 2.0000
vt -1.0000 0.0000
vt -0.7500 1.0000
vt -1.0000 1.0000
vt -0.7500 0.0000
vt 1.0000 0.0000
vt 1.1250 1.0000
vt 1.0000 1.0000
vt 1.1250 0.0000
vt 1.1875 1.0000
vt 1.1875 0.0000
vt 1.2500 1.0000
vt 1.2500 0.0000
vt 1.3125 1.0000
vt 1.3125 0.0000
vt 1.3594 1.0000
vt 1.3594 0.0000
vt 0.5000 1.0000
vt 0.0000 0.0000
vt 0.5000 0.0000
vt 0.0000 1.0000
vt 1.5000 1.0000
vt 1.5000 0.0000
vt 1.7500 1.0000
vt 1.7500 0.0000
vt 0.5000 3.0000
vt 0.5000 2.0000
vt -0.5000 1.0000
vt -0.5000 0.0000
vt 2.0000 1.0000
vt 2.0000 0.0000
vt 0.0000 3.0000
vt 0.0000 2.0000
vt -1.0000 0.0000
vt -0.8750 1.0000
vt -1.0000 1.0000
vt -0.8750 0.0000
vt -0.8438 1.0000
vt -0.8438 0.0000
vt -0.8125 1.0000
vt -0.8125 0.0000
vt -0.7500 1.0000
vt -0.7500 0.0000
vt -0.6250 1.0000
vt -0.6250 0.0000
vt -0.5625 1.0000
vt -0.5625 0.0000
vt 0.5000 3.0000
vt 0.5000 2.0000
vn -0.3590 0.0000 0.9333
vn -0.7281 0.0000 0.6855
vn -0.5250 -0.0000 0.8511
vn 0.2812 0.0000 0.9597
vn 0.4257 0.0000 0.9049
vn 0.8207 0.0000 0.5714
vn 0.6733 0.0000 -0.7394
vn 0.9920 -0.0000 -0.1260
vn 0.7302 -0.0000 0.6832
vn 0.6753 0.0000 0.7375
vn -0.7959 0.4013 -0.4533
vn -0.8173 0.3538 -0.4548
vn 0.0872 -0.0000 -0.9962
vn 0.5276 0.4993 0.6872
vn 0.5812 0.3549 0.7323
vn 0.4986 0.3264 0.8030
vn 0.4682 0.3616 0.8063
vn -0.9560 0.2641 0.1280
vn -0.9732 0.1768 0.1469
vn -0.6664 -0.4968 0.5560
vn -0.8577 0.2357 0.4569
vn -0.3994 0.3901 0.8296
vn -0.0880 -0.3538 0.9312
vn 0.8367 -0.0000 0.5476
vn 0.8983 0.0000 -0.4394
vn -0.1626 0.0000 -0.9867
vn 0.9146 0.0000 -0.4043
vn -0.8077 -0.0000 -0.5895
vn -0.9776 -0.0000 0.2104
vn -0.9913 0.1250 0.0417
vn -0.0884 0.3445 0.9346
vn -0.0843 0.2033 0.9755
vn -0.2240 -0.0000 -0.9746
vn -0.4599 -0.2729 -0.8450
vn -0.4007 -0.1040 -0.9103
vn 0.5064 0.1315 -0.8522
vn 0.5402 0.0801 -0.8377
vn -0.7543 -0.0000 -0.6565
vn -0.8179 0.2091 -0.5360
vn -0.6255 -0.4861 0.6102
vn -0.6847 -0.4021 0.6079
vn 0.3851 0.2262 0.8947
vn 0.4009 0.2208 0.8891
vn 0.2984 0.1643 0.9402
vn 0.3021 0.1591 0.9399
vn 0.6539 0.3443 0.6737
vn 0.7048 0.3325 0.6267
vn 0.7146 0.3371 0.6129
vn 0.7324 0.3168 0.6027
vn 0.4976 -0.5875 0.6381
vn 0.7564 -0.2364 0.6099
vn 0.8829 0.3818 0.2734
vn 0.6690 0.5375 0.5134
vn 0.4638 0.5759 -0.6733
vn 0.7069 0.3140 -0.6338
vn 0.2352 0.0349 -0.9713
vn 0.2047 0.0000 -0.9788
vn -0.8991 0.2870 0.3306
vn -0.8663 0.3997 0.2997
vn -0.7147 0.6251 0.3137
vn -0.7584 0.3827 0.5275
vn 0.4870 0.2890 -0.8242
vn 0.5144 0.2285 -0.8265
vn -0.3147 0.0000 -0.9492
vn 0.9999 0.0000 0.0134
vn 0.5856 -0.0000 -0.8106
vn -0.1463 -0.0000 -0.9892
vn -0.8590 0.0000 -0.5119
vn -0.9866 0.0000 0.1634
vn -0.6581 0.0000 -0.7529
vn -0.9479 -0.0000 -0.3187
usemtl m9
s off
f 220/1/309 283/2/309 219/3/309
f 283/2/309 220/1/309 284/4/309
f 284/4/310 211/5/310 283/2/310
f 211/5/310 284/4/310 209/6/310
f 209/6/311 225/7/311 211/5/311
f 225/7/311 209/6/311 226/8/311
f 226/8/312 277/9/312 225/7/312
f 277/9/312 226/8/312 278/10/312
f 278/10/313 275/11/313 277/9/313
f 275/11/313 278/10/313 276/12/313
f 276/12/314 279/13/314 275/11/314
f 279/13/314 276/12/314 280/14/314
f 214/15/315 230/16/315 217/17/315
f 230/16/315 214/15/315 229/18/315
f 229/18/316 224/19/316 230/16/316
f 224/19/316 229/18/316 223/20/316
f 223/20/317 210/21/317 224/19/317
f 210/21/317 223/20/317 212/22/317
f 212/22/318 280/14/318 210/21/318
f 280/14/318 212/22/318 279/13/318
f 192/23/319 207/24/319 191/25/319
f 207/24/320 192/23/320 208/26/320
f 190/27/321 197/28/321 189/29/321
f 197/28/321 190/27/321 198/30/321
f 187/31/322 206/32/322 188/33/322
f 206/32/323 187/31/323 205/34/323
f 205/34/324 183/35/324 206/32/324
f 183/35/325 205/34/325 184/36/325
f 208/26/326 185/37/326 207/24/326
f 185/37/327 208/26/327 186/38/327
f 186/38/328 203/39/328 185/37/328
f 203/39/329 186/38/329 204/40/329
f 184/36/330 204/40/330 183/35/330
f 204/40/331 184/36/331 203/39/331
f 176/41/332 181/42/332 175/43/332
f 181/42/332 176/41/332 182/44/332
f 182/44/333 201/45/333 181/42/333
f 201/45/333 182/44/333 202/46/333
f 202/46/333 195/47/333 201/45/333
f 195/47/333 202/46/333 196/48/333
f 196/48/334 193/49/334 195/47/334
f 193/49/334 196/48/334 194/50/334
f 179/51/335 194/50/335 180/52/335
f 194/50/335 179/51/335 193/49/335
f 198/30/336 177/53/336 197/28/336
f 177/53/336 198/30/336 178/54/336
f 178/54/337 199/55/337 177/53/337
f 199/55/338 178/54/338 200/56/338
f 173/57/339 174/58/339 200/56/339
f 200/56/340 174/58/340 199/55/340
f 218/59/341 285/60/341 215/61/341
f 285/60/341 218/59/341 286/62/341
f 244/63/342 269/64/342 240/65/342
f 269/64/343 244/63/343 270/66/343
f 270/66/344 267/67/344 269/64/344
f 267/67/345 270/66/345 268/68/345
f 241/69/346 259/70/346 237/71/346
f 259/70/347 241/69/347 260/72/347
f 234/73/348 255/74/348 236/75/348
f 255/74/349 234/73/349 256/76/349
f 256/76/350 261/77/350 255/74/350
f 261/77/351 256/76/351 262/78/351
f 262/78/352 253/79/352 261/77/352
f 253/79/353 262/78/353 254/80/353
f 254/80/354 263/81/354 253/79/354
f 263/81/355 254/80/355 264/82/355
f 264/82/356 265/83/356 263/81/356
f 265/83/357 264/82/357 266/84/357
f 251/85/358 233/86/358 252/87/358
f 233/86/359 251/85/359 235/88/359
f 266/84/360 249/89/360 265/83/360
f 249/89/361 266/84/361 250/90/361
f 250/90/362 287/91/362 249/89/362
f 287/91/363 250/90/363 288/92/363
f 268/68/364 247/93/364 267/67/364
f 247/93/365 268/68/365 248/94/365
f 260/72/366 245/95/366 259/70/366
f 245/95/367 260/72/367 246/96/367
f 235/88/368 246/96/368 233/86/368
f 246/96/369 235/88/369 245/95/369
f 239/97/370 288/92/370 243/98/370
f 288/92/371 239/97/371 287/91/371
f 248/94/372 238/99/372 247/93/372
f 238/99/372 248/94/372 242/100/372
f 216/101/373 231/102/373 213/103/373
f 231/102/373 216/101/373 232/104/373
f 232/104/374 273/105/374 231/102/374
f 273/105/374 232/104/374 274/106/374
f 274/106/374 271/107/374 273/105/374
f 271/107/374 274/106/374 272/108/374
f 272/108/375 227/109/375 271/107/375
f 227/109/375 272/108/375 228/110/375
f 228/110/376 257/111/376 227/109/376
f 257/111/376 228/110/376 258/112/376
f 258/112/377 281/113/377 257/111/377
f 281/113/377 258/112/377 282/114/377
f 286/62/378 221/115/378 285/60/378
f 221/115/378 286/62/378 222/116/378
f 282/114/379 219/3/379 281/113/379
f 219/3/379 282/114/379 220/1/379
o n6b6
v -3.061865 0.551298 -0.862540
v -3.061865 0.551298 -0.862540
v -3.061865 0.551298 -0.862540
v -3.061865 0.551298 -0.862540
v -3.061865 0.551298 -0.862540
v -3.061865 0.551298 -0.862540
v -3.061865 0.551298 -0.862540
v -3.061865 0.551298 -0.862540
v -3.061865 0.551298 -0.862540
v -3.061865 0.551298 -0.862540
v -3.061865 0.551298 -0.862540
v -3.061865 0.551298 -0.862540
v -3.061865 0.551298 -0.862540
v -3.061865 0.551298 -0.862540
v -3.061865 0.551298 -0.862540
v -3.061865 0.551298 -0.862540
v -3.061865 0.551298 -0.862540
v -3.061865 0.551298 -0.862540
v -3.061865 0.551298 -0.862540
v -3.061865 0.551298 -0.862540
v -3.061865 0.551298 -0.862540
v -3.061865 0.551298 -0.862540
v -3.061865 0.551298 -0.862540
v -3.061865 0.551298 -0.862540
v -3.061865 0.551298 -0.862540
v -3.061865 0.551298 -0.862540
v -3.061865 0.551298 -0.862540
v -3.061865 0.551298 -0.862540
v -3.061865 0.551298 -0.862540
v -3.061865 0.551298 -0.862540
v -3.061865 0.551298 -0.862540
v -3.061865 0.551298 -0.862540
v -3.061865 0.551298 -0.862540
v -3.061865 0.551298 -0.862540
v -3.061865 0.551298 -0.862540
v -3.061865 0.551298 -0.862540
v -3.061865 0.551298 -0.862540
v -3.061865 0.551298 -0.862540
v -3.061865 0.551298 -0.862540
v -3.061865 0.551298 -0.862540
v -3.061865 0.551298 -0.862540
v -3.061865 0.551298 -0.862540
v -3.061865 0.551298 -0.862540
v -3.061865 0.551298 -0.862540
v -3.061865 0.551298 -0.862540
v -3.061865 0.551298 -0.862540
v -3.061865 0.551298 -0.862540
v -3.061865 0.551298 -0.862540
v -3.061865 0.551298 -0.862540
v -3.061865 0.551298 -0.862540
v -3.061865 0.551298 -0.862540
v -3.061865 0.551298 -0.862540
v -3.061865 0.551298 -0.862540
v -3.061865 0.551298 -0.862540
v -3.061865 0.551298 -0.862540
v -3.061865 0.551298 -0.862540
v -3.061865 0.551298 -0.862540
v -3.061865 0.551298 -0.862540
v -3.061865 0.551298 -0.862540
v -3.061865 0.551298 -0.862540
v -3.061865 0.551298 -0.862540
v -3.061865 0.551298 -0.862540
v -3.061865 0.551298 -0.862540
v -3.061865 0.551298 -0.862540
v -3.061865 0.551298 -0.862540
v -3.061865 0.551298 -0.862540
v -3.579742 0.363787 -0.938075
v -3.018700 0.612129 -1.611056
v -3.053446 0.997246 -1.139117
v -3.514610 0.734367 -0.928575
v -3.402618 0.779470 -1.190046
v -3.211598 0.888358 -1.277255
v -3.202539 1.362657 -1.280333
v -3.124357 1.364639 -0.888305
v -4.143566 1.424580 -1.020312
v -3.910811 1.426562 -1.373676
v -3.533650 1.387603 -1.481380
v -2.704831 1.801708 -1.532401
v -2.653993 1.603154 -0.785063
v -3.254096 2.097894 -1.916284
v -2.482413 1.989864 -1.581688
v -2.351437 1.782780 -0.762794
v -3.053624 2.456614 -1.992413
v -2.132791 2.419601 -1.448112
v -2.045977 2.178392 -0.714367
v -2.759237 2.780196 -1.866129
v -2.034119 2.797814 -1.128955
v -1.984558 2.667507 -0.705409
v -2.321408 3.170643 -1.343301
v -2.094882 3.030619 -0.937002
v -2.069227 2.963167 -0.717758
v -2.267097 3.251702 -1.051384
v -3.059187 0.546912 -0.862149
v -2.278264 3.279350 -0.748247
v -3.038444 1.600357 -1.464334
v -2.995978 1.496110 -0.840856
v -3.466113 1.790566 -1.784336
v -2.892426 0.856532 -1.525104
v -3.545701 0.510307 -0.933110
v -3.379789 0.573332 -1.363076
v -3.069784 0.717213 -1.487657
v -3.177052 1.189771 -1.107880
v -3.643349 0.896035 -0.947353
v -3.527679 0.971088 -1.159021
v -3.338718 1.080429 -1.227019
v -3.458702 0.299611 -0.920421
v -3.261447 0.384666 -1.317940
v -2.963455 0.550207 -1.502531
v -3.636721 0.243247 -1.404283
v -3.632536 0.343805 -1.438196
v -3.284056 0.412133 -1.926166
v -3.352748 0.478087 -1.848913
v -3.535793 0.196856 -1.545467
v -3.342478 0.287571 -1.852437
v -2.536964 0.891812 -1.787643
v -2.569571 0.906734 -1.327023
v -2.726292 0.943241 -1.249268
v -2.643523 0.939282 -1.761739
v -2.796288 0.712185 -2.026301
v -2.826391 0.811960 -1.937385
v -2.542154 0.783059 -1.776865
v -2.597230 0.795595 -1.258525
v -2.726423 0.656050 -1.939388
v -3.530160 0.272657 -1.804694
v -3.537059 0.357276 -1.763248
v -3.558298 0.340908 -1.093752
v -3.559369 0.449535 -1.182309
v -3.110043 0.568422 -1.612820
v -3.191389 0.647832 -1.479006
v -3.466081 0.273267 -1.165582
v -3.084794 0.478346 -1.477373
v -2.354199 1.073966 -0.759323
v -3.020805 1.042349 -0.856551
v -2.474711 1.113244 -0.776900
v -3.106081 1.231124 -0.868989
v -2.412197 0.952306 -0.767782
v -2.617046 0.822251 -2.019528
v -2.690746 0.880533 -1.944718
v -2.761233 0.669777 -1.546615
v -2.398758 1.018212 -1.079752
v -2.531126 1.056581 -1.026243
v -2.430623 0.919337 -1.011584
v -2.779739 1.010658 -0.821390
v -2.735089 0.748622 -0.814878
v -3.234300 0.612129 -0.132878
v -3.132796 0.997246 -0.595081
v -3.481969 0.779470 -0.646009
v -3.323817 0.888358 -0.507871
v -3.311259 1.362657 -0.534941
v -4.065384 1.426562 -0.628284
v -3.641549 1.387603 -0.427237
v -2.911997 1.801708 -0.112050
v -2.266187 0.670730 -2.136203
v -3.547073 2.097894 0.092396
v -2.368404 0.670730 -2.102991
v -2.710861 1.989864 -0.015427
v -2.368404 0.670730 -1.995513
v -3.376697 2.456614 0.222615
v -2.266187 0.670730 -1.962301
v -2.376570 2.359498 -0.041503
v -2.203013 0.670730 -2.049252
v -3.058504 2.780196 0.185679
v -2.248727 0.748501 -2.189941
v -2.153033 2.797814 -0.313665
v -2.414117 0.748501 -2.136203
v -2.489579 3.170643 -0.190307
v -2.414117 0.748501 -1.962301
v -2.156437 3.030619 -0.514977
v -2.248727 0.748501 -1.908563
v -2.354149 3.251702 -0.454550
v -2.146509 0.748501 -2.049252
v -3.211313 1.600357 -0.279128
v -2.248727 0.844632 -2.189941
v -3.710587 1.790566 -0.108201
v -2.414117 0.844632 -2.136203
v -3.088736 0.856532 -0.179182
v -2.414117 0.844632 -1.962301
v -3.509514 0.573332 -0.473667
v -2.248727 0.844632 -1.908563
v -3.248009 0.717213 -0.265727
v -2.146509 0.844632 -2.049252
v -3.242330 1.189771 -0.660322
v -2.266187 0.922403 -2.136203
v -3.592958 0.971088 -0.711463
v -2.368404 0.922403 -2.102991
v -3.431292 1.080429 -0.592325
v -2.368404 0.922403 -1.995513
v -3.383210 0.384666 -0.483119
v -2.266187 0.922403 -1.962301
v -3.150358 0.550207 -0.221102
v -2.203013 0.922403 -2.049252
v -3.767513 0.243247 -0.507565
v -2.294439 0.641024 -2.049252
v -3.773189 0.343805 -0.473870
v -2.294439 0.952109 -2.049252
v -3.578607 0.412133 0.093309
v -2.871415 0.408297 -2.106472
v -3.622371 0.478087 -0.000347
v -2.938681 0.408297 -2.084616
v -3.711116 0.196856 -0.343434
v -2.938681 0.408297 -2.013888
v -3.613536 0.287571 0.005964
v -2.871415 0.408297 -1.992032
v -2.823073 0.891812 0.173952
v -2.829842 0.408297 -2.049252
v -2.722753 0.906734 -0.276792
v -2.859924 0.459476 -2.141836
v -2.850735 0.943241 -0.396072
v -2.968763 0.459476 -2.106472
v -2.917794 0.939282 0.118690
v -2.968763 0.459476 -1.992032
v -3.139763 0.712185 0.328595
v -2.859924 0.459476 -1.956668
v -3.143214 0.811960 0.234785
v -2.792658 0.459476 -2.049252
v -2.824969 0.783059 0.162141
v -2.859924 0.522737 -2.141836
v -2.729694 0.795595 -0.350336
v -2.968763 0.522737 -2.106472
v -3.047983 0.656050 0.265259
v -2.968763 0.522737 -1.992032
v -3.779763 0.272657 -0.093398
v -2.859924 0.522737 -1.956668
v -3.774535 0.357276 -0.135089
v -2.792658 0.522737 -2.049252
v -3.603658 0.340908 -0.782759
v -2.871415 0.573916 -2.106472
v -3.629979 0.449535 -0.698197
v -2.938681 0.573916 -2.084616
v -3.322341 0.568422 -0.157279
v -2.938681 0.573916 -2.013888
v -3.362076 0.647832 -0.308753
v -2.871415 0.573916 -1.992032
v -3.535800 0.273267 -0.687581
v -2.829842 0.573916 -2.049252
v -3.259457 0.478346 -0.279871
v -2.890007 0.388748 -2.049252
v -2.966053 0.822251 0.373302
v -2.890007 0.593464 -2.049252
v -3.015315 0.880533 0.280558
v -2.429200 0.937639 -0.064120
v -2.969153 0.669777 -0.121093
v -2.539897 0.937639 -0.028152
v -2.488427 1.018212 -0.464971
v -2.539897 0.937639 0.088242
v -2.599997 1.056581 -0.554059
v -2.429200 0.937639 0.124209
v -2.499494 0.919337 -0.539400
v -2.360785 0.937639 0.030044
v -3.912121 2.456581 -1.711838
v -2.410290 1.021862 -0.122317
v -4.270495 2.605154 -1.038825
v -2.589402 1.021862 -0.064120
v -3.724013 3.108380 -1.758909
v -2.589402 1.021862 0.124209
v -4.083437 3.315465 -1.011542
v -2.410290 1.021862 0.182406
v -3.189403 3.405260 -1.468748
v -2.299593 1.021862 0.030044
v -3.413640 3.677597 -0.913848
v -2.410290 1.125968 -0.122317
v -2.657954 3.543472 -1.219944
v -2.589402 1.125968 -0.064120
v -2.826429 3.673778 -0.828200
v -2.589402 1.125968 0.124209
v -2.464809 3.472786 -0.990958
v -2.410290 1.125968 0.182406
v -2.552019 3.540238 -0.788176
v -2.299593 1.125968 0.030044
v -4.060518 1.936414 -1.613409
v -2.429200 1.210192 -0.064120
v -4.358631 1.996827 -1.051680
v -2.539897 1.210192 -0.028152
v -4.119287 2.456581 -0.291487
v -2.539897 1.210192 0.088242
v -3.952460 3.108380 -0.192647
v -2.429200 1.210192 0.124209
v -3.357243 3.405260 -0.318017
v -2.360785 1.210192 0.030044
v -2.776869 3.543472 -0.404654
v -2.459796 0.905468 0.030044
v -2.526364 3.472786 -0.568932
v -2.459796 1.242362 0.030044
v -4.233387 1.936414 -0.428203
v -2.871415 0.408297 0.327601
v -3.546569 3.850764 -0.933237
v -2.938681 0.408297 0.349457
v -3.275516 3.517959 -1.647973
v -2.938681 0.408297 0.420185
v -3.490961 3.517959 -0.170855
v -2.871415 0.408297 0.442041
v -3.166440 3.489731 -1.477765
v -2.829842 0.408297 0.384821
v -3.351054 3.760179 -0.904720
v -2.859924 0.459476 0.292237
v -3.337813 3.489731 -0.302817
v -2.968763 0.459476 0.327601
v -2.983841 3.108900 -1.691637
v -2.968763 0.459476 0.442041
v -3.223910 3.108900 -0.045698
v -2.859924 0.459476 0.477405
v -3.331060 3.604154 -1.236602
v -2.792658 0.459476 0.384821
v -3.426690 3.604154 -0.580953
v -2.859924 0.522737 0.292237
v -3.437441 3.760573 -1.347078
v -2.968763 0.522737 0.327601
v -3.556750 3.764070 -0.504963
v -2.968763 0.522737 0.442041
v -3.279899 3.696069 -1.236185
v -2.859924 0.522737 0.477405
v -3.377541 3.696069 -0.566739
v -2.792658 0.522737 0.384821
v -2.486962 2.996359 -1.638452
v -2.871415 0.573916 0.327601
v -2.053596 2.535263 -1.310097
v -2.938681 0.573916 0.349457
v -2.732541 2.996359 0.045258
v -2.938681 0.573916 0.420185
v -2.245064 2.506639 -0.148786
v -2.871415 0.573916 0.442041
v -2.861999 3.558105 -1.378288
v -2.829842 0.573916 0.384821
v -3.017641 3.558105 -0.311190
v -2.890007 0.388748 0.384821
v -2.890007 0.593464 0.384821
v -3.061865 0.551298 -0.862540
v -3.061865 0.551298 -0.862540
v -3.061865 0.551298 -0.862540
v -3.061865 0.551298 -0.862540
v -3.061865 0.551298 -0.862540
v -3.061865 0.551298 -0.862540
v -3.061865 0.551298 -0.862540
v -3.061865 0.551298 -0.862540
v -3.061865 0.551298 -0.862540
v -3.061865 0.551298 -0.862540
v -3.061865 0.551298 -0.862540
v -3.061865 0.551298 -0.862540
v -3.061865 0.551298 -0.862540
v -3.061865 0.551298 -0.862540
v -3.061865 0.551298 -0.862540
v -3.061865 0.551298 -0.862540
vn 0.8100 0.5836 -0.0568
vn 0.0556 0.3187 -0.9462
vn 0.5073 -0.1290 -0.8521
vn 0.3263 -0.3672 -0.8710
vn 0.2729 -0.5325 -0.8013
vn 0.2730 -0.5323 -0.8013
vn 0.2469 -0.6516 -0.7173
vn 0.2859 -0.6060 -0.7423
vn 0.3262 -0.7091 -0.6252
vn 0.3684 -0.6288 -0.6848
vn 0.9795 -0.0502 -0.1951
vn 0.9507 0.0871 -0.2975
vn 0.8040 0.1915 0.5629
vn 0.6467 0.5478 0.5308
vn 0.1783 0.4053 0.8966
vn -0.3474 0.8765 0.3333
vn -0.6999 0.4614 0.5452
vn -0.6568 0.7541 -0.0052
vn -0.9747 0.1343 0.1787
vn -0.5304 0.5709 0.6267
vn -0.5234 0.5681 0.6350
vn 0.1956 0.8738 0.4452
vn 0.8226 -0.0756 0.5636
vn 0.9756 -0.0404 0.2158
vn 0.9684 -0.1768 0.1757
vn 0.6999 -0.4240 0.5747
vn 0.5220 -0.8492 0.0798
vn 0.5238 -0.8483 0.0778
vn 0.5242 -0.8483 0.0751
vn 0.9457 -0.3239 -0.0277
vn 0.8047 -0.4902 -0.3349
vn 0.0063 0.9100 -0.4146
vn 0.2193 0.9755 -0.0161
vn 0.4184 0.9062 0.0606
vn 0.3047 0.8812 -0.3615
vn -0.4495 0.8778 -0.1658
vn -0.4520 0.8762 -0.1671
vn -0.6309 0.7541 -0.1826
vn -0.8831 0.1343 -0.4496
vn -0.8869 0.0988 -0.4513
vn -0.2700 -0.8931 -0.3598
vn -0.2773 -0.8884 -0.3657
vn 0.5197 -0.8510 0.0758
vn 0.5194 -0.8514 0.0733
vn 0.5214 -0.8500 0.0744
vn 0.5195 -0.8515 0.0713
vn 0.5231 -0.8492 0.0726
vn 0.0000 0.0000 1.0000
vn 0.8127 0.5821 -0.0245
vn 0.8152 0.5786 -0.0278
vn -0.3828 0.6076 -0.6959
vn -0.6531 0.5882 -0.4770
vn -0.8561 0.2131 -0.4708
vn -0.8343 0.2388 -0.4970
vn -0.8581 0.1520 -0.4905
vn -0.8690 0.1360 -0.4758
vn -0.8184 -0.4231 -0.3888
vn -0.7889 -0.3251 -0.5215
vn -0.6300 -0.6541 -0.4187
vn -0.7284 -0.6688 0.1486
vn -0.6156 -0.7034 0.3553
vn -0.3005 -0.4638 0.8334
vn -0.5703 -0.0502 0.8199
vn -0.6470 -0.0270 0.7620
vn -0.7394 0.4952 0.4561
vn -0.5709 0.5755 0.5855
vn -0.5763 0.6110 0.5427
vn -0.9789 0.0988 0.1791
vn -0.3615 -0.8931 0.2677
vn 0.1761 -0.5961 0.7834
vn 0.5915 -0.6237 0.5110
vn -0.9687 0.1360 0.2078
vn -0.9624 0.1520 0.2249
vn -0.5398 -0.1012 0.8357
vn -0.6202 -0.1699 0.7658
vn 0.0117 -0.5509 0.8345
vn 0.0477 -0.4962 0.8669
vn 0.4894 -0.7509 0.4434
vn 0.6676 -0.5700 0.4790
vn 0.6647 -0.5721 0.4806
vn 0.7969 -0.3567 0.4875
vn 0.9120 -0.1217 0.3917
vn 0.9104 -0.0556 0.4100
vn 0.9132 0.2741 0.3016
vn 0.8152 0.5549 0.1660
vn 0.7546 0.6059 0.2520
vn 0.6998 0.6714 0.2440
vn 0.5473 0.6793 0.4889
vn 0.5228 0.6904 0.5001
vn 0.3110 0.6423 0.7005
vn 0.1634 0.9482 0.2726
vn 0.1683 0.9469 0.2741
vn 0.1317 0.9720 0.1947
vn -0.5150 0.4614 -0.7224
vn -0.3799 0.5755 -0.7242
vn -0.3973 0.6110 -0.6847
vn -0.3283 0.7112 -0.6216
vn 0.3567 -0.7216 -0.5933
vn 0.3308 -0.7562 -0.5646
vn 0.5181 -0.8521 0.0734
vn 0.5170 -0.8527 0.0741
vn -0.4779 -0.8717 0.1081
vn -0.5693 -0.8210 0.0422
vn -0.9593 0.2285 -0.1657
vn -0.9984 0.0290 0.0477
vn -0.6562 0.7406 -0.1446
vn -0.6461 0.7528 -0.1263
vn -0.6382 0.7539 -0.1562
vn -0.9573 -0.0558 -0.2835
vn -0.9662 0.0455 -0.2538
vn -0.6500 -0.7255 -0.2263
vn 0.0049 -0.9598 -0.2806
vn -0.1152 -0.9280 -0.3544
vn -0.3727 -0.9280 0.0000
vn -0.1152 -0.9280 0.3544
vn -0.2664 -0.5067 0.8199
vn 0.6975 -0.5067 0.5067
vn 0.8090 -0.0000 0.5878
vn 0.8090 0.0000 -0.5878
vn 0.6975 0.5067 -0.5067
vn -0.2664 0.5067 -0.8199
vn -0.1152 0.9280 -0.3544
vn -0.3727 0.9280 0.0000
vn -0.1152 0.9280 0.3544
vn -0.2664 0.5067 0.8199
vn -0.3090 -0.0000 0.9511
vn 0.3015 0.9280 0.2191
vn -0.8621 0.5067 -0.0000
vn -0.3090 0.0000 -0.9511
vn 0.6975 -0.5067 -0.5067
vn 0.3015 -0.9280 0.2191
vn -0.8621 -0.5067 -0.0000
vn -1.0000 0.0000 0.0000
vn 0.3015 -0.9280 -0.2191
vn -0.2664 -0.5067 -0.8199
vn 0.6975 0.5067 0.5067
vn 0.3015 0.9280 -0.2191
vn -0.7506 0.4800 0.4542
vn -0.4988 0.8650 0.0551
vn -0.6259 0.7798 0.0077
vn -0.7567 0.3129 0.5740
vn -0.7547 0.3269 0.5689
vn -0.4337 -0.4326 0.7904
vn -0.0754 -0.9598 0.2703
vn -0.4272 -0.8717 -0.2401
vn -0.9231 -0.3367 0.1858
vn -0.9201 -0.3620 0.1498
vn -0.4165 -0.4477 0.7912
vn -0.5372 -0.5782 0.6141
vn 0.0343 -0.6168 0.7864
vn 0.0127 -0.6497 0.7601
vn 0.3559 -0.8505 0.3873
vn 0.4443 -0.7986 0.4059
vn 0.5076 -0.8235 -0.2533
vn 0.5813 -0.7619 -0.2856
vn 0.1818 0.9720 -0.1490
vn 0.2396 0.9469 -0.2146
vn 0.2345 0.9482 -0.2145
vn 0.5093 0.6176 -0.5993
vn 0.4624 0.6254 -0.6286
vn 0.7534 0.2866 -0.5918
vn 0.7917 0.3061 -0.5287
vn 0.9934 0.0054 -0.1146
vn 0.9613 0.2741 -0.0282
vn -0.4809 0.8762 0.0311
vn -0.4781 0.8778 0.0305
vn 0.1887 0.8812 0.4335
vn 0.4183 0.9062 0.0615
vn 0.2055 0.9755 0.0780
vn -0.1124 0.9100 0.3991
vn 0.6755 -0.4902 0.5508
vn 0.8984 -0.3239 0.2967
vn 0.4604 -0.8497 -0.2571
vn 0.3202 -0.9306 -0.1774
vn 0.2478 -0.9311 0.2678
vn 0.6434 -0.6697 0.3709
vn 0.1519 -0.7530 0.6403
vn 0.2319 -0.5088 0.8291
vn 0.4257 -0.1847 0.8858
vn 0.0715 0.4347 0.8977
vn -0.9415 0.2388 0.2380
vn -0.9549 0.2131 0.2066
vn -0.5508 0.0144 0.8345
vn -0.5929 -0.0107 0.8052
vn 0.0716 -0.3702 0.9262
vn 0.2484 -0.1348 0.9592
vn 0.2326 -0.1425 0.9621
vn 0.4373 0.2409 0.8665
vn -0.3717 0.9259 -0.0672
vn 0.0465 0.9446 -0.3249
vn -0.2377 0.8765 -0.4187
vn 0.4270 0.4053 -0.8083
vn 0.3249 0.4347 -0.8399
vn 0.6606 -0.1836 -0.7279
vn -0.2605 -0.7085 -0.6559
vn -0.2866 -0.4753 -0.8318
vn -0.3754 0.9259 -0.0418
vn -0.0482 0.9446 0.3247
vn 0.0701 0.9834 0.1676
vn 0.0973 0.9729 0.2095
vn 0.1531 0.9729 -0.1730
vn 0.9025 0.3967 -0.1676
vn 0.7713 0.5478 -0.3240
vn 0.6714 0.7267 0.1450
vn 0.6849 0.7267 0.0528
vn 0.7403 0.6714 -0.0340
vn 0.6642 0.6793 -0.3122
vn 0.8220 0.4907 -0.2892
vn 0.8312 0.4665 -0.3026
vn -0.3293 0.5709 -0.7521
vn -0.3202 0.5681 -0.7581
vn 0.3146 0.8738 -0.3708
vn 0.9493 -0.0755 -0.3052
vn 0.9966 -0.0404 0.0719
vn 0.9783 -0.1768 0.1082
vn 0.8349 -0.4240 -0.3508
vn 0.1150 0.9834 -0.1406
vn -0.3251 0.9271 -0.1867
vn -0.2959 0.9438 -0.1475
vn 0.3342 0.8999 -0.2801
vn 0.2402 0.8999 0.3639
vn 0.1356 0.9603 0.2437
vn -0.0879 0.8702 0.4848
vn -0.9830 0.1759 0.0533
vn -0.6701 0.7406 -0.0488
vn -0.9432 0.0290 -0.3309
vn -0.8720 0.1511 -0.4656
vn 0.0733 -0.9528 -0.2945
vn -0.6875 -0.7255 0.0312
vn 0.5167 -0.8527 0.0767
vn 0.5175 -0.8521 0.0777
vn 0.5187 -0.8514 0.0781
vn 0.1558 -0.7562 0.6355
vn 0.1724 -0.7216 0.6705
vn -0.4922 0.7112 0.5020
vn 0.8221 0.5691 0.0141
vn 0.8013 0.5942 0.0698
vn 0.7870 0.6124 0.0741
vn 0.7774 0.6127 0.1425
vn -0.7096 0.6936 0.1235
vn -0.7617 0.5886 0.2707
vn -0.9865 0.1350 0.0924
vn -0.9190 0.1350 -0.3703
vn -0.7908 -0.4488 -0.4161
vn -0.3123 -0.0502 -0.9487
vn -0.0519 -0.4611 -0.8858
vn 0.8015 0.5765 0.1586
vn 0.8049 0.5558 0.2079
vn 0.7760 0.5710 0.2678
vn 0.7719 0.5821 0.2556
vn 0.7601 0.5836 0.2858
vn 0.6859 -0.5368 0.4913
vn 0.7532 -0.2826 0.5940
vn 0.0447 0.8265 0.5612
vn -0.0209 0.8832 0.4685
vn -0.5607 0.3269 -0.7607
vn -0.5612 0.3129 -0.7662
vn -0.5977 0.7798 -0.1861
vn -0.4622 0.8650 -0.1953
vn 0.9887 -0.1226 -0.0861
vn 0.9079 -0.3544 -0.2239
vn 0.7765 -0.5656 -0.2778
vn 0.7865 -0.5570 -0.2667
vn -0.1478 0.7682 0.6229
vn -0.0849 0.5028 0.8602
vn -0.0272 0.5537 0.8322
vn -0.0222 0.5680 0.8228
vn 0.5183 -0.8515 0.0801
vn 0.5210 -0.8500 0.0776
vn 0.7510 -0.6410 -0.1583
vn 0.7334 -0.6646 -0.1429
vn 0.6166 -0.7184 0.3221
vn 0.8839 0.0133 0.4676
vn 0.2116 0.5537 -0.8053
vn 0.2137 0.5680 -0.7948
vn 0.6256 0.0329 -0.7794
vn 0.6515 0.3543 -0.6708
vn 0.6438 0.6904 -0.3300
vn 0.4474 0.8884 -0.1031
vn 0.3993 0.8884 0.2266
vn -0.9984 0.0455 -0.0328
vn -0.9984 -0.0558 -0.0017
vn -0.6562 0.7539 -0.0326
vn -0.6552 0.7528 -0.0635
vn -0.9666 0.1171 0.2280
vn -0.9687 0.1511 0.1971
vn -0.0139 -0.9528 0.3032
vn 0.7051 0.4907 0.5119
vn 0.7101 0.4665 0.5274
vn 0.5725 0.2595 0.7778
vn 0.2792 0.6115 0.7404
vn 0.5703 0.2588 0.7796
vn 0.3854 0.0181 0.9226
vn -0.1898 -0.4326 -0.8814
vn 0.7976 -0.5368 -0.2749
vn 0.8915 -0.2826 -0.3541
vn -0.9268 0.1759 -0.3318
vn -0.5896 0.4800 -0.6496
vn -0.5783 0.4952 -0.6483
vn -0.1152 -0.9280 -0.3545
vn -0.4358 -0.8635 0.2537
vn -0.3517 -0.5242 -0.7756
vn -0.2966 -0.0952 -0.9502
vn -0.3642 -0.1438 -0.9201
vn -0.2895 0.0144 -0.9571
vn -0.3382 -0.0107 -0.9410
vn -0.0392 0.3010 -0.9528
vn 0.3925 -0.5961 -0.7005
vn 0.7128 -0.6237 -0.3207
vn 0.0363 0.7682 -0.6391
vn 0.1644 0.5028 -0.8486
vn -0.5652 0.6071 0.5585
vn -0.3097 0.3010 0.9019
vn -0.3648 0.9271 0.0861
vn -0.3257 0.9438 0.0569
vn 0.0543 0.8702 -0.4897
vn 0.1996 0.9603 -0.1948
vn 0.9029 -0.4269 -0.0513
vn 0.8506 -0.4269 0.3070
vn 0.7951 0.6059 -0.0260
vn 0.8286 0.5549 0.0738
vn -0.9667 0.2285 -0.1152
vn -0.5335 -0.8210 -0.2031
vn 0.2031 0.8265 -0.5250
vn 0.1138 0.8832 -0.4549
vn -0.8768 -0.4488 0.1729
vn -0.7546 -0.5614 0.3398
vn -0.5151 -0.6795 -0.5224
vn -0.6261 -0.5614 -0.5412
vn -0.3452 -0.8635 -0.3676
vn -0.8612 0.1171 -0.4946
vn -0.6448 0.6936 -0.3212
vn -0.2170 0.3187 0.9227
vn 0.4947 -0.1357 -0.8584
vn -0.3703 -0.8884 0.2713
vn -0.4024 -0.0270 -0.9151
vn -0.3804 -0.6262 0.6806
vn 0.8171 0.3967 0.4184
usemtl None
s off
f 374//380 576//380 586//380
f 576//381 374//381 371//381
f 369//382 371//382 374//382
f 371//383 369//383 368//383
f 366//384 368//384 369//384
f 368//385 366//385 385//385
f 383//386 385//386 366//386
f 385//387 383//387 365//387
f 361//388 365//388 383//388
f 365//389 361//389 390//389
f 362//390 390//390 361//390
f 390//391 362//391 423//391
f 470//392 423//392 362//392
f 423//393 470//393 434//393
f 436//394 434//394 470//394
f 434//395 436//395 464//395
f 468//396 464//396 436//396
f 464//397 468//397 502//397
f 500//398 502//398 468//398
f 502//399 500//399 528//399
f 526//400 528//400 500//400
f 528//401 526//401 492//401
f 504//402 492//402 526//402
f 492//403 504//403 494//403
f 506//404 494//404 504//404
f 494//405 506//405 536//405
f 432//406 536//406 506//406
f 536//407 432//407 424//407
f 430//408 424//408 432//408
f 424//409 430//409 428//409
f 404//410 428//410 430//410
f 428//411 404//411 405//411
f 403//412 405//412 404//412
f 405//413 403//413 406//413
f 426//414 406//414 403//414
f 406//415 426//415 386//415
f 408//416 386//416 426//416
f 386//417 408//417 389//417
f 407//418 389//418 408//418
f 389//419 407//419 356//419
f 411//420 356//420 407//420
f 356//421 411//421 396//421
f 427//422 396//422 411//422
f 396//423 427//423 381//423
f 410//424 381//424 427//424
f 381//425 410//425 432//425
f 430//426 432//426 410//426
f 626//427 625//427 307//427
f 625//427 626//427 298//427
f 299//427 298//427 626//427
f 298//427 299//427 297//427
f 311//427 297//427 299//427
f 297//427 311//427 291//427
f 312//427 291//427 311//427
f 291//427 312//427 294//427
f 621//427 294//427 312//427
f 294//427 621//427 293//427
f 617//427 293//427 621//427
f 293//427 617//427 316//427
f 309//427 316//427 617//427
f 316//427 309//427 318//427
f 354//427 318//427 309//427
f 318//427 354//427 320//427
f 319//427 320//427 354//427
f 320//427 319//427 345//427
f 322//427 345//427 319//427
f 345//427 322//427 328//427
f 341//427 328//427 322//427
f 328//427 341//427 327//427
f 340//427 327//427 341//427
f 327//427 340//427 330//427
f 329//427 330//427 340//427
f 330//427 329//427 346//427
f 342//427 346//427 329//427
f 346//427 342//427 615//427
f 622//427 615//427 342//427
f 615//427 622//427 302//427
f 303//427 302//427 622//427
f 302//427 303//427 627//427
f 628//427 627//427 303//427
f 627//427 628//427 301//427
f 623//427 301//427 628//427
f 301//427 623//427 630//427
f 305//427 630//427 623//427
f 630//427 305//427 304//427
f 616//427 304//427 305//427
f 304//427 616//427 626//427
f 299//427 626//427 616//427
f 576//428 546//428 586//428
f 546//429 576//429 594//429
f 542//430 594//430 576//430
f 594//431 542//431 544//431
f 538//432 544//432 542//432
f 544//433 538//433 540//433
f 558//434 540//434 538//434
f 540//435 558//435 560//435
f 364//436 560//436 558//436
f 560//437 364//437 363//437
f 391//438 363//438 364//438
f 363//439 391//439 438//439
f 472//440 438//440 391//440
f 438//441 472//441 474//441
f 435//442 474//442 472//442
f 474//443 435//443 436//443
f 520//444 436//444 435//444
f 436//445 520//445 468//445
f 433//446 468//446 520//446
f 468//447 433//447 500//447
f 508//448 500//448 433//448
f 500//449 508//449 526//449
f 504//450 526//450 508//450
f 572//451 540//451 560//451
f 540//452 572//452 562//452
f 462//453 562//453 572//453
f 562//454 462//454 442//454
f 440//455 442//455 462//455
f 442//456 440//456 444//456
f 370//457 444//457 440//457
f 444//458 370//458 448//458
f 373//459 448//459 370//459
f 448//460 373//460 608//460
f 376//461 608//461 373//461
f 608//462 376//462 452//462
f 379//463 452//463 376//463
f 452//463 379//463 456//463
f 382//464 456//464 379//464
f 456//465 382//465 458//465
f 570//466 458//466 382//466
f 458//467 570//467 454//467
f 568//468 454//468 570//468
f 454//469 568//469 612//469
f 552//470 612//470 568//470
f 612//471 552//471 600//471
f 582//472 600//472 552//472
f 389//473 360//473 386//473
f 360//474 389//474 417//474
f 356//475 417//475 389//475
f 417//476 356//476 416//476
f 396//477 416//477 356//477
f 416//478 396//478 419//478
f 381//423 419//423 396//423
f 419//479 381//479 395//479
f 394//480 395//480 381//480
f 395//422 394//422 418//422
f 355//481 418//481 394//481
f 418//482 355//482 414//482
f 387//483 414//483 355//483
f 414//484 387//484 415//484
f 388//485 415//485 387//485
f 415//486 388//486 398//486
f 413//487 398//487 388//487
f 398//488 413//488 397//488
f 412//489 397//489 413//489
f 397//490 412//490 401//490
f 402//491 401//491 412//491
f 401//422 402//422 395//422
f 419//422 395//422 402//422
f 293//427 291//427 294//427
f 291//427 293//427 292//427
f 313//427 292//427 293//427
f 292//427 313//427 315//427
f 308//427 315//427 313//427
f 315//427 308//427 353//427
f 352//427 353//427 308//427
f 353//427 352//427 625//427
f 338//427 625//427 352//427
f 625//427 338//427 324//427
f 337//427 324//427 338//427
f 324//427 337//427 339//427
f 348//427 339//427 337//427
f 339//427 348//427 335//427
f 349//427 335//427 348//427
f 335//427 349//427 336//427
f 321//427 336//427 349//427
f 336//427 321//427 323//427
f 320//427 323//427 321//427
f 323//427 320//427 345//427
f 481//492 443//492 441//492
f 443//493 481//493 445//493
f 447//494 445//494 481//494
f 445//495 447//495 457//495
f 459//496 457//496 447//496
f 457//497 459//497 469//497
f 461//498 469//498 459//498
f 469//499 461//499 471//499
f 473//500 471//500 461//500
f 471//501 473//501 483//501
f 475//502 483//502 473//502
f 483//503 475//503 477//503
f 465//504 477//504 475//504
f 477//504 465//504 467//504
f 455//505 467//505 465//505
f 467//505 455//505 457//505
f 445//495 457//495 455//495
f 527//506 521//506 523//506
f 521//503 527//503 519//503
f 517//502 519//502 527//502
f 519//507 517//507 507//507
f 505//500 507//500 517//500
f 507//508 505//508 495//508
f 503//498 495//498 505//498
f 495//509 503//509 493//509
f 491//496 493//496 503//496
f 493//510 491//510 525//510
f 489//494 525//494 491//494
f 525//493 489//493 487//493
f 499//511 487//511 489//511
f 487//511 499//511 497//511
f 509//512 497//512 499//512
f 497//512 509//512 507//512
f 519//507 507//507 509//507
f 614//506 609//506 611//506
f 609//503 614//503 607//503
f 605//502 607//502 614//502
f 607//507 605//507 595//507
f 593//500 595//500 605//500
f 595//508 593//508 583//508
f 591//498 583//498 593//498
f 583//509 591//509 581//509
f 579//496 581//496 591//496
f 581//510 579//510 613//510
f 577//494 613//494 579//494
f 613//493 577//493 575//493
f 587//511 575//511 577//511
f 575//511 587//511 585//511
f 597//512 585//512 587//512
f 585//512 597//512 595//512
f 607//507 595//507 597//507
f 569//510 537//510 535//510
f 537//513 569//513 529//513
f 531//492 529//492 569//492
f 529//514 531//514 541//514
f 543//511 541//511 531//511
f 541//512 543//512 553//512
f 555//505 553//505 543//505
f 553//504 555//504 565//504
f 567//515 565//515 555//515
f 565//506 567//506 571//506
f 559//516 571//516 567//516
f 571//501 559//501 561//501
f 549//500 561//500 559//500
f 561//500 549//500 551//500
f 539//508 551//508 549//508
f 551//508 539//508 541//508
f 529//514 541//514 539//514
f 466//517 520//517 435//517
f 520//518 466//518 486//518
f 512//519 486//519 466//519
f 486//520 512//520 484//520
f 510//521 484//521 512//521
f 484//522 510//522 490//522
f 488//523 490//523 510//523
f 490//422 488//422 476//422
f 522//422 476//422 488//422
f 476//422 522//422 394//422
f 355//524 394//524 522//524
f 438//525 560//525 363//525
f 560//526 438//526 572//526
f 439//527 572//527 438//527
f 572//528 439//528 462//528
f 460//529 462//529 439//529
f 462//530 460//530 440//530
f 367//531 440//531 460//531
f 440//532 367//532 370//532
f 366//533 370//533 367//533
f 370//534 366//534 369//534
f 552//535 598//535 582//535
f 598//536 552//536 610//536
f 550//537 610//537 552//537
f 610//538 550//538 602//538
f 377//539 602//539 550//539
f 602//540 377//540 604//540
f 375//541 604//541 377//541
f 604//542 375//542 376//542
f 379//543 376//543 375//543
f 528//544 464//544 502//544
f 464//545 528//545 498//545
f 492//546 498//546 528//546
f 498//547 492//547 496//547
f 494//548 496//548 492//548
f 496//549 494//549 532//549
f 536//550 532//550 494//550
f 532//551 536//551 424//551
f 617//427 354//427 309//427
f 354//427 617//427 620//427
f 621//427 620//427 617//427
f 620//427 621//427 624//427
f 296//427 624//427 621//427
f 624//427 296//427 295//427
f 312//427 295//427 296//427
f 295//427 312//427 311//427
f 367//552 383//552 366//552
f 383//553 367//553 384//553
f 460//554 384//554 367//554
f 384//555 460//555 437//555
f 439//556 437//556 460//556
f 437//557 439//557 470//557
f 474//558 470//558 439//558
f 470//559 474//559 436//559
f 562//560 544//560 540//560
f 544//561 562//561 564//561
f 442//562 564//562 562//562
f 564//563 442//563 446//563
f 444//564 446//564 442//564
f 446//565 444//565 450//565
f 448//566 450//566 444//566
f 450//567 448//567 608//567
f 386//568 405//568 406//568
f 405//569 386//569 357//569
f 360//570 357//570 386//570
f 357//571 360//571 390//571
f 393//572 390//572 360//572
f 390//573 393//573 365//573
f 364//574 365//574 393//574
f 365//575 364//575 558//575
f 307//427 304//427 626//427
f 304//427 307//427 629//427
f 290//427 629//427 307//427
f 629//427 290//427 300//427
f 289//427 300//427 290//427
f 300//427 289//427 627//427
f 289//427 302//427 627//427
f 496//576 464//576 498//576
f 464//577 496//577 434//577
f 431//578 434//578 496//578
f 434//579 431//579 421//579
f 357//580 421//580 431//580
f 421//581 357//581 423//581
f 390//582 423//582 357//582
f 382//583 556//583 570//583
f 556//584 382//584 554//584
f 380//585 554//585 382//585
f 554//586 380//586 377//586
f 378//587 377//587 380//587
f 377//588 378//588 375//588
f 379//543 375//543 378//543
f 426//589 407//589 408//589
f 407//590 426//590 425//590
f 403//591 425//591 426//591
f 425//592 403//592 409//592
f 404//593 409//593 403//593
f 409//594 404//594 410//594
f 430//595 410//595 404//595
f 431//596 405//596 357//596
f 405//597 431//597 429//597
f 422//598 429//598 431//598
f 429//599 422//599 420//599
f 534//600 420//600 422//600
f 420//601 534//601 532//601
f 496//602 532//602 534//602
f 321//427 318//427 320//427
f 318//427 321//427 333//427
f 334//427 333//427 321//427
f 333//427 334//427 331//427
f 349//427 331//427 334//427
f 331//427 349//427 348//427
f 323//427 335//427 336//427
f 335//427 323//427 317//427
f 345//427 317//427 323//427
f 317//427 345//427 344//427
f 328//427 344//427 345//427
f 344//427 328//427 327//427
f 317//427 339//427 335//427
f 339//427 317//427 324//427
f 344//427 324//427 317//427
f 324//427 344//427 347//427
f 327//427 347//427 344//427
f 347//427 327//427 330//427
f 455//511 443//511 445//511
f 443//511 455//511 453//511
f 465//512 453//512 455//512
f 453//512 465//512 463//512
f 475//507 463//507 465//507
f 463//507 475//507 473//507
f 387//603 466//603 435//603
f 466//604 387//604 516//604
f 514//605 516//605 387//605
f 516//606 514//606 480//606
f 488//607 480//607 514//607
f 480//608 488//608 510//608
f 381//609 476//609 394//609
f 476//610 381//610 524//610
f 478//611 524//611 381//611
f 524//612 478//612 518//612
f 433//613 518//613 478//613
f 518//614 433//614 520//614
f 509//504 521//504 519//504
f 521//504 509//504 511//504
f 499//505 511//505 509//505
f 511//505 499//505 501//505
f 489//495 501//495 499//495
f 501//495 489//495 491//495
f 503//496 501//496 491//496
f 501//497 503//497 513//497
f 505//498 513//498 503//498
f 513//499 505//499 515//499
f 517//500 515//500 505//500
f 515//501 517//501 527//501
f 597//504 609//504 607//504
f 609//504 597//504 599//504
f 587//505 599//505 597//505
f 599//505 587//505 589//505
f 577//495 589//495 587//495
f 589//495 577//495 579//495
f 591//496 589//496 579//496
f 589//497 591//497 601//497
f 593//498 601//498 591//498
f 601//499 593//499 603//499
f 605//500 603//500 593//500
f 603//501 605//501 614//501
f 539//509 537//509 529//509
f 537//509 539//509 547//509
f 549//498 547//498 539//498
f 547//498 549//498 557//498
f 559//499 557//499 549//499
f 557//499 559//499 567//499
f 594//615 590//615 546//615
f 590//616 594//616 548//616
f 574//617 548//617 594//617
f 548//618 574//618 596//618
f 544//619 596//619 574//619
f 596//620 544//620 564//620
f 547//496 535//496 537//496
f 535//496 547//496 545//496
f 557//497 545//497 547//497
f 545//497 557//497 555//497
f 567//515 555//515 557//515
f 358//621 387//621 435//621
f 387//622 358//622 359//622
f 392//623 359//623 358//623
f 359//624 392//624 393//624
f 364//625 393//625 392//625
f 619//427 354//427 620//427
f 354//427 619//427 618//427
f 622//427 618//427 619//427
f 618//427 622//427 319//427
f 322//427 319//427 622//427
f 326//427 341//427 322//427
f 341//427 326//427 325//427
f 343//427 325//427 326//427
f 325//427 343//427 342//427
f 622//427 342//427 343//427
f 333//427 316//427 318//427
f 316//427 333//427 351//427
f 350//427 351//427 333//427
f 351//427 350//427 308//427
f 352//427 308//427 350//427
f 596//626 592//626 548//626
f 592//627 596//627 566//627
f 578//628 566//628 596//628
f 566//629 578//629 588//629
f 450//630 588//630 578//630
f 524//422 490//422 476//422
f 490//631 524//631 484//631
f 518//632 484//632 524//632
f 484//633 518//633 486//633
f 520//634 486//634 518//634
f 453//514 441//514 443//514
f 441//514 453//514 451//514
f 463//508 451//508 453//508
f 451//508 463//508 461//508
f 473//500 461//500 463//500
f 310//427 316//427 351//427
f 316//427 310//427 314//427
f 308//427 314//427 310//427
f 314//427 308//427 313//427
f 413//635 399//635 412//635
f 399//636 413//636 400//636
f 388//637 400//637 413//637
f 400//638 388//638 417//638
f 615//427 625//427 346//427
f 625//427 615//427 306//427
f 302//427 306//427 615//427
f 289//427 306//427 302//427
f 543//505 545//505 555//505
f 545//495 543//495 533//495
f 531//511 533//511 543//511
f 533//493 531//493 569//493
f 469//497 467//497 457//497
f 467//515 469//515 479//515
f 471//499 479//499 469//499
f 479//516 471//516 483//516
f 459//498 451//498 461//498
f 451//509 459//509 449//509
f 447//496 449//496 459//496
f 449//510 447//510 481//510
f 373//639 604//639 376//639
f 604//640 373//640 372//640
f 370//641 372//641 373//641
f 372//642 370//642 369//642
f 301//427 300//427 627//427
f 300//427 301//427 629//427
f 630//427 629//427 301//427
f 629//427 630//427 304//427
f 337//427 331//427 348//427
f 331//427 337//427 332//427
f 338//427 332//427 337//427
f 332//427 338//427 352//427
f 305//427 620//427 624//427
f 620//427 305//427 619//427
f 623//427 619//427 305//427
f 619//427 623//427 622//427
f 584//643 612//643 600//643
f 612//644 584//644 606//644
f 588//645 606//645 584//645
f 606//646 588//646 450//646
f 506//647 381//647 432//647
f 381//648 506//648 530//648
f 504//422 530//422 506//422
f 530//422 504//422 508//422
f 583//508 585//508 595//508
f 585//514 583//514 573//514
f 581//509 573//509 583//509
f 573//513 581//513 613//513
f 523//516 515//516 527//516
f 515//499 523//499 513//499
f 511//515 513//515 523//515
f 513//497 511//497 501//497
f 384//649 361//649 383//649
f 361//650 384//650 362//650
f 437//651 362//651 384//651
f 362//652 437//652 470//652
f 602//653 586//653 580//653
f 586//654 602//654 374//654
f 604//655 374//655 602//655
f 374//656 604//656 372//656
f 550//657 554//657 377//657
f 554//658 550//658 556//658
f 552//658 556//658 550//658
f 556//659 552//659 568//659
f 512//660 480//660 510//660
f 480//661 512//661 482//661
f 466//662 482//662 512//662
f 482//663 466//663 516//663
f 611//516 603//516 614//516
f 603//499 611//499 601//499
f 599//515 601//515 611//515
f 601//497 599//497 589//497
f 495//508 497//508 507//508
f 497//514 495//514 485//514
f 493//509 485//509 495//509
f 485//513 493//513 525//513
f 553//512 551//512 541//512
f 551//507 553//507 563//507
f 565//504 563//504 553//504
f 563//503 565//503 571//503
f 397//664 415//664 398//664
f 415//665 397//665 414//665
f 401//666 414//666 397//666
f 454//667 456//667 458//667
f 456//668 454//668 452//668
f 608//669 452//669 454//669
f 606//670 454//670 612//670
f 454//671 606//671 608//671
f 450//672 608//672 606//672
f 347//427 625//427 324//427
f 625//427 347//427 346//427
f 330//427 346//427 347//427
f 325//427 340//427 341//427
f 340//427 325//427 329//427
f 342//427 329//427 325//427
f 399//673 402//673 412//673
f 402//674 399//674 419//674
f 416//675 419//675 399//675
f 306//427 307//427 625//427
f 307//427 306//427 290//427
f 289//427 290//427 306//427
f 359//676 388//676 387//676
f 388//677 359//677 417//677
f 360//678 417//678 359//678
f 561//502 563//502 571//502
f 563//507 561//507 551//507
f 535//494 533//494 569//494
f 533//495 535//495 545//495
f 350//427 332//427 352//427
f 332//427 350//427 333//427
f 322//427 343//427 326//427
f 343//427 322//427 622//427
f 487//492 485//492 525//492
f 485//514 487//514 497//514
f 314//427 293//427 316//427
f 293//427 314//427 313//427
f 575//679 573//679 613//679
f 573//514 575//514 585//514
f 298//427 292//427 315//427
f 292//427 298//427 297//427
f 418//422 401//422 395//422
f 401//680 418//680 414//680
f 558//681 385//681 365//681
f 385//682 558//682 538//682
f 538//683 368//683 385//683
f 368//684 538//684 542//684
f 542//685 371//685 368//685
f 371//686 542//686 576//686
f 425//687 411//687 407//687
f 411//688 425//688 409//688
f 427//422 409//422 410//422
f 409//422 427//422 411//422
f 610//689 580//689 598//689
f 580//690 610//690 602//690
f 564//691 578//691 596//691
f 578//692 564//692 446//692
f 534//693 431//693 496//693
f 431//694 534//694 422//694
f 429//695 428//695 405//695
f 428//696 429//696 420//696
f 420//697 424//697 428//697
f 424//698 420//698 532//698
f 382//699 378//699 380//699
f 378//700 382//700 379//700
f 530//611 478//611 381//611
f 478//422 530//422 508//422
f 355//701 514//701 387//701
f 514//702 355//702 522//702
f 625//427 315//427 353//427
f 315//427 625//427 298//427
f 616//427 624//427 295//427
f 624//427 616//427 305//427
f 303//427 623//427 628//427
f 623//427 303//427 622//427
f 299//427 295//427 311//427
f 295//427 299//427 616//427
f 441//513 449//513 481//513
f 449//509 441//509 451//509
f 477//506 479//506 483//506
f 479//515 477//515 467//515
f 400//703 416//703 399//703
f 416//704 400//704 417//704
f 472//705 358//705 435//705
f 358//706 472//706 391//706
f 392//707 391//707 364//707
f 391//708 392//708 358//708
f 319//427 354//427 618//427
f 514//709 522//709 488//709
f 321//427 349//427 334//427
f 308//427 310//427 351//427
f 516//710 480//710 482//710
f 331//427 332//427 333//427
f 599//515 611//515 609//515
f 594//711 544//711 574//711
f 621//427 312//427 296//427
f 578//712 446//712 450//712
f 369//713 374//713 372//713
f 292//427 297//427 291//427
f 433//714 478//714 508//714
f 511//515 523//515 521//515
f 359//715 393//715 360//715
f 474//716 439//716 438//716
f 434//717 421//717 423//717
f 568//659 570//659 556//659
o n9b9
v -0.223325 3.566418 -1.835578
v -0.515550 3.069670 -1.865759
v -0.787745 3.124074 -2.219558
v -0.246482 3.065907 -1.699656
v -0.873771 3.426920 -2.241543
v -0.461912 3.074193 -1.784165
v -0.658328 3.461554 -2.228660
v -0.568685 3.607779 -2.221059
v -0.432081 3.681390 -2.148489
v -0.300693 3.654271 -2.038669
v -0.224706 3.536779 -1.933546
v -0.233146 3.373792 -1.873275
v -0.322789 3.227567 -1.880875
v -0.459393 3.153956 -1.953446
v -0.590781 3.181077 -2.063266
v -0.666768 3.298568 -2.168388
v -0.705256 3.484357 -2.118090
v -0.627623 3.610992 -2.111507
v -0.509320 3.674741 -2.048660
v -0.395534 3.651255 -1.953553
v -0.329728 3.549503 -1.862514
v -0.337037 3.408353 -1.810317
v -0.414670 3.281718 -1.816899
v -0.532973 3.217969 -1.879747
v -0.646759 3.241456 -1.974854
v -0.712565 3.343207 -2.065893
v -0.682646 3.489292 -1.989534
v -0.682646 3.489292 -1.989534
v -0.569522 3.599211 -1.949448
v -0.569522 3.599211 -1.949448
v -0.465835 3.526905 -1.841977
v -0.465835 3.526905 -1.841977
v -0.514876 3.372299 -1.815642
v -0.514876 3.372299 -1.815642
v -0.648872 3.349053 -1.906837
v -0.648872 3.349053 -1.906837
v -0.596556 3.475038 -1.877439
v 0.583627 3.685785 -2.312088
v 0.450473 3.791785 -2.289521
v 0.307416 3.814904 -2.198165
v 0.209099 3.746312 -2.072914
v 0.193076 3.612207 -1.961611
v 0.265467 3.463816 -1.906768
v 0.398621 3.357815 -1.929336
v 0.541678 3.334697 -2.020692
v 0.639995 3.403289 -2.145943
v 0.656018 3.537392 -2.257246
v 0.633581 3.726080 -2.208026
v 0.518265 3.817879 -2.188482
v 0.394374 3.837900 -2.109365
v 0.309230 3.778497 -2.000895
v 0.295353 3.662360 -1.904504
v 0.358046 3.533848 -1.857009
v 0.473360 3.442049 -1.876553
v 0.597252 3.422028 -1.955669
v 0.682397 3.481431 -2.064140
v 0.696273 3.597568 -2.160531
v 0.627524 3.725839 -2.077544
v 0.627524 3.725839 -2.077544
v 0.489418 3.790399 -2.020582
v 0.489418 3.790399 -2.020582
v 0.432248 3.689051 -1.902306
v 0.432248 3.689051 -1.902306
v 0.535020 3.561855 -1.886168
v 0.535020 3.561855 -1.886168
v 0.655708 3.584591 -1.994472
v 0.655708 3.584591 -1.994472
v 0.567079 3.685128 -1.955606
v -0.492368 3.016993 -1.991479
v 0.097207 3.016431 -1.764984
v 0.615053 3.216934 -2.065870
v -0.504574 3.045872 -1.915656
v 0.089113 3.086933 -1.695987
v 0.626153 3.250021 -1.991612
v -0.772704 3.099464 -2.264171
v 0.811288 3.385448 -2.370575
v -0.227396 2.983628 -1.814582
v 0.403576 3.097549 -1.856967
v -0.239526 3.042165 -1.735308
v 0.404726 3.158483 -1.778585
v -0.068280 3.842559 -2.008116
v 0.259394 4.172023 -2.470657
v 0.512497 3.843723 -2.164094
v 0.092093 4.066917 -2.240507
v 0.229594 3.869966 -2.057873
v 0.058341 3.257017 -1.696933
v 0.000990 3.539255 -1.792108
v 0.431525 3.455108 -1.835090
v 0.194164 3.641794 -1.863623
v 0.676063 3.289629 -1.986681
v 0.820264 3.414395 -2.344555
v 0.407537 3.183988 -1.743589
v 0.791843 3.727642 -2.370411
v 0.593717 3.264783 -1.855077
v -0.068280 3.842559 -2.008116
v -0.547134 4.026407 -2.416479
v -0.628106 3.637791 -2.087475
v -0.325397 3.991541 -2.212462
v -0.360826 3.763368 -2.018212
v 0.058341 3.257017 -1.696933
v 0.000990 3.539255 -1.792108
v -0.375003 3.309492 -1.780912
vt 0.9531 0.2422
vt 0.9375 0.0664
vt 0.9766 0.0664
vt 0.9180 0.2422
vt 0.8750 0.3711
vt 0.8477 0.2422
vt 0.7852 0.3711
vt 0.7656 0.2422
vt 0.7070 0.2422
vt 0.7617 0.0664
vt 0.6914 0.0664
vt 0.4922 0.4922
vt 0.1602 -0.0039
vt 0.4023 0.0156
vt 0.1406 0.2773
vt 0.3477 0.7812
vt 0.1211 0.5312
vt 0.0898 0.7695
vt -0.0156 0.7266
vt 0.0977 0.9688
vt 0.1211 0.5312
vt 0.1406 0.2773
vt -0.0898 0.4492
vt 0.3477 0.7812
vt 0.0898 0.7695
vt 0.2188 0.9180
vt 0.0977 0.9688
vt 0.2812 1.0625
vt 0.8008 0.3711
vt 0.7227 0.2422
vt 0.7422 0.3711
vt 0.7930 0.2422
vt 0.8750 0.2422
vt 0.7930 0.0664
vt 0.8867 0.0664
vt 0.6875 0.2422
vt 0.6719 0.0664
vt 0.7109 0.0664
vt 0.8750 0.3711
vt 0.8477 0.2422
vt 0.7852 0.3711
vt 0.9180 0.2422
vt 0.9531 0.2422
vt 0.9375 0.0664
vt 0.9766 0.0664
vt 0.8828 0.3711
vt 0.9336 0.2422
vt 0.8750 0.2422
vt 0.8867 0.0664
vt 0.7930 0.0664
vt 0.8008 0.3711
vt 0.7930 0.2422
vt 0.7227 0.2422
vt 0.7109 0.0664
vt 0.6719 0.0664
vt 0.7422 0.3711
vt 0.6875 0.2422
vt 0.7070 0.2422
vt 0.6914 0.0664
vt 0.7617 0.0664
vt 0.7656 0.2422
vt 0.8555 0.0664
vt -0.0156 -0.0039
vt -0.0898 0.4492
vt 0.6797 0.6914
vt 0.6797 0.7031
vt 0.6719 0.6992
vt 0.6914 0.6992
vt 0.6914 0.6914
vt 0.6953 0.6836
vt 0.1602 -0.0039
vt 0.4922 0.4922
vt 0.4023 0.0156
vt -0.0156 -0.0039
vt 0.8555 0.0664
vt 0.8828 0.3711
vt 0.9336 0.2422
vt 0.9570 0.0664
vt 0.8750 0.7461
vt 0.7617 0.8203
vt 0.8711 0.9805
vt 0.8086 0.5508
vt 0.9453 0.5508
vt 0.9570 0.0664
vt 0.8750 0.7461
vt 0.8086 0.5508
vt 0.9453 0.5508
vt 0.7617 0.8203
vt 0.8711 0.9805
vt 0.2188 0.9180
vt 0.2812 1.0625
vt 0.4453 1.0312
vt 0.9844 0.8242
vt -0.0156 0.7266
vt 0.4453 1.0312
vt 0.6719 0.6914
vt 0.6641 0.6914
vt 0.9844 0.8242
vt 0.6641 0.6836
vt 0.6562 0.6758
vt 0.6953 0.6914
vt 0.7031 0.6758
vn -0.9233 -0.0902 -0.3733
vn -0.9793 0.1128 0.1679
vn -0.8484 0.5133 0.1295
vn -0.7172 0.6277 0.3028
vn -0.5610 0.7865 0.2583
vn -0.2388 0.8370 0.4923
vn 0.0903 0.9866 0.1356
vn 0.9067 0.1157 0.4057
vn 0.7926 0.2696 0.5469
vn 0.6452 0.4282 0.6327
vn 0.5995 0.4407 0.6681
vn 0.3513 0.5612 0.7494
vn 0.1597 0.3444 0.9251
vn -0.0057 0.5792 0.8151
vn -0.1836 0.0543 0.9815
vn -0.6235 0.2199 0.7503
vn -0.4245 0.4212 0.8015
vn -0.4150 0.4458 0.7931
vn -0.1878 0.5941 0.7821
vn -0.2019 0.6529 0.7301
vn -0.0675 0.1883 0.9798
vn -0.0221 -0.0384 0.9990
vn -0.2935 -0.3371 0.8945
vn 0.0372 -0.7358 0.6762
vn -0.1978 0.7142 0.6714
vn 0.0016 0.6673 0.7447
vn 0.0845 0.3417 0.9360
vn 0.5623 0.2610 0.7846
vn 0.4865 0.8450 0.2219
vn 0.6257 0.7795 0.0305
vn 0.8917 0.4506 0.0422
vn 0.8403 0.2282 -0.4917
vn 0.9115 0.3279 0.2483
vn 0.9663 0.0860 0.2428
vn 0.8174 -0.1619 0.5529
vn 0.7356 -0.6379 0.2281
vn 0.3092 -0.6866 0.6580
vn 0.6733 -0.0663 0.7364
vn 0.5058 -0.1928 0.8408
vn 0.1633 -0.0049 0.9866
vn -0.1730 -0.4082 0.8964
vn -0.5113 0.0672 0.8568
vn 0.1240 0.2229 0.9669
vn -0.0762 0.3127 0.9468
vn -0.1373 0.6423 0.7541
vn -0.5961 0.5537 0.5814
vn -0.4098 0.8963 0.1692
vn 0.0219 0.7539 0.6566
vn -0.0060 0.8790 0.4767
vn 0.2805 0.9384 0.2018
vn -0.0022 0.9686 -0.2486
vn 0.4822 0.7138 -0.5079
vn 0.4535 -0.8836 0.1169
vn 0.2249 0.5711 0.7895
vn 0.2788 0.1377 0.9504
vn 0.0096 -0.6988 0.7152
vn 0.3270 -0.6415 0.6939
vn 0.3657 -0.7374 0.5679
vn 0.7230 -0.5505 0.4173
vn -0.7926 -0.1829 0.5817
vn -0.8057 -0.2370 0.5428
vn -0.0804 -0.9909 0.1078
vn -0.3054 0.4753 0.8251
vn -0.7620 0.4892 -0.4243
vn -0.3674 0.9027 -0.2241
vn -0.9283 -0.0043 0.3719
vn -0.8956 -0.2501 0.3678
vn -0.7952 -0.5989 -0.0945
vn -0.4313 -0.8486 0.3064
vn -0.7697 0.1764 0.6136
vn -0.6666 0.4772 0.5726
vn -0.4101 0.5227 0.7474
vn 0.9346 -0.2866 -0.2107
vn 0.2956 0.6501 0.7000
vn 0.5269 0.6927 0.4925
vn 0.7326 0.4477 0.5126
vn 0.0688 0.6405 0.7649
vn 0.0547 0.6992 0.7128
vn 0.2917 0.7519 0.5912
vn -0.6416 0.2081 0.7383
vn -0.7276 0.5252 0.4413
vn -0.4734 0.6245 0.6212
vn -0.5066 -0.2794 0.8156
vn -0.6309 -0.4234 0.6502
vn -0.5673 0.0437 0.8224
vn -0.3486 0.2638 0.8994
vn 0.4189 -0.3013 0.8566
vn 0.4360 0.7401 0.5120
vn -0.0908 0.5639 0.8209
vn -0.1483 0.2888 0.9458
vn 0.5640 0.7525 0.3402
vn 0.3025 0.7646 0.5691
vn -0.3627 -0.7753 0.5170
vn -0.0093 -0.8051 0.5931
vn 0.6180 0.2577 0.7428
vn 0.3484 0.3896 0.8525
vn -0.4834 -0.8411 0.2425
vn -0.3103 -0.9039 0.2943
vn 0.7731 -0.6143 0.1582
vn 0.5723 -0.7774 0.2608
vn 0.3328 0.5808 0.7429
vn -0.4561 0.6169 0.6414
usemtl m1
s off
f 656/117/718 637/118/718 646/119/718
f 637/118/718 656/117/718 647/120/718
f 657/121/719 647/120/719 656/117/719
f 647/120/720 657/121/720 648/122/720
f 659/123/721 648/122/721 657/121/721
f 648/122/722 659/123/722 649/124/722
f 650/125/723 649/124/723 659/123/723
f 649/124/724 650/125/724 639/126/724
f 640/127/724 639/126/724 650/125/724
f 723/128/725 720/129/725 721/130/725
f 720/129/726 723/128/726 724/131/726
f 713/132/727 724/131/727 723/128/727
f 724/131/728 713/132/728 718/133/728
f 719/134/729 718/133/729 713/132/729
f 718/133/730 719/134/730 717/135/730
f 711/136/731 717/135/731 719/134/731
f 732/137/732 636/138/732 730/139/732
f 636/138/733 732/137/733 727/140/733
f 631/141/734 727/140/734 732/137/734
f 727/140/735 631/141/735 729/142/735
f 631/141/736 725/143/736 729/142/736
f 729/142/737 725/143/737 728/144/737
f 663/145/738 652/146/738 661/147/738
f 652/146/739 663/145/739 653/148/739
f 654/149/740 653/148/740 663/145/740
f 653/148/741 654/149/741 643/150/741
f 644/151/741 643/150/741 654/149/741
f 661/147/742 650/125/742 659/123/742
f 650/125/743 661/147/743 651/152/743
f 652/146/744 651/152/744 661/147/744
f 651/152/745 652/146/745 641/153/745
f 642/154/745 641/153/745 652/146/745
f 688/155/746 679/156/746 690/157/746
f 679/156/747 688/155/747 678/158/747
f 687/159/748 678/158/748 688/155/748
f 678/158/749 687/159/749 668/160/749
f 677/161/749 668/160/749 687/159/749
f 696/162/750 687/159/750 688/155/750
f 687/159/751 696/162/751 686/163/751
f 685/164/752 686/163/752 696/162/752
f 686/163/753 685/164/753 675/165/753
f 674/166/754 675/165/754 685/164/754
f 694/167/755 685/164/755 696/162/755
f 685/164/756 694/167/756 684/168/756
f 683/169/757 684/168/757 694/167/757
f 684/168/758 683/169/758 673/170/758
f 672/171/759 673/170/759 683/169/759
f 692/172/760 683/169/760 694/167/760
f 683/169/761 692/172/761 682/173/761
f 681/174/762 682/173/762 692/172/762
f 682/173/763 681/174/763 671/175/763
f 670/176/764 671/175/764 681/174/764
f 690/157/765 681/174/765 692/172/765
f 681/174/766 690/157/766 680/177/766
f 679/156/767 680/177/767 690/157/767
f 680/177/768 679/156/768 669/178/768
f 668/160/769 669/178/769 679/156/769
f 724/131/770 722/179/770 720/129/770
f 722/179/771 724/131/771 716/180/771
f 718/133/772 716/180/772 724/131/772
f 716/180/730 718/133/730 717/135/730
f 700/181/773 703/182/773 709/183/773
f 703/182/774 700/181/774 710/184/774
f 708/185/775 710/184/775 700/181/775
f 710/184/776 708/185/776 701/186/776
f 632/187/777 635/188/777 633/189/777
f 635/188/778 632/187/778 636/138/778
f 634/190/779 636/138/779 632/187/779
f 636/138/780 634/190/780 730/139/780
f 648/122/781 637/118/781 647/120/781
f 637/118/781 648/122/781 638/191/781
f 649/124/782 638/191/782 648/122/782
f 638/191/782 649/124/782 639/126/782
f 656/117/783 665/192/783 657/121/783
f 665/192/784 656/117/784 655/193/784
f 645/194/785 655/193/785 656/117/785
f 655/193/786 645/194/786 644/151/786
f 667/195/787 658/196/787 666/197/787
f 658/196/788 667/195/788 660/198/788
f 662/199/789 660/198/789 667/195/789
f 676/200/753 686/163/753 675/165/753
f 686/163/790 676/200/790 687/159/790
f 677/161/790 687/159/790 676/200/790
f 698/201/791 691/202/791 693/203/791
f 691/202/792 698/201/792 689/204/792
f 697/205/793 689/204/793 698/201/793
f 715/206/794 711/136/794 719/134/794
f 711/136/795 715/206/795 714/207/795
f 713/132/796 714/207/796 715/206/796
f 727/140/797 635/188/797 636/138/797
f 635/188/798 727/140/798 726/208/798
f 728/144/799 726/208/799 727/140/799
f 665/192/800 654/149/800 663/145/800
f 654/149/801 665/192/801 655/193/801
f 664/209/802 667/195/802 666/197/802
f 667/195/803 664/209/803 662/199/803
f 653/148/804 642/154/804 652/146/804
f 642/154/804 653/148/804 643/150/804
f 651/152/805 640/127/805 650/125/805
f 640/127/805 651/152/805 641/153/805
f 631/141/806 731/210/806 725/143/806
f 731/210/807 631/141/807 732/137/807
f 712/211/808 713/132/808 723/128/808
f 713/132/809 712/211/809 714/207/809
f 707/212/810 709/183/810 702/213/810
f 709/183/811 707/212/811 700/181/811
f 698/201/812 695/214/812 697/205/812
f 695/214/813 698/201/813 693/203/813
f 684/168/754 674/166/754 685/164/754
f 674/166/758 684/168/758 673/170/758
f 699/215/814 702/213/814 705/216/814
f 702/213/815 699/215/815 707/212/815
f 682/173/759 672/171/759 683/169/759
f 672/171/763 682/173/763 671/175/763
f 680/177/764 670/176/764 681/174/764
f 670/176/768 680/177/768 669/178/768
f 704/217/816 701/186/816 706/218/816
f 701/186/817 704/217/817 710/184/817
f 713/132/818 715/206/818 719/134/818
f 668/160/769 679/156/769 678/158/769
f 644/151/786 654/149/786 655/193/786
f 645/194/785 656/117/785 646/119/785
f 727/140/819 729/142/819 728/144/819
f 732/137/807 730/139/807 731/210/807
o n4b4
v -1.470201 0.611677 1.146047
v -1.459875 0.593121 1.600180
v -1.371311 0.594459 1.370505
v -1.209461 -0.003560 1.698083
v -1.099736 -0.003560 1.183287
v -1.032544 0.077667 2.273724
v -1.017554 0.163636 2.189308
v -0.585435 0.077667 1.664753
v -0.666311 0.163636 1.706176
v -0.894896 -0.003560 2.172392
v -0.627962 -0.003560 1.838600
v -0.941173 0.087107 0.365088
v -1.412488 0.081836 0.425752
v -1.473923 0.188455 0.600751
v -0.959537 0.180918 0.464954
v -0.619168 0.087107 0.813447
v -0.724783 0.180918 0.781130
v -0.930637 -0.003560 0.455481
v -1.457207 -0.003560 0.550186
v -0.709213 -0.003560 0.774067
v -0.643665 0.077667 2.089939
v -0.701338 0.150120 2.036749
v -1.383365 0.096481 2.121019
v -1.312857 0.196190 2.033396
v -0.965914 0.096481 1.346855
v -1.105476 0.196190 1.397754
v -1.311575 -0.003560 2.051576
v -1.092131 -0.003560 1.392953
v -0.676341 0.087107 0.503690
v -0.752422 0.169335 0.557131
v -1.110156 -0.003560 0.833864
v -1.715923 0.069187 0.141702
v -1.756740 0.166574 0.282932
v -1.761961 -0.003560 0.262046
v -2.483907 1.583971 1.958723
v -1.968645 1.496960 2.417376
v -2.652227 1.898254 2.153602
v -2.093215 1.750974 2.654528
v -2.534077 2.418017 2.338783
v -2.163759 2.347660 2.793911
v -2.461544 2.865771 2.548949
v -2.175340 2.762389 2.807175
v -2.272074 3.079615 2.573331
v -2.123923 3.026100 2.706999
v -2.284382 1.327708 1.844576
v -1.817675 1.252357 2.201904
v -1.278571 1.580810 2.403341
v -1.340334 1.879384 2.685902
v -1.576574 2.398502 2.745295
v -1.787649 2.847941 2.847896
v -1.923240 3.070385 2.728077
v -1.233592 1.290915 2.140019
v -2.235160 2.265702 2.958187
v -2.717651 2.344194 2.390254
v -1.488566 2.319143 2.912067
v -2.574152 2.463728 2.406523
v -2.190737 2.433740 2.860368
v -1.596498 2.443802 2.821590
v -2.621166 2.504807 1.975643
v -1.251607 2.476893 2.557095
v -2.407466 2.366507 2.610468
v -1.861912 2.355388 2.842085
v -2.549324 2.294182 2.725998
v -1.850130 2.284343 3.026048
v -2.444329 2.443054 2.683839
v -1.887294 2.431701 2.920330
v -2.606135 2.912772 1.908856
v -2.212288 3.329055 1.625148
v -1.214428 2.875951 2.526229
v -1.238464 3.277587 2.025080
v -2.570554 2.642309 2.500429
v -1.688522 2.618972 2.891707
v -1.742774 0.001738 1.359681
v -1.753468 0.001302 1.349798
v -1.745331 0.005925 1.345917
v -1.742472 0.005167 1.354465
v -1.745525 0.005167 1.352850
v -1.746917 0.005167 1.349297
v -1.749955 0.003328 1.345161
v -1.742665 0.003328 1.357789
v -1.747472 0.003328 1.354941
v -1.751663 0.002892 1.349414
v -1.742702 -0.000034 1.358428
v -1.752076 -0.000034 1.349390
v -1.748696 0.001177 1.361193
v -1.749081 0.002223 1.360238
v -1.754243 0.001177 1.355857
v -1.753305 0.002223 1.356157
v -1.750631 -0.000034 1.360307
v -1.753454 -0.000034 1.357789
v -1.753318 0.001318 1.339862
v -1.747840 0.001239 1.339081
v -1.746776 0.002829 1.340987
v -1.752899 0.002481 1.340987
v -1.756034 0.001318 1.346274
v -1.754909 0.002481 1.345661
v -1.753246 -0.000034 1.340941
v -1.747072 -0.000034 1.340434
v -1.755100 -0.000034 1.345613
v -1.753245 0.001177 1.360115
v -1.752715 0.002021 1.359364
v -1.744521 0.001458 1.359814
v -1.745438 0.002944 1.358952
v -1.752931 0.001458 1.351484
v -1.751086 0.002944 1.351777
v -1.745417 -0.000034 1.359167
v -1.751263 -0.000034 1.351749
v -1.741277 0.001050 1.333843
v -1.741905 0.005925 1.344678
v -1.741363 0.002267 1.335322
v -1.756016 0.001318 1.342073
v -1.755044 0.002308 1.342527
v -1.745039 0.001050 1.335522
v -1.744279 0.002267 1.337081
v -1.744257 -0.000034 1.336709
v -1.741689 0.003615 1.340953
v -1.731118 0.001302 1.351093
v -1.738645 0.005925 1.346305
v -1.739253 0.005167 1.353214
v -1.737460 0.005167 1.349846
v -1.733965 0.003328 1.346088
v -1.737561 0.003328 1.355516
v -1.732866 0.002892 1.350504
v -1.732453 -0.000034 1.350528
v -1.737067 0.001177 1.361867
v -1.736575 0.002223 1.360963
v -1.730931 0.001177 1.357208
v -1.731897 0.002223 1.357398
v -1.735042 -0.000034 1.361211
v -1.731937 -0.000034 1.359036
v -1.730012 0.001318 1.341213
v -1.735363 0.001239 1.339804
v -1.736640 0.002829 1.341575
v -1.730558 0.002481 1.342283
v -1.728055 0.001318 1.347896
v -1.729102 0.002481 1.347157
v -1.730208 -0.000034 1.342277
v -1.736282 -0.000034 1.341060
v -1.728907 -0.000034 1.347132
v -1.732414 0.001177 1.361322
v -1.732854 0.002021 1.360516
v -1.741055 0.001458 1.360015
v -1.740044 0.002944 1.359264
v -1.731833 0.001458 1.352708
v -1.733699 0.002944 1.352785
v -1.740090 -0.000034 1.359475
v -1.733520 -0.000034 1.352778
v -1.727587 0.001318 1.343721
v -1.728606 0.002308 1.344059
v -1.737734 0.001050 1.335946
v -1.738669 0.002267 1.337406
v -1.738648 -0.000034 1.337034
v -1.741375 -0.000034 1.335531
v -1.742189 0.006554 1.349571
v -1.544367 0.115295 2.141038
v -2.476235 0.086071 1.569589
v -2.053046 0.406628 1.132007
v -1.661575 0.391095 1.742483
v -1.954954 0.399694 1.678724
v -2.117107 0.406128 1.425856
v -1.881402 1.124417 0.987483
v -1.508874 1.128914 0.917009
v -1.699723 0.945868 1.870367
v -2.016352 0.994984 1.661609
v -2.091606 1.068942 1.295907
v -2.061877 1.996466 0.817553
v -1.371803 2.080316 0.803518
v -2.522526 1.790874 1.296055
v -2.129742 2.526093 0.885812
v -1.376861 2.654502 0.917187
v -2.635463 2.197214 1.342365
v -2.220641 3.165844 1.331048
v -1.533421 3.272637 1.351212
v -2.657708 2.606871 1.597531
v -2.171174 3.406346 1.926628
v -1.783483 3.491898 1.967348
v -2.455928 3.139752 2.175875
v -2.099887 3.400170 2.204302
v -1.899204 3.444454 2.225380
v -2.258226 3.241803 2.356767
v -1.742189 -0.005154 1.349572
v -2.022530 3.272159 2.493110
v -2.001013 1.602713 0.832508
v -1.416930 1.641272 0.770623
v -2.360323 1.472830 1.277354
v -2.498995 0.221914 1.196070
v -1.583006 0.221914 1.986446
v -2.073500 0.221914 1.923492
v -2.357435 0.192690 1.497640
v -1.918518 0.649654 1.158526
v -1.682972 0.587384 1.726340
v -1.908191 0.631098 1.612660
v -2.007081 0.648316 1.388202
v -1.569971 -0.003560 2.038600
v -2.048297 -0.003560 1.907744
v -2.387327 -0.003560 1.505112
v -1.933574 0.077667 2.498930
v -1.986518 0.163636 2.431494
v -2.614621 0.077667 2.171934
v -2.523767 0.163636 2.170434
v -2.102710 -0.003560 2.474277
v -2.495301 -0.003560 2.305329
v -2.912201 0.087107 0.857733
v -2.467770 0.081836 0.689512
v -2.331222 0.188455 0.815027
v -2.849010 0.180918 0.937215
v -2.985389 0.087107 1.404868
v -2.907399 0.180918 1.326660
v -2.878968 -0.003560 0.942453
v -2.369764 -0.003560 0.778274
v -2.924462 -0.003560 1.327753
v -2.363191 0.077667 2.519723
v -2.337326 0.150120 2.445653
v -1.695854 0.096481 2.199123
v -1.799298 0.196190 2.154978
v -2.428454 0.096481 1.712407
v -2.281356 0.196190 1.691657
v -1.791875 -0.003560 2.171624
v -2.295391 -0.003560 1.693699
v -2.063406 0.069187 0.064408
v -1.800298 0.400901 0.969308
v -2.033212 0.166574 0.185213
v -1.698796 0.615817 1.030470
v -2.022022 -0.003560 0.229982
v -3.080678 0.087107 1.104638
v -2.988400 0.169335 1.115999
v -2.542534 -0.003560 1.191877
v -2.333661 0.069187 0.296102
v -2.231195 0.166574 0.401519
v -2.236416 -0.003560 0.380633
v -1.918197 0.241169 0.645380
v -1.882106 -0.005518 0.789777
v -0.990948 0.086071 1.198352
v -1.506919 0.392302 1.033067
v -1.408827 0.385369 1.579784
v -1.344766 0.385869 1.285934
v -1.192244 1.079797 1.125767
v -1.327194 0.950364 1.799892
v -1.116990 1.005840 1.491469
v -0.856541 1.993304 1.262171
v -0.817922 1.786402 1.924839
v -0.817849 2.507222 1.418112
v -0.780166 2.170528 2.095152
v -1.025567 3.086934 1.780804
v -0.950433 2.572075 2.322361
v -1.497279 3.388515 2.225574
v -1.502895 3.114536 2.598648
v -1.751053 3.390940 2.359047
v -1.764901 3.228751 2.575611
v -0.950223 1.565920 1.127951
v -0.874281 1.420798 1.695173
v -1.146601 0.221914 0.858049
v -1.179813 0.221914 1.700121
v -1.129628 0.192690 1.190758
vn 0.3225 -0.2009 0.9250
vn -0.0945 0.2477 0.9642
vn -0.1321 0.1308 0.9826
vn -0.1791 0.3797 0.9076
vn -0.2246 0.6904 0.6877
vn -0.0907 0.7363 0.6706
vn -0.0560 0.8009 0.5962
vn 0.2796 0.7598 0.5869
vn 0.3053 0.7653 0.5666
vn 0.6283 0.6225 0.4666
vn 0.3691 0.9286 -0.0373
vn 0.3762 0.9106 -0.1714
vn -0.0674 0.9310 -0.3587
vn -0.1210 0.8694 -0.4790
vn -0.8169 0.5139 -0.2620
vn -0.7483 0.3040 -0.5896
vn -0.7414 0.3253 -0.5869
vn -0.6349 -0.0890 -0.7674
vn -0.9605 -0.2540 -0.1135
vn -0.8988 -0.4305 -0.0820
vn -0.6047 -0.6278 0.4902
vn -0.5364 -0.7014 0.4695
vn 0.0947 -0.6541 0.7504
vn 0.0955 -0.6611 0.7442
vn 0.7753 -0.3545 0.5227
vn 0.6989 -0.5999 0.3894
vn 0.8852 -0.4083 -0.2230
vn 0.8638 -0.4289 -0.2645
vn 0.5565 -0.2735 -0.7845
vn 0.4865 -0.3196 -0.8131
vn -0.1776 -0.2408 -0.9542
vn -0.1722 -0.3219 -0.9310
vn -0.8054 -0.1441 -0.5749
vn -0.9010 -0.2576 -0.3489
vn -0.9729 -0.1586 0.1681
vn -0.8786 -0.3100 0.3633
vn -0.4747 -0.2544 0.8426
vn -0.4466 0.0249 0.8944
vn 0.4860 0.1241 0.8651
vn 0.5414 0.0506 0.8392
vn 0.9156 0.1902 0.3542
vn 0.9763 0.0379 0.2129
vn 0.8900 0.2640 -0.3718
vn 0.8357 0.1344 -0.5325
vn 0.4267 0.3566 -0.8311
vn 0.2140 0.1725 -0.9615
vn -0.4785 0.4419 -0.7588
vn -0.2160 0.9046 -0.3674
vn -0.2676 0.8872 -0.3758
vn -0.1629 0.9824 -0.0914
vn -0.5733 0.7991 -0.1810
vn -0.3599 0.8332 -0.4198
vn -0.2800 -0.9027 -0.3266
vn 0.0934 -0.9027 -0.4200
vn 0.0615 -0.8644 -0.4990
vn 0.3797 -0.8488 -0.3678
vn 0.3958 -0.8173 -0.4187
vn -0.1058 -0.8017 -0.5882
vn 0.0000 -1.0000 -0.0000
vn 0.5131 -0.7050 0.4896
vn 0.6394 -0.7670 -0.0540
vn 0.5383 0.8295 -0.1489
vn 0.3911 0.7892 -0.4736
vn 0.1132 0.9920 -0.0566
vn 0.1120 0.9923 0.0524
vn 0.0857 0.9923 0.0898
vn 0.3622 0.6201 0.6959
vn -0.2727 0.6979 0.6623
vn -0.2391 0.7309 0.6393
vn -0.0614 0.6830 0.7278
vn 0.1632 0.8308 0.5322
vn 0.1063 0.8308 0.5464
vn 0.3576 -0.5506 0.7543
vn 0.5272 -0.6549 0.5415
vn -0.4415 -0.8856 -0.1443
vn -0.6022 -0.7496 -0.2747
vn -0.6689 0.7027 -0.2422
vn -0.5679 0.7892 -0.2339
vn -0.1265 0.9920 0.0034
vn -0.4863 0.8020 0.3470
vn -0.0723 0.8233 0.5630
vn -0.1046 0.8012 0.5893
vn 0.3200 0.8237 0.4681
vn -0.1361 0.9773 0.1625
vn -0.0800 0.9876 0.1350
vn 0.2401 0.5935 0.7682
vn -0.0742 0.7656 0.6390
vn 0.1412 -0.4641 0.8745
vn 0.2181 -0.5575 0.8010
vn -0.6687 -0.7069 0.2305
vn -0.6256 -0.7331 0.2668
vn -0.6346 0.7615 0.1320
vn -0.6377 0.7576 0.1390
vn -0.4289 0.8993 0.0849
vn -0.4324 0.8980 -0.0817
vn -0.4855 0.8737 -0.0319
vn -0.3977 0.8250 -0.4015
vn -0.1357 0.8565 -0.4981
vn -0.1500 0.9606 -0.2341
vn -0.1437 0.9605 -0.2382
vn -0.3643 0.7088 -0.6040
vn 0.4316 0.7089 -0.5579
vn 0.2932 0.8185 -0.4941
vn 0.4938 0.7970 -0.3478
vn 0.5029 0.7913 -0.3477
vn 0.1465 0.7863 -0.6002
vn 0.2077 -0.6234 -0.7538
vn 0.6024 -0.5458 -0.5824
vn 0.5128 -0.8474 -0.1374
vn 0.8182 -0.5675 0.0917
vn 0.5528 -0.6459 0.5265
vn 0.4966 0.7236 0.4793
vn 0.6186 0.7575 0.2086
vn 0.4242 0.8955 0.1344
vn 0.3773 0.9040 0.2009
vn 0.2707 0.9518 0.1441
vn 0.1076 0.9549 0.2768
vn -0.1389 0.9549 0.2626
vn -0.2427 0.8547 0.4588
vn -0.2804 0.8350 0.4734
vn -0.1650 0.9857 0.0347
vn -0.1729 0.9838 -0.0468
vn -0.1478 0.9844 -0.0955
vn -0.4535 0.6987 -0.5533
vn -0.0399 0.7021 -0.7109
vn -0.0761 0.7862 -0.6133
vn -0.4595 0.7912 -0.4035
vn -0.5173 -0.7735 -0.3661
vn -0.2493 -0.7910 -0.5587
vn -0.2192 -0.8150 -0.5364
vn 0.2797 -0.8150 -0.5075
vn -0.4010 0.8802 -0.2539
vn -0.3916 0.9163 -0.0838
vn -0.5662 0.7515 0.3386
vn -0.6086 0.7609 0.2249
vn -0.5782 0.7877 0.2125
vn -0.5451 0.8295 0.1219
vn -0.5896 -0.7670 0.2532
vn -0.5541 -0.7874 0.2701
vn -0.0022 -1.0000 0.0011
vn -0.0017 -1.0000 0.0019
vn -0.0007 -1.0000 0.0025
vn 0.3918 -0.6476 0.6535
vn -0.0018 -1.0000 -0.0008
vn -0.1834 -0.8017 -0.5688
vn -0.2572 -0.7084 -0.6573
vn -0.1840 0.8388 -0.5124
vn -0.1732 0.7020 -0.6908
vn -0.0391 0.9938 -0.1045
vn -0.1041 0.9944 -0.0167
vn -0.1045 0.9944 -0.0145
vn -0.6568 0.7234 0.2128
vn -0.2184 0.7256 0.6525
vn -0.2182 0.7012 0.6788
vn 0.1881 0.8547 0.4839
vn 0.2239 0.8350 0.5026
vn 0.0638 0.9876 0.1433
vn 0.1164 0.9773 0.1771
vn -0.1962 0.6923 0.6944
vn 0.1269 0.6137 0.7792
vn 0.0819 0.7101 0.6993
vn 0.7297 0.6311 0.2630
vn 0.9083 -0.2603 0.3274
vn 0.6282 -0.7616 -0.1589
vn -0.3089 -0.5574 0.7706
vn 0.8287 -0.3960 -0.3955
vn 0.7259 -0.5644 0.3932
vn 0.7174 -0.5811 0.3844
vn 0.1200 -0.7179 0.6857
vn 0.1232 -0.6121 0.7811
vn -0.4876 -0.7269 0.4836
vn -0.5590 -0.6592 0.5029
vn -0.7982 -0.6006 -0.0468
vn -0.8895 -0.4484 -0.0882
vn -0.6294 -0.2783 -0.7255
vn -0.7198 -0.0028 -0.6942
vn 0.0191 0.1302 -0.9913
vn -0.4053 0.8398 0.3612
vn -0.1703 0.9825 0.0755
vn -0.6006 0.7800 -0.1758
vn -0.7092 0.6844 -0.1689
vn -0.6268 -0.7427 -0.2357
vn -0.6149 -0.7564 -0.2231
vn 0.1870 -0.4833 0.8552
vn 0.2387 -0.7923 0.5615
vn 0.2182 0.5868 0.7798
vn 0.1144 0.6925 0.7123
vn 0.5563 0.8283 0.0663
vn 0.5788 0.8054 0.1276
vn 0.6437 0.7602 -0.0880
vn 0.6752 0.7370 0.0303
vn 0.1111 0.9905 0.0813
vn 0.0854 0.9944 -0.0620
vn 0.6797 0.7234 -0.1213
vn 0.6857 0.7167 -0.1266
vn 0.7317 -0.6681 -0.1351
vn 0.3673 -0.8944 -0.2553
vn 0.0239 0.9076 0.4193
vn 0.0568 0.8977 0.4368
vn 0.7493 -0.0557 0.6599
vn 0.9362 0.3328 0.1134
vn 0.9946 -0.0600 -0.0852
vn 0.9959 -0.0524 -0.0744
vn 0.9913 -0.0974 -0.0882
vn 0.9723 -0.1594 -0.1710
vn -0.5509 -0.7085 0.4411
vn -0.6185 -0.6459 0.4475
vn -0.5537 0.7268 0.4064
vn -0.5484 0.7379 0.3934
vn -0.1901 0.1655 0.9677
vn -0.5602 0.1579 0.8131
vn -0.6401 0.2600 0.7230
vn -0.8939 -0.1944 0.4040
vn -0.9984 -0.0092 0.0558
vn -0.9920 0.0551 0.1135
vn -0.9924 0.0547 0.1107
vn -0.7206 0.6933 -0.0072
vn -0.7129 0.7012 -0.0030
vn -0.4534 0.6988 -0.5533
vn -0.5312 -0.5456 -0.6482
vn -0.1191 -0.6232 -0.7729
vn -0.0548 -0.7425 -0.6676
vn -0.5309 -0.7464 -0.4012
vn 0.6140 0.0038 0.7893
vn 0.8108 0.4751 0.3418
vn 0.8128 0.4743 0.3382
vn 0.4957 0.8394 -0.2231
vn 0.6499 0.5401 -0.5348
vn -0.0633 0.5627 -0.8242
vn -0.0619 0.5642 -0.8233
vn -0.7901 -0.2226 0.5712
vn -0.6059 0.6641 0.4380
vn 0.0341 0.7085 0.7049
vn 0.0078 0.6201 0.7845
vn 0.5523 0.6979 0.4561
vn -0.0035 0.9934 0.1146
vn -0.0167 0.9914 0.1299
vn 0.0013 -1.0000 -0.0015
vn 0.0044 -1.0000 -0.0004
vn -0.0041 -1.0000 0.0017
vn -0.0040 -1.0000 -0.0013
vn -0.5463 -0.8173 -0.1832
vn -0.5081 -0.8488 -0.1459
vn -0.4872 0.8516 -0.1934
vn -0.1882 0.9572 -0.2197
vn -0.2227 0.9717 0.0788
vn -0.2373 0.8630 0.4461
vn -0.3688 0.8091 0.4574
vn -0.4035 0.7445 0.5318
vn -0.6850 0.6035 0.4082
vn 0.8197 -0.4796 0.3133
vn 0.4197 -0.5567 0.7169
vn 0.1776 -0.3597 0.9160
vn -0.5545 -0.3324 0.7629
vn -0.4518 -0.7295 0.5136
vn -0.5063 -0.6913 0.5155
vn 0.9561 0.2669 0.1210
vn 0.6293 0.5616 -0.5372
vn 0.6820 0.1649 -0.7126
vn 0.6714 0.1496 -0.7259
vn 0.6704 0.0845 -0.7371
vn 0.6076 -0.0029 -0.7942
vn 0.3404 0.9199 -0.1949
vn 0.2248 0.8878 -0.4015
vn -0.0146 0.9938 -0.1106
vn -0.1722 0.7020 -0.6911
vn 0.3154 0.7199 -0.6183
vn 0.3271 0.7088 -0.6250
vn -0.5692 0.7199 -0.3971
vn -0.5827 0.7088 -0.3976
vn -0.6358 -0.6384 -0.4338
vn -0.4442 -0.8944 -0.0524
vn 0.0024 -1.0000 0.0009
vn 0.3217 -0.8856 -0.3351
vn 0.9659 -0.2226 0.1323
vn 0.7407 0.6641 0.1014
vn 0.3016 0.7085 0.6381
vn 0.0025 -1.0000 -0.0001
vn 0.6160 -0.7874 -0.0223
vn 0.4022 -0.7496 -0.5257
vn 0.4763 0.7027 -0.5285
vn 0.7493 0.6537 0.1061
vn 0.1703 0.9605 -0.2201
vn 0.1761 0.9606 -0.2152
vn 0.1923 0.8565 -0.4790
vn 0.4414 0.8250 -0.3529
vn 0.4859 0.8737 0.0244
vn 0.4463 0.8946 -0.0228
vn -0.7877 0.4996 -0.3604
vn -0.7598 0.6396 -0.1163
vn -0.9141 0.3332 0.2310
vn -0.7045 0.5771 0.4132
vn -0.5356 0.3891 0.7495
vn -0.3285 0.6931 0.6416
vn 0.3464 -0.7971 0.4946
vn -0.2846 -0.4837 0.8277
vn -0.2414 -0.4646 0.8520
vn -0.0000 0.7656 0.6433
vn -0.1935 -0.8720 0.4496
vn 0.0448 -0.3744 0.9262
vn 0.3887 -0.8861 0.2526
vn 0.5117 0.7309 0.4516
vn 0.3966 0.6830 0.6133
vn -0.2390 0.9276 0.2872
vn -0.1883 0.9197 0.3446
vn -0.1913 0.9090 0.3703
vn -0.1150 0.9079 0.4030
vn -0.1224 -0.5291 0.8397
vn 0.0018 -1.0000 0.0019
vn -0.2105 -0.6549 0.7258
vn -0.2241 -0.8861 0.4058
vn 0.0847 -0.6756 0.7324
vn 0.0672 -0.5907 0.8041
vn 0.3121 -0.3492 0.8835
vn 0.0420 0.9106 0.4112
vn 0.7341 -0.4387 0.5182
vn 0.7434 -0.3722 0.5558
vn 0.7611 -0.3240 0.5620
vn 0.7444 -0.0894 0.6618
vn 0.6384 -0.7077 0.3027
vn 0.5930 -0.7332 0.3330
vn 0.6157 0.7624 0.1992
vn -0.0435 0.1936 -0.9801
vn -0.0154 -0.0403 -0.9991
vn -0.1106 0.0856 -0.9902
vn -0.0784 -0.3250 -0.9425
vn 0.1008 0.9824 -0.1573
vn 0.0618 0.9827 -0.1747
vn 0.2280 0.7294 -0.6450
vn -0.5046 0.7294 -0.4619
vn -0.6199 -0.5888 0.5187
vn -0.8626 -0.3300 0.3833
vn -0.2891 0.9150 0.2813
vn -0.2870 0.9139 0.2872
vn 0.1100 -0.3248 0.9393
vn -0.3020 -0.7922 0.5303
vn -0.3066 0.5870 0.7493
vn -0.3269 0.5937 0.7352
vn 0.2736 0.9552 0.1129
vn 0.0618 0.9904 -0.1238
vn 0.2495 0.8294 -0.4999
vn -0.1900 0.8294 -0.5254
vn 0.3669 0.8394 0.4010
vn 0.1616 0.9827 0.0905
vn 0.1546 0.9817 0.1109
vn 0.7318 0.6278 0.2652
vn -0.7574 0.6279 0.1788
vn -0.7551 0.6313 0.1770
vn -0.9399 -0.2607 0.2203
vn -0.4023 -0.7967 0.4510
vn 0.0029 -1.0000 -0.0031
vn 0.0004 -1.0000 -0.0036
vn -0.0021 -1.0000 -0.0030
vn -0.2891 -0.8644 -0.4114
vn 0.5142 0.6989 -0.4971
vn 0.5141 0.6989 -0.4971
vn 0.1218 0.7024 -0.7012
vn 0.0742 0.9854 -0.1529
vn 0.1590 0.9856 0.0577
vn 0.1772 0.9838 -0.0265
vn 0.7165 0.6934 0.0760
vn 0.7081 0.7017 0.0794
vn 0.4172 0.3417 0.8421
vn 0.4671 0.3139 0.8266
vn 0.6095 0.0029 0.7927
vn 0.6083 0.0047 0.7937
vn -0.5040 -0.0044 -0.8637
vn 0.4192 -0.3412 -0.8413
vn 0.4854 -0.3234 -0.8123
vn 0.8226 -0.5002 -0.2704
vn 0.5053 -0.7130 0.4861
vn 0.5119 0.7012 0.4963
vn 0.4997 0.7256 0.4731
vn -0.8761 0.3458 -0.3358
vn -0.8512 0.4913 -0.1847
vn -0.4361 0.3326 -0.8362
vn -0.6337 0.1441 0.7600
vn -0.8934 0.3858 0.2301
vn -0.1667 0.9817 0.0924
vn -0.0965 0.9798 0.1751
vn -0.2167 0.6135 0.7594
vn -0.7498 -0.1405 -0.6466
vn -0.6277 -0.4469 -0.6374
vn -0.7362 -0.3681 -0.5679
vn 0.0570 0.9934 0.0994
vn 0.0758 0.9914 0.1068
vn 0.3347 0.8160 0.4713
vn -0.0787 0.8388 -0.5387
vn 0.3389 0.8516 -0.3999
vn -0.1937 0.3053 0.9323
vn -0.8672 0.2907 0.4044
vn -0.2181 -0.3248 0.9203
vn -0.1623 0.7106 0.6846
vn -0.2857 0.9518 0.1119
vn -0.3922 0.9070 0.1536
vn -0.0470 0.9904 -0.1301
vn -0.2849 0.9552 0.0805
vn 0.1289 0.8700 -0.4759
vn 0.0650 0.9045 -0.4215
vn 0.1833 0.5805 0.7933
vn 0.1915 0.5534 0.8106
vn 0.3569 -0.6384 -0.6819
vn -0.0823 -0.7084 -0.7010
vn -0.7092 -0.6681 0.2251
vn -0.6647 0.7167 0.2110
vn -0.2224 -0.7050 0.6734
vn -0.2171 -0.7130 0.6667
vn -0.0382 -0.6476 0.7610
vn 0.0393 -0.5506 0.8339
vn 0.6157 0.7790 -0.1187
vn 0.7215 0.6849 -0.1019
vn 0.3823 -0.8720 0.3057
vn -0.0183 0.9323 0.3612
vn -0.0818 0.9280 0.3636
vn -0.7704 -0.6369 0.0297
vn -0.8315 -0.5546 -0.0306
vn 0.1201 0.8332 -0.5398
vn 0.4208 0.7991 -0.4294
vn -0.3229 0.9054 0.2756
vn -0.9970 -0.0060 -0.0774
vn -0.4891 0.8057 0.3341
vn -0.7583 0.4218 0.4970
vn 0.5736 -0.7466 -0.3371
vn 0.1316 -0.7426 -0.6566
vn 0.3123 -0.7910 -0.5262
vn 0.5562 -0.7735 -0.3040
vn -0.0334 0.9923 0.1196
vn -0.0742 0.9923 0.0990
vn -0.2341 0.8186 -0.5245
vn -0.4502 0.7971 -0.4025
vn -0.5887 0.7828 0.2018
vn -0.5906 0.7890 0.1692
vn -0.8236 -0.5671 -0.0035
vn -0.4936 -0.8474 -0.1959
vn -0.1333 0.8602 0.4922
vn 0.1338 0.9623 0.2369
vn 0.1579 0.9844 -0.0778
vn 0.4900 -0.7058 0.5116
vn 0.6479 -0.7411 -0.1761
vn 0.4922 0.7373 0.4629
vn -0.0560 0.9854 -0.1605
vn 0.0753 0.9798 0.1851
vn -0.0598 0.9905 0.1240
vn -0.6112 0.6537 0.4462
vn -0.9917 -0.1126 -0.0620
vn -0.5333 -0.5341 0.6560
vn -0.1367 0.9827 -0.1251
vn 0.3962 -0.3744 0.8383
vn 0.1406 -0.7016 0.6986
vn -0.7175 0.6920 -0.0796
vn 0.6303 0.6203 0.4669
vn 0.6102 0.7877 -0.0845
vn 0.0840 0.9944 -0.0637
usemtl None
s off
f 804//820 798//820 790//820
f 798//821 804//821 774//821
f 782//822 774//822 804//822
f 774//823 782//823 776//823
f 783//823 776//823 782//823
f 776//824 783//824 914//824
f 981//825 914//825 783//825
f 914//826 981//826 980//826
f 979//827 980//827 981//827
f 980//828 979//828 978//828
f 802//829 978//829 979//829
f 978//830 802//830 908//830
f 905//831 908//831 802//831
f 908//832 905//832 800//832
f 904//833 800//833 905//833
f 800//834 904//834 906//834
f 901//835 906//835 904//835
f 906//836 901//836 903//836
f 900//837 903//837 901//837
f 903//838 900//838 769//838
f 767//839 769//839 900//839
f 769//840 767//840 770//840
f 768//841 770//841 767//841
f 770//842 768//842 779//842
f 784//843 779//843 768//843
f 779//844 784//844 983//844
f 971//845 983//845 784//845
f 983//846 971//846 982//846
f 969//847 982//847 971//847
f 982//848 969//848 916//848
f 894//849 916//849 969//849
f 916//850 894//850 893//850
f 922//851 893//851 894//851
f 893//852 922//852 897//852
f 925//853 897//853 922//853
f 897//854 925//854 896//854
f 924//855 896//855 925//855
f 896//856 924//856 923//856
f 890//857 923//857 924//857
f 923//858 890//858 734//858
f 967//859 734//859 890//859
f 734//860 967//860 735//860
f 968//861 735//861 967//861
f 733//862 735//862 968//862
f 966//863 733//863 968//863
f 733//864 966//864 955//864
f 953//865 955//865 966//865
f 955//866 953//866 889//866
f 963//867 889//867 953//867
f 889//868 963//868 937//868
f 961//869 937//869 963//869
f 937//870 961//870 960//870
f 952//871 960//871 961//871
f 960//872 952//872 956//872
f 764//873 956//873 952//873
f 956//874 764//874 766//874
f 745//875 766//875 764//875
f 766//876 745//876 751//876
f 750//877 751//877 745//877
f 751//878 750//878 763//878
f 752//878 763//878 750//878
f 763//878 752//878 737//878
f 965//879 737//879 752//879
f 737//880 965//880 757//880
f 758//881 757//881 965//881
f 757//882 758//882 741//882
f 985//883 741//883 758//883
f 741//884 985//884 754//884
f 739//885 754//885 985//885
f 754//886 739//886 738//886
f 756//887 738//887 739//887
f 738//888 756//888 755//888
f 919//889 755//889 756//889
f 755//890 919//890 887//890
f 946//891 887//891 919//891
f 887//892 946//892 950//892
f 933//893 950//893 946//893
f 950//878 933//878 927//878
f 934//878 927//878 933//878
f 927//878 934//878 951//878
f 931//894 951//894 934//894
f 951//895 931//895 948//895
f 932//896 948//896 931//896
f 948//897 932//897 949//897
f 920//898 949//898 932//898
f 949//899 920//899 891//899
f 919//900 891//900 920//900
f 891//901 919//901 890//901
f 967//902 890//902 919//902
f 835//903 813//903 818//903
f 813//904 835//904 812//904
f 834//905 812//905 835//905
f 812//906 834//906 805//906
f 838//907 805//907 834//907
f 805//908 838//908 815//908
f 839//878 815//878 838//878
f 815//878 839//878 816//878
f 836//909 816//909 839//909
f 816//910 836//910 806//910
f 837//911 806//911 836//911
f 806//912 837//912 814//912
f 810//913 814//913 837//913
f 814//914 810//914 811//914
f 807//915 811//915 810//915
f 811//916 807//916 825//916
f 848//917 825//917 807//917
f 825//918 848//918 846//918
f 842//919 846//919 848//919
f 846//920 842//920 840//920
f 883//921 840//921 842//921
f 840//922 883//922 882//922
f 865//923 882//923 883//923
f 882//924 865//924 864//924
f 863//925 864//925 865//925
f 864//926 863//926 869//926
f 880//927 869//927 863//927
f 869//928 880//928 871//928
f 867//929 871//929 880//929
f 871//930 867//930 849//930
f 855//931 849//931 867//931
f 849//932 855//932 877//932
f 852//933 877//933 855//933
f 877//934 852//934 851//934
f 886//935 851//935 852//935
f 851//936 886//936 808//936
f 809//937 808//937 886//937
f 808//938 809//938 812//938
f 813//939 812//939 809//939
f 811//940 828//940 814//940
f 828//941 811//941 844//941
f 826//942 844//942 811//942
f 844//943 826//943 823//943
f 825//944 823//944 826//944
f 823//945 825//945 824//945
f 845//946 824//946 825//946
f 824//947 845//947 847//947
f 840//948 847//948 845//948
f 847//949 840//949 885//949
f 884//950 885//950 840//950
f 885//878 884//878 815//878
f 870//878 815//878 884//878
f 815//878 870//878 856//878
f 869//878 856//878 870//878
f 856//878 869//878 871//878
f 918//951 889//951 937//951
f 889//952 918//952 892//952
f 921//953 892//953 918//953
f 892//954 921//954 949//954
f 888//955 949//955 921//955
f 949//956 888//956 948//956
f 928//957 948//957 888//957
f 948//958 928//958 951//958
f 913//959 951//959 928//959
f 951//960 913//960 927//960
f 926//961 927//961 913//961
f 927//878 926//878 950//878
f 887//962 950//962 926//962
f 959//959 913//959 928//959
f 913//963 959//963 942//963
f 941//878 942//878 959//878
f 942//964 941//964 936//964
f 935//965 936//965 941//965
f 936//966 935//966 937//966
f 938//967 937//967 935//967
f 937//968 938//968 918//968
f 958//969 918//969 938//969
f 918//970 958//970 940//970
f 939//971 940//971 958//971
f 940//972 939//972 921//972
f 888//973 921//973 939//973
f 812//974 851//974 808//974
f 851//975 812//975 854//975
f 875//976 854//976 812//976
f 854//977 875//977 858//977
f 857//978 858//978 875//978
f 858//979 857//979 873//979
f 872//980 873//980 857//980
f 873//981 872//981 859//981
f 862//982 859//982 872//982
f 859//983 862//983 879//983
f 878//878 879//878 862//878
f 879//878 878//878 815//878
f 805//984 815//984 878//984
f 733//985 971//985 735//985
f 735//986 971//986 970//986
f 784//987 970//987 971//987
f 970//988 784//988 778//988
f 768//989 778//989 784//989
f 778//990 768//990 777//990
f 767//991 777//991 768//991
f 777//992 767//992 917//992
f 900//993 917//993 767//993
f 917//994 900//994 898//994
f 901//995 898//995 900//995
f 898//996 901//996 902//996
f 837//997 813//997 809//997
f 813//998 837//998 820//998
f 836//999 820//999 837//999
f 820//1000 836//1000 819//1000
f 839//1001 819//1001 836//1001
f 819//1002 839//1002 822//1002
f 838//878 822//878 839//878
f 822//878 838//878 821//878
f 834//1003 821//1003 838//1003
f 821//1004 834//1004 817//1004
f 835//1005 817//1005 834//1005
f 817//1006 835//1006 818//1006
f 758//1007 967//1007 985//1007
f 967//1008 758//1008 968//1008
f 986//1009 968//1009 758//1009
f 968//1010 986//1010 984//1010
f 749//1011 984//1011 986//1011
f 984//1012 749//1012 762//1012
f 748//1013 762//1013 749//1013
f 762//1014 748//1014 761//1014
f 752//1015 761//1015 748//1015
f 761//1016 752//1016 750//1016
f 787//1017 792//1017 781//1017
f 792//1018 787//1018 977//1018
f 975//1019 977//1019 787//1019
f 977//1020 975//1020 974//1020
f 973//1021 974//1021 975//1021
f 974//1022 973//1022 972//1022
f 983//1023 972//1023 973//1023
f 972//1024 983//1024 982//1024
f 815//878 847//878 885//878
f 847//878 815//878 830//878
f 816//878 830//878 815//878
f 830//878 816//878 831//878
f 806//1025 831//1025 816//1025
f 831//1026 806//1026 827//1026
f 814//1027 827//1027 806//1027
f 827//1028 814//1028 828//1028
f 774//1029 789//1029 798//1029
f 789//1030 774//1030 797//1030
f 803//1031 797//1031 774//1031
f 797//1032 803//1032 788//1032
f 799//1033 788//1033 803//1033
f 788//1034 799//1034 791//1034
f 906//1035 791//1035 799//1035
f 844//1036 827//1036 828//1036
f 827//1037 844//1037 843//1037
f 823//1038 843//1038 844//1038
f 843//1039 823//1039 829//1039
f 824//1040 829//1040 823//1040
f 829//1041 824//1041 830//1041
f 847//1042 830//1042 824//1042
f 977//1043 801//1043 792//1043
f 801//1044 977//1044 802//1044
f 976//1045 802//1045 977//1045
f 802//1046 976//1046 905//1046
f 902//1047 905//1047 976//1047
f 905//1048 902//1048 904//1048
f 901//1049 904//1049 902//1049
f 944//1050 931//1050 934//1050
f 931//1051 944//1051 945//1051
f 929//1052 945//1052 944//1052
f 945//1053 929//1053 930//1053
f 947//1054 930//1054 929//1054
f 930//1055 947//1055 920//1055
f 919//1056 920//1056 947//1056
f 913//1057 751//1057 763//1057
f 751//1058 913//1058 964//1058
f 942//1059 964//1059 913//1059
f 964//1060 942//1060 962//1060
f 936//1061 962//1061 942//1061
f 962//1062 936//1062 960//1062
f 937//1063 960//1063 936//1063
f 907//1064 908//1064 800//1064
f 908//1065 907//1065 911//1065
f 910//1065 911//1065 907//1065
f 911//1066 910//1066 914//1066
f 912//1067 914//1067 910//1067
f 914//1068 912//1068 775//1068
f 909//1069 775//1069 912//1069
f 970//1070 734//1070 735//1070
f 734//1071 970//1071 923//1071
f 895//1072 923//1072 970//1072
f 923//1073 895//1073 896//1073
f 778//1074 896//1074 895//1074
f 896//1075 778//1075 777//1075
f 974//1076 976//1076 977//1076
f 976//1077 974//1077 902//1077
f 972//1078 902//1078 974//1078
f 902//1079 972//1079 899//1079
f 982//1080 899//1080 972//1080
f 899//1081 982//1081 916//1081
f 984//1082 966//1082 968//1082
f 966//1083 984//1083 746//1083
f 747//1084 746//1084 984//1084
f 746//1085 747//1085 744//1085
f 762//1086 744//1086 747//1086
f 744//1087 762//1087 761//1087
f 935//1088 958//1088 938//1088
f 958//1089 935//1089 957//1089
f 941//1090 957//1090 935//1090
f 957//1091 941//1091 943//1091
f 959//878 943//878 941//878
f 943//878 959//878 928//878
f 760//1092 736//1092 913//1092
f 736//878 760//878 743//878
f 740//1093 743//1093 760//1093
f 743//1094 740//1094 753//1094
f 754//1095 753//1095 740//1095
f 753//1096 754//1096 738//1096
f 737//1097 913//1097 763//1097
f 913//1097 737//1097 760//1097
f 757//1098 760//1098 737//1098
f 760//1099 757//1099 740//1099
f 741//1100 740//1100 757//1100
f 740//1101 741//1101 754//1101
f 848//1102 883//1102 842//1102
f 883//1103 848//1103 865//1103
f 850//1104 865//1104 848//1104
f 865//1105 850//1105 853//1105
f 852//1106 853//1106 850//1106
f 853//1107 852//1107 855//1107
f 799//1108 800//1108 906//1108
f 800//1109 799//1109 909//1109
f 773//1110 909//1110 799//1110
f 909//1111 773//1111 775//1111
f 776//1112 775//1112 773//1112
f 775//1113 776//1113 914//1113
f 861//1114 862//1114 872//1114
f 862//878 861//878 878//878
f 874//1115 878//1115 861//1115
f 878//1116 874//1116 805//1116
f 812//1117 805//1117 874//1117
f 933//1118 944//1118 934//1118
f 944//1119 933//1119 929//1119
f 946//1120 929//1120 933//1120
f 929//1121 946//1121 947//1121
f 919//1122 947//1122 946//1122
f 795//1123 793//1123 771//1123
f 793//1124 795//1124 772//1124
f 785//1125 772//1125 795//1125
f 772//1126 785//1126 796//1126
f 770//1127 796//1127 785//1127
f 736//1128 926//1128 913//1128
f 926//878 736//878 759//878
f 742//878 759//878 736//878
f 759//1129 742//1129 755//1129
f 738//1130 755//1130 742//1130
f 780//1131 770//1131 779//1131
f 770//1132 780//1132 796//1132
f 787//1133 796//1133 780//1133
f 796//1134 787//1134 781//1134
f 973//1135 779//1135 983//1135
f 779//1136 973//1136 780//1136
f 975//1137 780//1137 973//1137
f 780//1138 975//1138 787//1138
f 856//878 879//878 815//878
f 879//1139 856//1139 876//1139
f 849//1140 876//1140 856//1140
f 876//1141 849//1141 877//1141
f 899//1142 898//1142 902//1142
f 898//1143 899//1143 915//1143
f 916//1144 915//1144 899//1144
f 915//1145 916//1145 893//1145
f 765//1146 963//1146 746//1146
f 963//1147 765//1147 954//1147
f 952//1148 954//1148 765//1148
f 954//1149 952//1149 961//1149
f 795//1150 769//1150 770//1150
f 769//1151 795//1151 786//1151
f 771//1152 786//1152 795//1152
f 786//1153 771//1153 791//1153
f 857//1154 861//1154 872//1154
f 861//1155 857//1155 874//1155
f 875//1156 874//1156 857//1156
f 874//1157 875//1157 812//1157
f 850//1158 886//1158 852//1158
f 886//1159 850//1159 841//1159
f 848//1160 841//1160 850//1160
f 841//1161 848//1161 807//1161
f 854//1162 877//1162 851//1162
f 877//1163 854//1163 860//1163
f 873//1164 860//1164 854//1164
f 860//1165 873//1165 859//1165
f 819//1166 833//1166 820//1166
f 833//1167 819//1167 832//1167
f 822//1168 832//1168 819//1168
f 832//1169 822//1169 821//1169
f 964//1170 766//1170 751//1170
f 766//1171 964//1171 956//1171
f 962//1172 956//1172 964//1172
f 956//1173 962//1173 960//1173
f 863//1174 881//1174 880//1174
f 881//1175 863//1175 866//1175
f 865//1176 866//1176 863//1176
f 866//1177 865//1177 853//1177
f 868//1178 853//1178 855//1178
f 853//1179 868//1179 881//1179
f 867//1180 881//1180 868//1180
f 881//1181 867//1181 880//1181
f 804//1182 979//1182 782//1182
f 979//1183 804//1183 801//1183
f 790//1184 801//1184 804//1184
f 801//1185 790//1185 792//1185
f 894//1186 955//1186 922//1186
f 733//1187 955//1187 894//1187
f 969//1188 733//1188 894//1188
f 733//1189 969//1189 971//1189
f 748//1190 965//1190 752//1190
f 965//1191 748//1191 986//1191
f 749//1192 986//1192 748//1192
f 922//1193 892//1193 925//1193
f 892//1194 922//1194 889//1194
f 955//1195 889//1195 922//1195
f 773//1112 774//1112 776//1112
f 774//1196 773//1196 803//1196
f 799//1197 803//1197 773//1197
f 833//1198 813//1198 820//1198
f 813//1199 833//1199 818//1199
f 817//1200 818//1200 833//1200
f 915//1201 917//1201 898//1201
f 917//1202 915//1202 897//1202
f 893//1203 897//1203 915//1203
f 985//1204 756//1204 739//1204
f 756//1205 985//1205 919//1205
f 967//1206 919//1206 985//1206
f 745//1207 746//1207 744//1207
f 746//1208 745//1208 764//1208
f 924//1209 891//1209 890//1209
f 891//1210 924//1210 925//1210
f 817//1211 832//1211 821//1211
f 832//1212 817//1212 833//1212
f 810//1213 809//1213 886//1213
f 809//1214 810//1214 837//1214
f 807//1215 886//1215 841//1215
f 886//1216 807//1216 810//1216
f 966//1217 963//1217 953//1217
f 963//1218 966//1218 746//1218
f 783//1219 979//1219 981//1219
f 979//1220 783//1220 782//1220
f 750//1221 744//1221 761//1221
f 744//1222 750//1222 745//1222
f 939//1223 957//1223 943//1223
f 957//1224 939//1224 958//1224
f 888//1225 943//1225 928//1225
f 943//1226 888//1226 939//1226
f 759//1227 887//1227 926//1227
f 887//1228 759//1228 755//1228
f 860//1229 876//1229 877//1229
f 876//1230 860//1230 859//1230
f 743//878 742//878 736//878
f 742//1231 743//1231 753//1231
f 794//1232 796//1232 781//1232
f 796//1233 794//1233 772//1233
f 777//1234 897//1234 896//1234
f 897//1235 777//1235 917//1235
f 765//1236 764//1236 952//1236
f 764//1237 765//1237 746//1237
f 906//1238 786//1238 791//1238
f 786//1239 906//1239 903//1239
f 891//1240 892//1240 949//1240
f 892//1241 891//1241 925//1241
f 864//1242 870//1242 884//1242
f 870//1243 864//1243 869//1243
f 882//1244 884//1244 840//1244
f 884//1245 882//1245 864//1245
f 920//1246 945//1246 930//1246
f 945//1247 920//1247 932//1247
f 845//1248 846//1248 840//1248
f 846//1249 845//1249 825//1249
f 910//1250 909//1250 912//1250
f 909//1251 910//1251 907//1251
f 843//1252 831//1252 827//1252
f 831//1253 843//1253 829//1253
f 980//1254 911//1254 914//1254
f 911//1255 980//1255 978//1255
f 853//1256 881//1256 866//1256
f 830//878 831//878 829//878
f 849//1257 856//1257 871//1257
f 879//1258 876//1258 859//1258
f 855//1259 867//1259 868//1259
f 811//1260 825//1260 826//1260
f 873//1261 854//1261 858//1261
f 918//1262 940//1262 921//1262
f 945//1263 932//1263 931//1263
f 786//1264 903//1264 769//1264
f 795//1265 770//1265 785//1265
f 963//1266 954//1266 961//1266
f 742//1267 753//1267 738//1267
f 970//1268 778//1268 895//1268
f 978//1255 908//1255 911//1255
f 800//1269 909//1269 907//1269
f 979//1270 801//1270 802//1270
f 965//1271 986//1271 758//1271
f 984//1272 762//1272 747//1272
o n7b7
v -2.228556 3.284069 -1.050383
v -2.796368 3.712545 -0.823816
v -2.517797 3.576979 -0.783184
v -2.625339 3.580263 -1.221500
v -2.429266 3.508505 -0.989041
v -3.143705 3.527540 -1.483545
v -2.958337 3.140935 -1.700661
v -3.258884 3.737006 -1.238303
v -2.451755 3.024855 -1.646353
v -2.832477 3.595118 -1.382244
v -2.478934 3.071511 -1.428314
v -2.360264 3.071298 -1.294258
v -2.314915 3.151031 -1.141098
v -2.360208 3.280255 -1.027335
v -2.478844 3.409611 -0.996425
v -2.625507 3.489690 -1.060173
v -2.744177 3.489904 -1.194230
v -2.789527 3.410172 -1.347390
v -2.744233 3.280947 -1.461152
v -2.625598 3.151590 -1.492062
v -2.418289 3.179944 -1.470236
v -2.315517 3.179758 -1.354139
v -2.276244 3.248808 -1.221499
v -2.315469 3.360720 -1.122978
v -2.418210 3.472747 -1.096209
v -2.545225 3.542097 -1.151416
v -2.647996 3.542282 -1.267512
v -2.687270 3.473231 -1.400153
v -2.648045 3.361320 -1.498674
v -2.545303 3.249294 -1.525443
v -2.393531 3.315346 -1.451603
v -2.393531 3.315346 -1.451603
v -2.311521 3.355106 -1.307994
v -2.311521 3.355106 -1.307994
v -2.393485 3.484397 -1.235658
v -2.393485 3.484397 -1.235658
v -2.526152 3.524543 -1.334560
v -2.526152 3.524543 -1.334560
v -2.526180 3.420064 -1.468022
v -2.526180 3.420064 -1.468022
v -2.411293 3.441439 -1.377408
v -2.664825 3.071511 -0.153831
v -2.512807 3.071298 -0.248407
v -2.425599 3.151031 -0.382233
v -2.436511 3.280255 -0.504192
v -2.541375 3.409611 -0.567701
v -2.700136 3.489691 -0.548501
v -2.852155 3.489904 -0.453926
v -2.939363 3.410172 -0.320100
v -2.928451 3.280947 -0.198140
v -2.823587 3.151590 -0.134631
v -2.618681 3.179944 -0.096334
v -2.487029 3.179758 -0.178239
v -2.411505 3.248808 -0.294135
v -2.420955 3.360720 -0.399756
v -2.511770 3.472747 -0.454756
v -2.649262 3.542097 -0.438128
v -2.780912 3.542282 -0.356224
v -2.856437 3.473231 -0.240327
v -2.846987 3.361320 -0.134707
v -2.756172 3.249294 -0.079706
v -2.589631 3.315346 -0.107119
v -2.589631 3.315346 -0.107119
v -2.470018 3.355106 -0.221320
v -2.470018 3.355106 -0.221320
v -2.527906 3.484397 -0.314054
v -2.527906 3.484397 -0.314054
v -2.683296 3.524543 -0.257166
v -2.683296 3.524543 -0.257166
v -2.721444 3.420064 -0.129273
v -2.721444 3.420064 -0.129273
v -2.585461 3.441439 -0.183296
v -3.189403 3.405260 -1.468748
v -3.413640 3.677597 -0.913848
v -3.357243 3.405260 -0.318017
v -3.166440 3.489731 -1.477765
v -3.351054 3.760179 -0.904720
v -3.337813 3.489731 -0.302817
v -2.983841 3.108900 -1.691637
v -3.223910 3.108900 -0.045698
v -3.331060 3.604154 -1.236602
v -3.426690 3.604154 -0.580953
v -3.279899 3.696069 -1.236185
v -3.377541 3.696069 -0.566739
v -2.239892 3.312137 -0.742651
v -2.112762 2.823299 -0.301478
v -2.454411 3.201781 -0.176251
v -2.116217 3.059633 -0.505843
v -2.316927 3.284069 -0.444500
v -2.796368 3.712545 -0.823816
v -2.517797 3.576979 -0.783184
v -2.746056 3.580263 -0.393848
v -2.491754 3.508505 -0.560617
v -3.317676 3.527540 -0.290782
v -3.202046 3.140935 -0.029765
v -3.358006 3.737006 -0.558706
v -2.701057 3.024855 0.062887
v -2.990479 3.595118 -0.298967
v -2.239892 3.312137 -0.742651
v -1.992045 2.823299 -1.129130
v -2.283690 3.201781 -1.346727
v -2.053729 3.059633 -0.934267
vt 0.9531 0.2422
vt 0.9375 0.0664
vt 0.9766 0.0664
vt 0.9180 0.2422
vt 0.8750 0.3711
vt 0.8477 0.2422
vt 0.7852 0.3711
vt 0.7656 0.2422
vt 0.7070 0.2422
vt 0.7617 0.0664
vt 0.6914 0.0664
vt 0.4922 0.4922
vt 0.1602 -0.0039
vt 0.4023 0.0156
vt 0.1406 0.2773
vt 0.3477 0.7812
vt 0.1211 0.5312
vt 0.0898 0.7695
vt -0.0156 0.7266
vt 0.0977 0.9688
vt 0.1211 0.5312
vt 0.1406 0.2773
vt -0.0898 0.4492
vt 0.3477 0.7812
vt 0.0898 0.7695
vt 0.2188 0.9180
vt 0.0977 0.9688
vt 0.2812 1.0625
vt 0.8008 0.3711
vt 0.7227 0.2422
vt 0.7422 0.3711
vt 0.7930 0.2422
vt 0.8750 0.2422
vt 0.7930 0.0664
vt 0.8867 0.0664
vt 0.6875 0.2422
vt 0.6719 0.0664
vt 0.7109 0.0664
vt 0.8750 0.3711
vt 0.8477 0.2422
vt 0.7852 0.3711
vt 0.9180 0.2422
vt 0.9531 0.2422
vt 0.9375 0.0664
vt 0.9766 0.0664
vt 0.8828 0.3711
vt 0.9336 0.2422
vt 0.8750 0.2422
vt 0.8867 0.0664
vt 0.7930 0.0664
vt 0.8008 0.3711
vt 0.7930 0.2422
vt 0.7227 0.2422
vt 0.7109 0.0664
vt 0.6719 0.0664
vt 0.7422 0.3711
vt 0.6875 0.2422
vt 0.7070 0.2422
vt 0.6914 0.0664
vt 0.7617 0.0664
vt 0.7656 0.2422
vt 0.8555 0.0664
vt -0.0156 -0.0039
vt -0.0898 0.4492
vt 0.6797 0.6914
vt 0.6797 0.7031
vt 0.6719 0.6992
vt 0.6914 0.6992
vt 0.6914 0.6914
vt 0.6953 0.6836
vt 0.1602 -0.0039
vt 0.4922 0.4922
vt 0.4023 0.0156
vt -0.0156 -0.0039
vt 0.8555 0.0664
vt 0.8828 0.3711
vt 0.9336 0.2422
vt 0.9570 0.0664
vt 0.8750 0.7461
vt 0.7617 0.8203
vt 0.8711 0.9805
vt 0.8086 0.5508
vt 0.9453 0.5508
vt 0.9570 0.0664
vt 0.8750 0.7461
vt 0.8086 0.5508
vt 0.9453 0.5508
vt 0.7617 0.8203
vt 0.8711 0.9805
vt 0.2188 0.9180
vt 0.2812 1.0625
vt 0.4453 1.0312
vt 0.9844 0.8242
vt -0.0156 0.7266
vt 0.4453 1.0312
vt 0.6719 0.6914
vt 0.6641 0.6914
vt 0.9844 0.8242
vt 0.6641 0.6836
vt 0.6562 0.6758
vt 0.6953 0.6914
vt 0.7031 0.6758
vn 0.1524 -0.4294 -0.8902
vn 0.4201 0.0479 -0.9062
vn 0.7480 -0.0456 -0.6622
vn 0.8482 0.1166 -0.5167
vn 0.9481 0.0606 -0.3122
vn 0.9465 0.3226 0.0104
vn 0.9155 -0.0322 0.4011
vn -0.0255 0.5541 0.8320
vn -0.0825 0.5037 0.8599
vn 0.2792 0.6115 0.7404
vn 0.3110 0.6423 0.7005
vn 0.5228 0.6904 0.5001
vn 0.3993 0.8884 0.2266
vn 0.6714 0.7267 0.1450
vn 0.2345 0.9481 -0.2145
vn 0.4981 0.6423 -0.5825
vn 0.6438 0.6904 -0.3300
vn 0.6642 0.6793 -0.3122
vn 0.7403 0.6714 -0.0340
vn 0.7951 0.6059 -0.0260
vn 0.3274 0.9432 -0.0563
vn 0.0977 0.9916 -0.0849
vn -0.1084 0.8946 -0.4336
vn -0.5933 0.7725 -0.2265
vn -0.5932 0.7725 -0.2265
vn 0.8450 0.5347 0.0018
vn 0.7459 0.6397 0.1857
vn 0.4229 0.8937 0.1497
vn 0.1680 0.7837 0.5980
vn 0.6653 0.1166 0.7374
vn 0.5276 -0.0456 0.8482
vn 0.1437 0.0479 0.9885
vn -0.1082 -0.4294 0.8966
vn 0.0518 0.2687 0.9618
vn -0.1847 0.3084 0.9331
vn -0.3269 0.6339 0.7009
vn -0.7749 0.3980 0.4910
vn -0.6332 0.7725 0.0476
vn -0.1759 0.7874 0.5908
vn -0.2277 0.8946 0.3846
vn 0.0693 0.9916 0.1092
vn -0.2096 0.9172 -0.3389
vn 0.3318 0.7837 -0.5251
vn 0.2977 0.9432 0.1475
vn 0.4481 0.8937 -0.0226
vn 0.7678 0.6397 0.0351
vn 0.7902 0.4229 -0.4435
vn 0.9919 -0.0322 -0.1229
vn 0.8103 0.5347 0.2396
vn 0.9100 0.3226 0.2604
vn 0.8194 0.0606 0.5700
vn 0.8569 -0.4077 0.3155
vn 0.4373 -0.5595 0.7041
vn -0.1433 0.7691 0.6229
vn 0.1710 0.9461 0.2749
vn 0.1634 0.9482 0.2726
vn -0.7508 0.5996 -0.2771
vn -0.7987 0.5996 0.0511
vn -0.8841 0.4624 0.0673
vn -0.8022 0.3547 0.4802
vn 0.2132 0.5541 -0.8047
vn 0.1665 0.5037 -0.8476
vn 0.0406 0.7691 -0.6378
vn 0.2424 0.9461 -0.2146
vn 0.6202 -0.5595 -0.5499
vn 0.9113 -0.4077 -0.0576
vn 0.3243 0.2687 -0.9070
vn 0.0895 0.3084 -0.9470
vn -0.3161 -0.0637 -0.9466
vn -0.6024 0.3979 -0.6919
vn 0.4798 0.4942 -0.7250
vn 0.7341 0.4182 -0.5350
vn 0.7321 0.6209 -0.2801
vn -0.7750 0.3980 0.4910
vn -0.5733 -0.0637 0.8169
vn 0.6216 0.6209 0.4776
vn 0.5507 0.4182 0.7224
vn 0.2528 0.4942 0.8318
vn 0.6998 0.6714 0.2440
vn 0.7546 0.6059 0.2520
vn 0.7051 0.4907 0.5119
vn 0.4790 0.6115 -0.6298
vn 0.7699 0.2575 -0.5839
vn 0.8312 0.4665 -0.3026
vn 0.0002 0.7874 -0.6164
vn -0.1131 0.6339 -0.7651
vn 0.3217 0.7455 -0.5837
vn 0.4791 0.8215 -0.3092
vn -0.2976 0.9172 0.2649
vn 0.6306 0.4229 0.6508
vn 0.6849 0.7267 0.0528
vn 0.4474 0.8884 -0.1031
vn 0.5710 0.2575 0.7795
vn 0.7101 0.4665 0.5274
vn -0.6720 0.3769 -0.6375
vn -0.8281 0.4624 -0.3171
vn 0.1415 0.7455 0.6513
vn 0.3708 0.8215 0.4331
vn -0.6613 0.1004 -0.7434
vn -0.7826 0.1482 -0.6046
vn -0.8461 0.1004 0.5235
vn -0.9468 0.1684 0.2742
vn 0.5473 0.6793 0.4889
vn -0.6024 0.3980 -0.6919
vn 0.8220 0.4907 -0.2892
usemtl m10
s off
f 1016/219/1273 997/220/1273 1006/221/1273
f 997/220/1273 1016/219/1273 1007/222/1273
f 1017/223/1274 1007/222/1274 1016/219/1274
f 1007/222/1275 1017/223/1275 1008/224/1275
f 1019/225/1276 1008/224/1276 1017/223/1276
f 1008/224/1277 1019/225/1277 1009/226/1277
f 1010/227/1278 1009/226/1278 1019/225/1278
f 1009/226/1279 1010/227/1279 999/228/1279
f 1000/229/1279 999/228/1279 1010/227/1279
f 1083/230/1280 1080/231/1280 1081/232/1280
f 1080/231/1281 1083/230/1281 1084/233/1281
f 1073/234/1282 1084/233/1282 1083/230/1282
f 1084/233/1283 1073/234/1283 1078/235/1283
f 1079/236/1284 1078/235/1284 1073/234/1284
f 1078/235/1285 1079/236/1285 1077/237/1285
f 1071/238/1286 1077/237/1286 1079/236/1286
f 990/239/1287 996/240/1287 988/241/1287
f 996/240/1288 990/239/1288 1087/242/1288
f 991/243/1289 1087/242/1289 990/239/1289
f 987/244/1290 1087/242/1290 991/243/1290
f 1085/245/1291 987/244/1291 991/243/1291
f 987/244/1292 1085/245/1292 1088/246/1292
f 1023/247/1293 1012/248/1293 1021/249/1293
f 1012/248/1294 1023/247/1294 1013/250/1294
f 1014/251/1295 1013/250/1295 1023/247/1295
f 1013/250/1296 1014/251/1296 1003/252/1296
f 1004/253/1297 1003/252/1297 1014/251/1297
f 1021/249/1298 1010/227/1298 1019/225/1298
f 1010/227/1299 1021/249/1299 1011/254/1299
f 1012/248/1300 1011/254/1300 1021/249/1300
f 1011/254/1301 1012/248/1301 1001/255/1301
f 1002/256/1301 1001/255/1301 1012/248/1301
f 1048/257/1302 1039/258/1302 1050/259/1302
f 1039/258/1303 1048/257/1303 1038/260/1303
f 1047/261/1304 1038/260/1304 1048/257/1304
f 1038/260/1305 1047/261/1305 1028/262/1305
f 1037/263/1305 1028/262/1305 1047/261/1305
f 1056/264/1306 1047/261/1306 1048/257/1306
f 1047/261/1307 1056/264/1307 1046/265/1307
f 1045/266/1308 1046/265/1308 1056/264/1308
f 1046/265/1309 1045/266/1309 1035/267/1309
f 1034/268/1310 1035/267/1310 1045/266/1310
f 1054/269/1311 1045/266/1311 1056/264/1311
f 1045/266/1312 1054/269/1312 1044/270/1312
f 1043/271/1313 1044/270/1313 1054/269/1313
f 1044/270/1314 1043/271/1314 1033/272/1314
f 1032/273/1315 1033/272/1315 1043/271/1315
f 1052/274/1316 1043/271/1316 1054/269/1316
f 1043/271/1317 1052/274/1317 1042/275/1317
f 1041/276/1318 1042/275/1318 1052/274/1318
f 1042/275/1319 1041/276/1319 1031/277/1319
f 1030/278/1320 1031/277/1320 1041/276/1320
f 1050/259/1321 1041/276/1321 1052/274/1321
f 1041/276/1322 1050/259/1322 1040/279/1322
f 1039/258/1323 1040/279/1323 1050/259/1323
f 1040/279/1324 1039/258/1324 1029/280/1324
f 1028/262/1325 1029/280/1325 1039/258/1325
f 1084/233/1326 1082/281/1326 1080/231/1326
f 1082/281/1327 1084/233/1327 1076/282/1327
f 1078/235/1328 1076/282/1328 1084/233/1328
f 1076/282/1285 1078/235/1285 1077/237/1285
f 1060/283/1329 1063/284/1329 1069/285/1329
f 1063/284/1330 1060/283/1330 1070/286/1330
f 1068/287/1331 1070/286/1331 1060/283/1331
f 1070/286/1332 1068/287/1332 1061/288/1332
f 992/289/1333 995/290/1333 993/291/1333
f 995/290/1334 992/289/1334 996/240/1334
f 994/292/1335 996/240/1335 992/289/1335
f 996/240/1336 994/292/1336 988/241/1336
f 1008/224/1337 997/220/1337 1007/222/1337
f 997/220/1337 1008/224/1337 998/293/1337
f 1009/226/1338 998/293/1338 1008/224/1338
f 998/293/1338 1009/226/1338 999/228/1338
f 1016/219/1339 1025/294/1339 1017/223/1339
f 1025/294/1340 1016/219/1340 1015/295/1340
f 1005/296/1341 1015/295/1341 1016/219/1341
f 1015/295/1342 1005/296/1342 1004/253/1342
f 1027/297/1343 1018/298/1343 1026/299/1343
f 1018/298/1344 1027/297/1344 1020/300/1344
f 1022/301/1345 1020/300/1345 1027/297/1345
f 1036/302/1346 1046/265/1346 1035/267/1346
f 1046/265/1347 1036/302/1347 1047/261/1347
f 1037/263/1347 1047/261/1347 1036/302/1347
f 1058/303/1348 1051/304/1348 1053/305/1348
f 1051/304/1349 1058/303/1349 1049/306/1349
f 1057/307/1350 1049/306/1350 1058/303/1350
f 1075/308/1351 1071/238/1351 1079/236/1351
f 1071/238/1352 1075/308/1352 1074/309/1352
f 1073/234/1353 1074/309/1353 1075/308/1353
f 1087/242/1354 995/290/1354 996/240/1354
f 995/290/1355 1087/242/1355 1086/310/1355
f 1088/246/1356 1086/310/1356 1087/242/1356
f 1025/294/1357 1014/251/1357 1023/247/1357
f 1014/251/1358 1025/294/1358 1015/295/1358
f 1024/311/1359 1027/297/1359 1026/299/1359
f 1027/297/1360 1024/311/1360 1022/301/1360
f 1013/250/1361 1002/256/1361 1012/248/1361
f 1002/256/1361 1013/250/1361 1003/252/1361
f 1011/254/1362 1000/229/1362 1010/227/1362
f 1000/229/1362 1011/254/1362 1001/255/1362
f 991/243/1363 989/312/1363 1085/245/1363
f 989/312/1364 991/243/1364 990/239/1364
f 1072/313/1365 1073/234/1365 1083/230/1365
f 1073/234/1366 1072/313/1366 1074/309/1366
f 1067/314/1367 1069/285/1367 1062/315/1367
f 1069/285/1368 1067/314/1368 1060/283/1368
f 1058/303/1369 1055/316/1369 1057/307/1369
f 1055/316/1370 1058/303/1370 1053/305/1370
f 1044/270/1310 1034/268/1310 1045/266/1310
f 1034/268/1314 1044/270/1314 1033/272/1314
f 1059/317/1371 1062/315/1371 1065/318/1371
f 1062/315/1372 1059/317/1372 1067/314/1372
f 1042/275/1315 1032/273/1315 1043/271/1315
f 1032/273/1319 1042/275/1319 1031/277/1319
f 1040/279/1320 1030/278/1320 1041/276/1320
f 1030/278/1324 1040/279/1324 1029/280/1324
f 1064/319/1373 1061/288/1373 1066/320/1373
f 1061/288/1374 1064/319/1374 1070/286/1374
f 1073/234/1375 1075/308/1375 1079/236/1375
f 1028/262/1325 1039/258/1325 1038/260/1325
f 1004/253/1376 1014/251/1376 1015/295/1376
f 1005/296/1341 1016/219/1341 1006/221/1341
f 1087/242/1377 987/244/1377 1088/246/1377
f 990/239/1364 988/241/1364 989/312/1364
o n2b2
v 1.063750 0.005167 2.213018
v 1.060736 0.005167 2.210679
v 1.056009 0.003328 2.208680
v 1.068735 0.003328 2.215798
v 1.063148 0.003328 2.215811
v 1.056718 0.002892 2.213208
v 1.069030 -0.000034 2.216365
v 1.056351 -0.000034 2.213398
v 1.065295 0.001177 2.221809
v 1.064476 0.002223 2.221185
v 1.057799 0.001177 2.220063
v 1.058759 0.002223 2.219840
v 1.063179 -0.000034 2.222038
v 1.059466 -0.000034 2.221319
v 1.050408 0.001318 2.205848
v 1.054714 0.001239 2.202374
v 1.056603 0.002829 2.203467
v 1.051343 0.002481 2.206601
v 1.051356 0.001318 2.212747
v 1.052009 0.002481 2.211645
v 1.051022 -0.000034 2.206739
v 1.056066 -0.000034 2.203143
v 1.051820 -0.000034 2.211701
v 1.060836 0.001177 2.223211
v 1.060907 0.002021 2.222294
v 1.068177 0.001458 2.218487
v 1.066947 0.002944 2.218216
v 1.056689 0.001458 2.215635
v 1.058423 0.002944 2.214942
v 1.067076 -0.000034 2.218390
v 1.058257 -0.000034 2.215009
v 1.057672 0.001050 2.194515
v 1.062677 0.005925 2.204144
v 1.058355 0.002267 2.195829
v 1.049221 0.001318 2.209129
v 1.050289 0.002308 2.209021
v 1.055299 0.001050 2.197883
v 1.056750 0.002267 2.198833
v 1.056578 -0.000034 2.198503
v 1.060957 0.003615 2.200834
v 1.075228 0.001302 2.204135
v 1.066311 0.005925 2.203874
v 1.069324 0.005167 2.210121
v 1.069141 0.005167 2.206310
v 1.070221 0.003328 2.201292
v 1.071956 0.003328 2.211232
v 1.073424 0.002892 2.204524
v 1.073791 -0.000034 2.204333
v 1.075631 0.001177 2.216436
v 1.075592 0.002223 2.215407
v 1.078518 0.001177 2.209293
v 1.077785 0.002223 2.209950
v 1.077035 -0.000034 2.214836
v 1.078589 -0.000034 2.211379
v 1.071121 0.001318 2.195081
v 1.065803 0.001239 2.196609
v 1.065613 0.002829 2.198784
v 1.071200 0.002481 2.196280
v 1.076223 0.001318 2.199821
v 1.074946 0.002481 2.199722
v 1.071497 -0.000034 2.196096
v 1.065656 -0.000034 2.198159
v 1.075100 -0.000034 2.199600
v 1.079350 0.001177 2.213587
v 1.078559 0.002021 2.213119
v 1.071257 0.001458 2.216886
v 1.071742 0.002944 2.215724
v 1.075440 0.001458 2.205888
v 1.073877 0.002944 2.206909
v 1.071810 -0.000034 2.215929
v 1.074026 -0.000034 2.206812
v 1.074488 0.001318 2.195995
v 1.073787 0.002308 2.196807
v 1.061791 0.001050 2.194508
v 1.061736 0.002267 2.196241
v 1.061564 -0.000034 2.195911
v 1.058451 -0.000034 2.196015
v 1.064938 0.006554 2.208494
v 1.118879 0.115295 3.101523
v 0.229342 0.086071 2.297920
v 0.734560 0.381596 1.954068
v 1.131786 0.376153 2.620964
v 0.820295 0.381596 2.541963
v 0.655759 0.383850 2.265726
v 0.642118 1.031277 2.016603
v 0.921294 1.058637 1.728595
v 1.314099 0.605816 2.569052
v 0.901426 0.738516 2.571748
v 0.633888 0.898678 2.365849
v 0.548735 1.903738 2.411550
v 1.115484 2.071411 1.907433
v 0.449097 1.372142 2.969161
v 0.706357 2.289901 2.801008
v 1.379136 2.510586 2.330196
v 0.481062 1.617296 3.210468
v 1.212099 2.405057 3.582275
v 1.819662 2.627464 3.155199
v 0.803961 1.695758 3.637050
v 1.821205 2.110556 4.154260
v 2.196295 2.244058 3.953481
v 1.638937 1.639535 4.265611
v 2.064559 1.900380 4.230301
v 2.258720 1.969486 4.126370
v 1.967840 1.619934 4.290423
v 1.064938 -0.005154 2.208494
v 2.261844 1.595075 4.204374
v 0.506424 1.514170 2.146435
v 0.964835 1.605879 1.707132
v 0.458310 1.186957 2.656741
v 0.279990 0.221914 1.890682
v 1.108343 0.221914 2.927094
v 0.592258 0.221914 2.760498
v 0.371892 0.192690 2.244272
v 0.799084 0.542355 2.055117
v 1.216414 0.511116 2.526913
v 0.959756 0.542355 2.489978
v 0.789594 0.548388 2.305701
v 1.111898 -0.003560 2.985940
v 0.622597 -0.003560 2.748595
v 0.338163 -0.003560 2.246309
v 0.627271 0.077667 3.408992
v 0.583770 0.163636 3.325638
v -0.041085 0.077667 2.919399
v 0.057158 0.163636 2.936071
v 0.449901 -0.003560 3.348370
v 0.060692 -0.003560 3.087218
v -0.097347 0.087107 1.442777
v 0.415616 0.081836 1.350892
v 0.537551 0.188455 1.513684
v -0.045225 0.180918 1.541179
v -0.286376 0.087107 2.017862
v -0.186560 0.180918 1.949252
v -0.078574 -0.003560 1.540795
v 0.503401 -0.003560 1.466305
v -0.205173 -0.003560 1.946996
v 0.159953 0.077667 3.344929
v 0.202745 0.150120 3.270288
v 0.943882 0.096481 3.133647
v 0.841255 0.196190 3.065236
v 0.252102 0.096481 2.461498
v 0.414852 0.196190 2.468738
v 0.845906 -0.003560 3.084674
v 0.399310 -0.003560 2.468115
v 0.977350 0.069187 0.758416
v 1.010538 0.376153 1.789554
v 0.985583 0.166574 0.894723
v 0.970216 0.511116 1.860574
v 0.988635 -0.003560 0.945237
v -0.328666 0.087107 1.675030
v -0.231476 0.169335 1.705852
v 0.233900 -0.003560 1.877397
v 0.639376 0.069187 0.953785
v 0.728616 0.166574 1.088052
v 0.727192 -0.003560 1.064485
v 1.016945 0.241169 1.413940
v 1.026786 -0.005518 1.576866
v 1.905223 0.086071 2.196693
v 1.322028 0.370711 1.868555
v 1.407763 0.370711 2.456450
v 1.486564 0.368457 2.144792
v 1.307879 0.964733 1.670535
v 1.567186 0.671973 2.225679
v 1.575416 0.804572 1.876434
v 1.817349 1.776939 1.752114
v 2.243187 1.192820 2.036577
v 2.105293 2.150076 2.073828
v 2.459456 1.419553 2.182081
v 2.433310 2.282109 2.849001
v 2.636572 1.512586 2.684442
v 2.549397 2.037772 3.775740
v 2.668756 1.536603 3.730302
v 2.441499 1.862705 4.034364
v 2.500914 1.566653 4.013327
v 1.565013 1.408362 1.596171
v 1.955381 1.037322 1.878550
v 1.805926 0.221914 1.798512
v 1.600624 0.221914 2.699590
v 1.757253 0.192690 2.160593
v 1.228741 0.513500 1.896538
v 1.389413 0.513500 2.331400
v 1.398903 0.507468 2.080816
v 1.569073 -0.003560 2.691425
v 1.790981 -0.003560 2.158556
v 1.643922 0.077667 3.347584
v 1.677073 0.163636 3.259600
v 2.248489 0.077667 2.781104
v 2.152966 0.163636 2.809479
v 1.812705 -0.003560 3.266054
v 2.167651 -0.003560 2.959953
v 2.126608 0.087107 1.308445
v 1.606314 0.081836 1.278971
v 1.504860 0.188455 1.455256
v 2.086708 0.180918 1.412406
v 2.383483 0.087107 1.856597
v 2.276134 0.180918 1.800500
v 2.119769 -0.003560 1.408010
v 1.533059 -0.003560 1.404111
v 2.294340 -0.003560 1.796020
v 2.100131 0.077667 3.227738
v 2.048666 0.150120 3.158790
v 1.296470 0.096481 3.112350
v 1.390117 0.196190 3.032084
v 1.902318 0.096481 2.361821
v 1.741623 0.196190 2.388598
v 1.387839 -0.003560 3.051940
v 1.756976 -0.003560 2.386108
v 2.384200 0.087107 1.511167
v 2.291426 0.169335 1.553463
v 1.850082 -0.003560 1.779776
v 1.336383 0.069187 0.911684
v 1.263953 0.166574 1.055716
v 1.262530 -0.003560 1.032150
v 0.818062 0.788023 3.165141
v 1.509930 0.493551 2.983938
v 0.893549 0.805268 3.446596
v 1.619706 0.444757 3.190228
v 1.317500 1.017637 3.764327
v 1.887264 0.703105 3.655275
v 1.758296 1.138365 4.220174
v 2.111398 0.932080 4.042432
v 2.027255 1.323882 4.269387
v 2.210034 1.217101 4.177381
v 0.848683 0.815917 2.865312
v 1.371229 0.618400 2.702502
v 2.086676 0.661224 2.505704
v 2.292485 0.665442 2.719416
v 2.345297 0.914908 3.230069
v 2.486488 1.065582 3.841653
v 2.404195 1.286207 4.073450
v 1.829849 0.710110 2.350687
v 1.905168 0.500843 3.728609
v 1.173958 0.881870 3.873268
v 2.493274 0.750003 3.187476
v 1.350102 0.988807 3.859225
v 1.946585 0.707315 3.768586
v 2.399529 0.883916 3.313723
v 1.042307 1.339511 3.717681
v 2.512409 1.192572 2.953509
v 1.578157 0.800884 3.762934
v 2.163762 0.742352 3.458532
v 1.511333 0.626588 3.872427
v 2.265867 0.552268 3.486977
v 1.630158 0.790601 3.880126
v 2.228086 0.730837 3.569318
v 1.228632 1.651800 4.057624
v 1.545320 2.288069 3.973425
v 2.732469 1.501490 3.275915
v 2.563325 2.190365 3.389152
v 1.531741 0.987248 4.090340
v 2.484839 0.891985 3.594911
v 1.069609 0.001738 2.217479
v 1.055364 0.001302 2.214461
v 1.060368 0.005925 2.206963
v 1.067199 0.005167 2.212844
vn 0.5363 -0.8325 -0.1388
vn 0.4451 -0.7792 0.4412
vn 0.5134 -0.7034 0.4915
vn 0.5401 -0.5055 0.6729
vn 0.5035 -0.1300 0.8542
vn 0.6203 -0.0460 0.7830
vn 0.6278 0.0709 0.7751
vn 0.8583 0.1371 0.4945
vn 0.8663 0.1635 0.4721
vn 0.9680 0.2195 0.1215
vn 0.5918 0.7423 0.3143
vn 0.4464 0.8705 0.2075
vn 0.0740 0.9121 0.4032
vn -0.0907 0.9303 0.3555
vn -0.6288 0.4127 0.6591
vn -0.7688 0.4754 0.4276
vn -0.7249 0.5187 0.4533
vn -0.9612 0.2468 -0.1234
vn -0.8507 -0.3083 0.4259
vn -0.8537 -0.4531 0.2567
vn -0.3928 -0.9055 0.1608
vn -0.3934 -0.9193 -0.0081
vn 0.0632 -0.9631 -0.2615
vn 0.0117 -0.9479 -0.3183
vn 0.1632 -0.8307 -0.5323
vn 0.4779 -0.7764 -0.4110
vn 0.2523 -0.4038 -0.8794
vn 0.4120 -0.3778 -0.8292
vn -0.1974 -0.0497 -0.9791
vn -0.1547 -0.0264 -0.9876
vn -0.7191 0.0300 -0.6942
vn -0.6780 -0.2715 -0.6830
vn -0.9394 -0.3127 -0.1408
vn -0.9151 -0.4025 -0.0250
vn -0.6977 -0.4109 0.5869
vn -0.6644 -0.4472 0.5989
vn -0.1793 -0.4235 0.8880
vn -0.0443 0.5897 0.8064
vn 0.7489 -0.0079 0.6626
vn 0.4064 0.6310 0.6608
vn 0.9871 0.1563 0.0336
vn 0.7868 0.5857 0.1947
vn 0.7286 0.1521 -0.6678
vn 0.7182 0.5522 -0.4233
vn 0.1301 0.2719 -0.9535
vn 0.2205 0.5050 -0.8345
vn -0.4860 0.2888 -0.8248
vn -0.1817 0.9244 -0.3353
vn -0.1709 0.9282 -0.3306
vn -0.1311 0.9853 -0.1095
vn -0.4991 0.8246 -0.2664
vn -0.2591 0.8555 -0.4483
vn -0.1995 -0.9171 -0.3451
vn 0.1565 -0.9171 -0.3666
vn 0.1417 -0.8834 -0.4466
vn 0.4118 -0.8695 -0.2727
vn 0.4373 -0.8412 -0.3180
vn 0.0037 -0.8270 -0.5622
vn 0.0000 -1.0000 0.0000
vn 0.3951 -0.7369 0.5485
vn 0.6035 -0.7950 0.0607
vn 0.5213 0.8522 -0.0446
vn 0.4442 0.8155 -0.3710
vn 0.1111 0.9933 -0.0318
vn 0.0917 0.9936 0.0658
vn 0.0619 0.9936 0.0949
vn 0.2199 0.6550 0.7229
vn -0.3717 0.7301 0.5733
vn -0.3347 0.7613 0.5553
vn -0.1854 0.7160 0.6731
vn 0.0588 0.8533 0.5180
vn 0.0040 0.8533 0.5214
vn 0.2068 -0.5861 0.7834
vn 0.4018 -0.6889 0.6034
vn -0.3786 -0.9021 -0.2071
vn -0.5131 -0.7789 -0.3606
vn -0.5846 0.7348 -0.3441
vn -0.4856 0.8155 -0.3149
vn -0.1141 0.9933 -0.0182
vn -0.4363 0.8800 0.1877
vn -0.1530 0.8671 0.4740
vn -0.0965 0.8918 0.4419
vn 0.2842 0.8473 0.4487
vn -0.0338 0.9773 0.2092
vn 0.0004 0.9876 0.1569
vn 0.5991 0.5936 0.5372
vn 0.2633 0.7655 0.5871
vn 0.5688 -0.4640 0.6791
vn 0.5974 -0.5575 0.5764
vn -0.4566 -0.7068 0.5403
vn -0.4008 -0.7331 0.5494
vn -0.4776 0.7614 0.4384
vn -0.4768 0.7575 0.4459
vn -0.3251 0.8993 0.2925
vn -0.4133 0.8980 0.1511
vn -0.4334 0.8736 0.2211
vn -0.5472 0.8250 -0.1413
vn -0.3714 0.8565 -0.3585
vn -0.2486 0.9606 -0.1244
vn -0.2454 0.9605 -0.1311
vn -0.6223 0.7087 -0.3325
vn 0.0853 0.7087 -0.7003
vn -0.0009 0.8185 -0.5745
vn 0.2462 0.7970 -0.5515
vn 0.2541 0.7913 -0.5562
vn -0.1813 0.7863 -0.5906
vn -0.2073 -0.6237 -0.7537
vn 0.2195 -0.5461 -0.8085
vn 0.3702 -0.8474 -0.3806
vn 0.7500 -0.5674 -0.3401
vn 0.7443 -0.6460 0.1694
vn 0.6718 0.7238 0.1575
vn 0.6380 0.7576 -0.1377
vn 0.4332 0.8955 -0.1019
vn 0.4269 0.9041 -0.0205
vn 0.3064 0.9518 -0.0147
vn 0.2341 0.9549 0.1827
vn 0.0150 0.9549 0.2967
vn 0.0262 0.8547 0.5185
vn 0.0013 0.8350 0.5502
vn -0.1240 0.9857 0.1143
vn -0.1725 0.9838 0.0483
vn -0.1759 0.9844 -0.0063
vn -0.6730 0.6985 -0.2432
vn -0.3981 0.7022 -0.5902
vn -0.3793 0.7862 -0.4879
vn -0.6013 0.7912 -0.1116
vn -0.6319 -0.7735 -0.0498
vn -0.5001 -0.7910 -0.3523
vn -0.4631 -0.8148 -0.3487
vn -0.0193 -0.8149 -0.5792
vn -0.2841 0.9183 -0.2756
vn -0.3193 0.9436 -0.0875
vn -0.5569 0.8033 0.2111
vn -0.5610 0.8224 0.0945
vn -0.5725 0.8142 0.0969
vn -0.5229 0.8522 0.0185
vn -0.5918 -0.7951 0.1329
vn -0.5601 -0.8139 0.1544
vn -0.0022 -1.0000 0.0006
vn -0.0018 -1.0000 0.0015
vn -0.0010 -1.0000 0.0021
vn 0.2546 -0.6818 0.6858
vn -0.0015 -1.0000 -0.0010
vn -0.0714 -0.8270 -0.5576
vn -0.1259 -0.7402 -0.6605
vn -0.0812 0.8606 -0.5028
vn -0.0415 0.7340 -0.6778
vn -0.0176 0.9948 -0.1003
vn -0.0906 0.9954 -0.0325
vn -0.0913 0.9954 -0.0305
vn -0.6511 0.7543 0.0842
vn -0.3179 0.7564 0.5717
vn -0.3233 0.7333 0.5981
vn 0.4092 0.8547 0.3194
vn 0.4496 0.8350 0.3172
vn 0.1282 0.9876 0.0904
vn 0.1907 0.9773 0.0925
vn 0.1871 0.6924 0.6968
vn 0.5079 0.6137 0.6045
vn 0.4280 0.7104 0.5587
vn 0.7614 0.6313 -0.1475
vn 0.9478 -0.2607 -0.1836
vn 0.4583 -0.7618 -0.4579
vn 0.1286 -0.5576 0.8201
vn 0.5336 -0.6711 -0.5147
vn 0.7700 -0.6023 -0.2105
vn 0.2891 -0.8972 -0.3338
vn 0.1638 -0.9855 -0.0434
vn -0.0943 -0.9264 -0.3645
vn -0.4002 -0.8944 -0.1995
vn -0.4163 -0.9004 -0.1263
vn -0.6435 -0.7533 -0.1358
vn -0.8546 -0.4573 0.2459
vn -0.9917 0.0957 -0.0860
vn -0.9528 0.2858 0.1022
vn -0.5519 0.6930 -0.4638
vn -0.1634 0.8398 0.5178
vn -0.1077 0.9825 0.1521
vn -0.6061 0.7798 0.1564
vn -0.6955 0.6847 0.2177
vn -0.6593 -0.7425 0.1182
vn -0.6423 -0.7565 0.1231
vn 0.5983 -0.4832 0.6392
vn 0.4924 -0.7923 0.3603
vn 0.5864 0.5869 0.5583
vn 0.4628 0.6925 0.5534
vn 0.4815 0.8640 0.1468
vn 0.4784 0.8706 0.1147
vn 0.5434 0.8391 0.0244
vn 0.5336 0.8342 0.1391
vn 0.0861 0.9921 0.0916
vn 0.0870 0.9954 -0.0413
vn 0.6565 0.7543 0.0053
vn 0.6636 0.7480 0.0014
vn 0.7126 -0.7016 0.0015
vn 0.3784 -0.9099 -0.1702
vn 0.6003 0.3534 0.7175
vn 0.6309 0.3411 0.6968
vn 0.9051 -0.3392 -0.2563
vn 0.8567 0.3607 -0.3688
vn 0.4787 0.1029 -0.8719
vn 0.6634 0.1243 -0.7379
vn 0.5027 -0.0537 -0.8628
vn 0.5630 -0.0361 -0.8257
vn -0.2475 -0.7085 0.6609
vn -0.3022 -0.6460 0.7009
vn -0.2677 0.7267 0.6327
vn -0.2698 0.7379 0.6187
vn 0.3794 -0.8140 0.4398
vn 0.0168 -0.7778 0.6283
vn -0.0136 -0.7334 0.6797
vn -0.5443 -0.7245 0.4229
vn -0.7479 -0.3123 0.5857
vn -0.6734 -0.3225 0.6653
vn -0.6852 -0.3091 0.6595
vn -0.6227 0.6933 0.3626
vn -0.6137 0.7015 0.3622
vn -0.6725 0.6990 -0.2433
vn -0.7880 -0.5458 -0.2851
vn -0.4978 -0.6234 -0.6029
vn -0.3890 -0.7424 -0.5456
vn -0.6615 -0.7464 -0.0730
vn 0.8726 -0.4648 -0.1502
vn 0.9542 0.2589 -0.1499
vn 0.9414 0.2867 -0.1779
vn 0.5003 0.8654 0.0266
vn 0.3444 0.8863 -0.3095
vn -0.3205 0.9465 0.0370
vn -0.2842 0.9578 0.0428
vn -0.8771 -0.2429 0.4144
vn -0.6477 0.6978 0.3060
vn -0.0913 0.7402 0.6662
vn -0.1313 0.6550 0.7441
vn 0.4381 0.7301 0.5244
vn -0.0224 0.9945 0.1022
vn -0.0367 0.9928 0.1138
vn 0.0014 -1.0000 -0.0012
vn 0.0040 -1.0000 0.0003
vn -0.0039 -1.0000 0.0008
vn -0.0033 -1.0000 -0.0019
vn -0.4724 -0.8412 -0.2631
vn -0.4416 -0.8695 -0.2211
vn -0.4140 0.8720 -0.2611
vn 0.0713 0.7640 0.6412
vn 0.2300 0.5555 0.7991
vn 0.4102 0.1893 0.8921
vn 0.2875 0.1049 0.9520
vn 0.2799 -0.0120 0.9599
vn -0.0801 -0.0866 0.9930
vn 0.6790 -0.7328 0.0434
vn 0.6970 -0.3735 0.6122
vn 0.5962 -0.7465 0.2956
vn -0.0967 -0.3197 0.9426
vn -0.2977 -0.9301 0.2151
vn -0.2934 -0.9361 0.1941
vn 0.8539 0.3143 -0.4149
vn 0.3390 0.8931 -0.2956
vn 0.0419 0.6337 -0.7725
vn 0.1091 0.6546 -0.7481
vn -0.0310 0.4074 -0.9127
vn -0.0357 0.4047 -0.9137
vn 0.2701 0.9506 -0.1531
vn 0.2403 0.9230 -0.3007
vn 0.0054 0.9948 -0.1017
vn -0.0404 0.7340 -0.6779
vn 0.4029 0.7510 -0.5231
vn 0.4156 0.7405 -0.5281
vn -0.4629 0.7510 -0.4708
vn -0.4761 0.7405 -0.4742
vn -0.5241 -0.6729 -0.5220
vn -0.3961 -0.9099 -0.1235
vn 0.0020 -1.0000 0.0012
vn 0.3509 -0.9021 -0.2511
vn 0.9206 -0.2429 0.3058
vn 0.6798 0.6978 0.2258
vn 0.1708 0.7402 0.6503
vn 0.0022 -1.0000 0.0003
vn 0.5746 -0.8139 0.0859
vn 0.4660 -0.7789 -0.4197
vn 0.5389 0.7348 -0.4120
vn 0.6879 0.6878 0.2320
vn 0.0337 0.9605 -0.2762
vn 0.0411 0.9606 -0.2750
vn -0.0800 0.8565 -0.5099
vn 0.1986 0.8250 -0.5290
vn 0.4299 0.8737 -0.2277
vn 0.3718 0.8946 -0.2479
vn -0.6239 0.3994 0.6717
vn -0.4205 0.3215 0.8484
vn -0.4487 -0.1861 0.8741
vn -0.1022 -0.1139 0.9882
vn 0.1638 -0.4679 0.8685
vn 0.3902 -0.1187 0.9130
vn 0.5506 -0.7972 0.2475
vn 0.1793 -0.4833 0.8569
vn 0.2288 -0.4641 0.8557
vn 0.3292 0.7655 0.5528
vn -0.2539 -0.8902 0.3784
vn -0.1242 -0.4049 0.9059
vn 0.3118 -0.9025 0.2969
vn 0.3991 0.7613 0.5109
vn 0.2651 0.7160 0.6458
vn 0.3400 0.4034 0.8496
vn 0.4076 0.3686 0.8355
vn 0.4168 0.3422 0.8421
vn 0.4910 0.3350 0.8042
vn 0.1548 -0.9877 0.0208
vn 0.0013 -1.0000 0.0020
vn -0.3262 -0.6889 0.6473
vn -0.2738 -0.9025 0.3323
vn 0.1971 -0.9654 -0.1708
vn 0.2225 -0.9656 -0.1347
vn 0.5748 -0.8122 -0.0998
vn 0.6094 0.3651 0.7038
vn 0.6077 -0.6185 -0.4981
vn 0.5634 -0.6337 -0.5301
vn 0.7760 -0.4709 -0.4197
vn 0.8649 -0.4039 -0.2981
vn 0.7032 -0.7079 -0.0667
vn 0.6796 -0.7334 -0.0172
vn 0.6311 0.7623 -0.1438
vn -0.5666 0.7221 -0.3968
vn -0.6601 0.4703 -0.5857
vn -0.6587 0.4670 -0.5899
vn -0.6919 -0.0003 -0.7220
vn 0.1170 0.9853 -0.1245
vn 0.0849 0.9855 -0.1467
vn 0.3254 0.7600 -0.5626
vn -0.3908 0.7600 -0.5194
vn -0.3857 -0.9049 0.1799
vn -0.5303 -0.7025 0.4747
vn 0.2957 0.3879 0.8730
vn 0.3003 0.3833 0.8734
vn 0.5751 -0.3252 0.7507
vn 0.0119 -0.7923 0.6101
vn 0.1200 0.5868 0.8008
vn 0.0954 0.5935 0.7991
vn 0.2928 0.9552 -0.0430
vn -0.0102 0.9904 -0.1379
vn -0.0414 0.8293 -0.5572
vn -0.4323 0.8293 -0.3541
vn 0.5204 0.8394 0.1568
vn 0.1852 0.9827 -0.0049
vn 0.1896 0.9817 0.0161
vn 0.7644 0.6279 -0.1468
vn -0.5590 0.6284 0.5409
vn -0.5580 0.6316 0.5383
vn -0.6947 -0.2612 0.6702
vn -0.1149 -0.7968 0.5932
vn 0.0031 -1.0000 -0.0023
vn 0.0010 -1.0000 -0.0032
vn -0.0014 -1.0000 -0.0030
vn -0.1944 -0.8834 -0.4263
vn 0.1874 0.6987 -0.6904
vn 0.1873 0.6989 -0.6902
vn -0.2541 0.7026 -0.6647
vn -0.0145 0.9854 -0.1694
vn 0.1661 0.9856 -0.0318
vn 0.1387 0.9838 -0.1134
vn 0.6547 0.6933 -0.3013
vn 0.6494 0.7011 -0.2945
vn 0.9273 -0.3089 0.2112
vn 0.9409 -0.3010 0.1552
vn 0.8474 -0.4718 -0.2436
vn 0.8685 -0.4766 -0.1362
vn -0.7499 -0.2176 -0.6247
vn 0.1364 -0.2206 -0.9658
vn -0.2309 -0.4030 -0.8856
vn 0.3458 -0.4680 -0.8133
vn 0.3880 -0.7445 0.5433
vn 0.3930 0.7333 0.5549
vn 0.3844 0.7564 0.5292
vn -0.7697 0.6369 -0.0445
vn -0.8504 0.4786 -0.2185
vn -0.5565 0.5907 -0.5844
vn 0.0006 -0.6522 0.7581
vn -0.4168 -0.1459 0.8972
vn -0.0960 0.9817 0.1646
vn 0.0067 0.9798 0.1998
vn 0.2024 0.6138 0.7631
vn -0.9927 0.1194 -0.0170
vn -0.9190 -0.2868 -0.2705
vn -0.9640 -0.2403 -0.1139
vn 0.0345 0.9945 0.0988
vn 0.0502 0.9928 0.1086
vn 0.1856 0.8968 0.4016
vn 0.0201 0.8606 -0.5089
vn 0.3796 0.8720 -0.3090
vn -0.2105 0.4613 0.8619
vn -0.5493 0.6474 0.5284
vn 0.2837 -0.3250 0.9022
vn 0.2109 0.7109 0.6709
vn -0.1881 0.9518 0.2424
vn -0.2583 0.9070 0.3327
vn -0.1070 0.9904 -0.0876
vn -0.2035 0.9552 0.2150
vn 0.1013 0.9368 -0.3349
vn 0.1299 0.9272 -0.3514
vn 0.8379 -0.1784 0.5158
vn 0.8422 -0.2083 0.4973
vn 0.4575 -0.6729 -0.5813
vn 0.0455 -0.7402 -0.6709
vn -0.7072 -0.7016 0.0872
vn -0.6587 0.7480 0.0812
vn -0.3262 -0.7369 0.5921
vn -0.3198 -0.7445 0.5861
vn -0.1702 -0.6818 0.7114
vn -0.1110 -0.5861 0.8026
vn 0.4683 0.7789 -0.4172
vn 0.5678 0.6847 -0.4568
vn 0.2976 -0.8902 0.3450
vn 0.5441 0.4024 0.7362
vn 0.4985 0.3841 0.7772
vn -0.5722 -0.8125 0.1114
vn -0.7297 -0.6521 0.2058
vn 0.2033 0.8555 -0.4762
vn 0.4634 0.8246 -0.3245
vn 0.2644 0.3777 0.8874
vn -0.7700 -0.1717 0.6145
vn -0.4403 0.8565 0.2693
vn -0.7440 0.4965 0.4472
vn 0.3203 -0.7467 -0.5830
vn -0.2229 -0.7428 -0.6313
vn -0.0011 -0.7911 -0.6117
vn 0.3222 -0.7735 -0.5458
vn -0.0500 0.9936 0.1017
vn -0.0831 0.9936 0.0764
vn -0.4696 0.8186 -0.3308
vn -0.5927 0.7971 -0.1155
vn -0.0597 0.2289 0.9716
vn -0.0782 0.2579 0.9630
vn -0.7092 -0.5673 0.4185
vn -0.5242 -0.8474 0.0843
vn 0.5234 0.1780 0.8333
vn 0.6063 0.5179 0.6035
vn 0.0958 0.9844 -0.1477
vn 0.6826 -0.7060 0.1888
vn 0.4665 -0.7412 -0.4828
vn 0.6599 0.7371 0.1460
vn -0.1303 0.9855 -0.1092
vn 0.1594 0.9798 0.1204
vn -0.0745 0.9921 0.1013
vn -0.6550 0.6877 0.3131
vn -0.7914 -0.2383 0.5629
vn -0.2238 -0.9500 0.2177
vn -0.1019 0.9855 -0.1354
vn 0.2323 -0.4049 0.8844
vn 0.2391 -0.9709 -0.0108
vn -0.3513 0.3420 0.8716
vn 0.9686 0.2183 0.1189
vn 0.5800 0.8142 0.0273
vn 0.0860 0.9954 -0.0431
usemtl None
s off
f 1338//1378 1332//1378 1324//1378
f 1332//1379 1338//1379 1308//1379
f 1316//1380 1308//1380 1338//1380
f 1308//1381 1316//1381 1310//1381
f 1317//1381 1310//1381 1316//1381
f 1310//1382 1317//1382 1194//1382
f 1261//1383 1194//1383 1317//1383
f 1194//1384 1261//1384 1260//1384
f 1259//1385 1260//1385 1261//1385
f 1260//1386 1259//1386 1258//1386
f 1336//1387 1258//1387 1259//1387
f 1258//1388 1336//1388 1188//1388
f 1185//1389 1188//1389 1336//1389
f 1188//1390 1185//1390 1334//1390
f 1184//1391 1334//1391 1185//1391
f 1334//1392 1184//1392 1186//1392
f 1181//1393 1186//1393 1184//1393
f 1186//1394 1181//1394 1183//1394
f 1180//1395 1183//1395 1181//1395
f 1183//1396 1180//1396 1303//1396
f 1301//1397 1303//1397 1180//1397
f 1303//1398 1301//1398 1304//1398
f 1302//1399 1304//1399 1301//1399
f 1304//1400 1302//1400 1313//1400
f 1318//1401 1313//1401 1302//1401
f 1313//1402 1318//1402 1263//1402
f 1251//1403 1263//1403 1318//1403
f 1263//1404 1251//1404 1262//1404
f 1249//1405 1262//1405 1251//1405
f 1262//1406 1249//1406 1196//1406
f 1174//1407 1196//1407 1249//1407
f 1196//1408 1174//1408 1173//1408
f 1202//1409 1173//1409 1174//1409
f 1173//1410 1202//1410 1177//1410
f 1205//1411 1177//1411 1202//1411
f 1177//1412 1205//1412 1176//1412
f 1204//1413 1176//1413 1205//1413
f 1176//1414 1204//1414 1203//1414
f 1170//1415 1203//1415 1204//1415
f 1203//1416 1170//1416 1268//1416
f 1247//1417 1268//1417 1170//1417
f 1268//1418 1247//1418 1269//1418
f 1248//1419 1269//1419 1247//1419
f 1269//1420 1248//1420 1267//1420
f 1246//1421 1267//1421 1248//1421
f 1267//1422 1246//1422 1235//1422
f 1233//1423 1235//1423 1246//1423
f 1235//1424 1233//1424 1169//1424
f 1243//1425 1169//1425 1233//1425
f 1169//1426 1243//1426 1217//1426
f 1241//1427 1217//1427 1243//1427
f 1217//1428 1241//1428 1240//1428
f 1232//1429 1240//1429 1241//1429
f 1240//1430 1232//1430 1236//1430
f 1298//1431 1236//1431 1232//1431
f 1236//1432 1298//1432 1300//1432
f 1279//1433 1300//1433 1298//1433
f 1300//1434 1279//1434 1285//1434
f 1284//1435 1285//1435 1279//1435
f 1285//1436 1284//1436 1297//1436
f 1286//1436 1297//1436 1284//1436
f 1297//1436 1286//1436 1271//1436
f 1245//1437 1271//1437 1286//1437
f 1271//1438 1245//1438 1291//1438
f 1292//1439 1291//1439 1245//1439
f 1291//1440 1292//1440 1275//1440
f 1265//1441 1275//1441 1292//1441
f 1275//1442 1265//1442 1288//1442
f 1273//1443 1288//1443 1265//1443
f 1288//1444 1273//1444 1272//1444
f 1290//1445 1272//1445 1273//1445
f 1272//1446 1290//1446 1289//1446
f 1199//1447 1289//1447 1290//1447
f 1289//1448 1199//1448 1167//1448
f 1226//1449 1167//1449 1199//1449
f 1167//1450 1226//1450 1230//1450
f 1213//1451 1230//1451 1226//1451
f 1230//1436 1213//1436 1207//1436
f 1214//1436 1207//1436 1213//1436
f 1207//1436 1214//1436 1231//1436
f 1211//1452 1231//1452 1214//1452
f 1231//1453 1211//1453 1228//1453
f 1212//1454 1228//1454 1211//1454
f 1228//1455 1212//1455 1229//1455
f 1200//1456 1229//1456 1212//1456
f 1229//1457 1200//1457 1171//1457
f 1199//1458 1171//1458 1200//1458
f 1171//1459 1199//1459 1170//1459
f 1247//1460 1170//1460 1199//1460
f 1115//1461 1093//1461 1098//1461
f 1093//1462 1115//1462 1092//1462
f 1114//1463 1092//1463 1115//1463
f 1092//1464 1114//1464 1339//1464
f 1118//1465 1339//1465 1114//1465
f 1339//1466 1118//1466 1095//1466
f 1119//1436 1095//1436 1118//1436
f 1095//1436 1119//1436 1096//1436
f 1116//1467 1096//1467 1119//1467
f 1096//1468 1116//1468 1340//1468
f 1117//1469 1340//1469 1116//1469
f 1340//1470 1117//1470 1094//1470
f 1090//1471 1094//1471 1117//1471
f 1094//1472 1090//1472 1091//1472
f 1341//1473 1091//1473 1090//1473
f 1091//1474 1341//1474 1105//1474
f 1128//1475 1105//1475 1341//1475
f 1105//1476 1128//1476 1126//1476
f 1122//1477 1126//1477 1128//1477
f 1126//1478 1122//1478 1120//1478
f 1163//1479 1120//1479 1122//1479
f 1120//1480 1163//1480 1162//1480
f 1145//1481 1162//1481 1163//1481
f 1162//1482 1145//1482 1144//1482
f 1143//1483 1144//1483 1145//1483
f 1144//1484 1143//1484 1149//1484
f 1160//1485 1149//1485 1143//1485
f 1149//1486 1160//1486 1151//1486
f 1147//1487 1151//1487 1160//1487
f 1151//1488 1147//1488 1129//1488
f 1135//1489 1129//1489 1147//1489
f 1129//1490 1135//1490 1157//1490
f 1132//1491 1157//1491 1135//1491
f 1157//1492 1132//1492 1131//1492
f 1166//1493 1131//1493 1132//1493
f 1131//1494 1166//1494 1342//1494
f 1089//1495 1342//1495 1166//1495
f 1342//1496 1089//1496 1092//1496
f 1089//1497 1093//1497 1092//1497
f 1091//1498 1108//1498 1094//1498
f 1108//1499 1091//1499 1124//1499
f 1106//1500 1124//1500 1091//1500
f 1124//1501 1106//1501 1103//1501
f 1105//1502 1103//1502 1106//1502
f 1103//1503 1105//1503 1104//1503
f 1125//1504 1104//1504 1105//1504
f 1104//1505 1125//1505 1127//1505
f 1120//1506 1127//1506 1125//1506
f 1127//1507 1120//1507 1165//1507
f 1164//1508 1165//1508 1120//1508
f 1165//1436 1164//1436 1095//1436
f 1150//1436 1095//1436 1164//1436
f 1095//1436 1150//1436 1136//1436
f 1149//1436 1136//1436 1150//1436
f 1136//1436 1149//1436 1151//1436
f 1198//1509 1169//1509 1217//1509
f 1169//1510 1198//1510 1172//1510
f 1201//1511 1172//1511 1198//1511
f 1172//1512 1201//1512 1229//1512
f 1168//1513 1229//1513 1201//1513
f 1229//1514 1168//1514 1228//1514
f 1208//1515 1228//1515 1168//1515
f 1228//1516 1208//1516 1231//1516
f 1193//1517 1231//1517 1208//1517
f 1231//1518 1193//1518 1207//1518
f 1206//1519 1207//1519 1193//1519
f 1207//1436 1206//1436 1230//1436
f 1167//1520 1230//1520 1206//1520
f 1239//1517 1193//1517 1208//1517
f 1193//1521 1239//1521 1222//1521
f 1221//1436 1222//1436 1239//1436
f 1222//1522 1221//1522 1216//1522
f 1215//1523 1216//1523 1221//1523
f 1216//1524 1215//1524 1217//1524
f 1218//1525 1217//1525 1215//1525
f 1217//1526 1218//1526 1198//1526
f 1238//1527 1198//1527 1218//1527
f 1198//1528 1238//1528 1220//1528
f 1219//1529 1220//1529 1238//1529
f 1220//1530 1219//1530 1201//1530
f 1168//1531 1201//1531 1219//1531
f 1092//1532 1131//1532 1342//1532
f 1131//1533 1092//1533 1134//1533
f 1155//1534 1134//1534 1092//1534
f 1134//1535 1155//1535 1138//1535
f 1137//1536 1138//1536 1155//1536
f 1138//1537 1137//1537 1153//1537
f 1152//1538 1153//1538 1137//1538
f 1153//1539 1152//1539 1139//1539
f 1142//1540 1139//1540 1152//1540
f 1139//1541 1142//1541 1159//1541
f 1158//1436 1159//1436 1142//1436
f 1159//1436 1158//1436 1095//1436
f 1339//1542 1095//1542 1158//1542
f 1251//1543 1269//1543 1267//1543
f 1269//1544 1251//1544 1250//1544
f 1318//1545 1250//1545 1251//1545
f 1250//1546 1318//1546 1312//1546
f 1302//1547 1312//1547 1318//1547
f 1312//1548 1302//1548 1311//1548
f 1301//1549 1311//1549 1302//1549
f 1311//1550 1301//1550 1197//1550
f 1180//1551 1197//1551 1301//1551
f 1197//1552 1180//1552 1178//1552
f 1181//1553 1178//1553 1180//1553
f 1178//1554 1181//1554 1182//1554
f 1089//1555 1117//1555 1093//1555
f 1093//1556 1117//1556 1100//1556
f 1116//1557 1100//1557 1117//1557
f 1100//1558 1116//1558 1099//1558
f 1119//1559 1099//1559 1116//1559
f 1099//1560 1119//1560 1102//1560
f 1118//1436 1102//1436 1119//1436
f 1102//1436 1118//1436 1101//1436
f 1114//1561 1101//1561 1118//1561
f 1101//1562 1114//1562 1097//1562
f 1115//1563 1097//1563 1114//1563
f 1097//1564 1115//1564 1098//1564
f 1292//1565 1247//1565 1265//1565
f 1247//1566 1292//1566 1248//1566
f 1266//1567 1248//1567 1292//1567
f 1248//1568 1266//1568 1264//1568
f 1283//1569 1264//1569 1266//1569
f 1264//1570 1283//1570 1296//1570
f 1282//1571 1296//1571 1283//1571
f 1296//1572 1282//1572 1295//1572
f 1286//1573 1295//1573 1282//1573
f 1295//1574 1286//1574 1284//1574
f 1321//1575 1326//1575 1315//1575
f 1326//1576 1321//1576 1257//1576
f 1255//1577 1257//1577 1321//1577
f 1257//1578 1255//1578 1254//1578
f 1253//1579 1254//1579 1255//1579
f 1254//1580 1253//1580 1252//1580
f 1263//1581 1252//1581 1253//1581
f 1252//1582 1263//1582 1262//1582
f 1095//1436 1127//1436 1165//1436
f 1127//1436 1095//1436 1110//1436
f 1096//1436 1110//1436 1095//1436
f 1110//1436 1096//1436 1111//1436
f 1340//1583 1111//1583 1096//1583
f 1111//1584 1340//1584 1107//1584
f 1094//1585 1107//1585 1340//1585
f 1107//1586 1094//1586 1108//1586
f 1308//1587 1323//1587 1332//1587
f 1323//1588 1308//1588 1331//1588
f 1337//1589 1331//1589 1308//1589
f 1331//1590 1337//1590 1322//1590
f 1333//1591 1322//1591 1337//1591
f 1322//1592 1333//1592 1325//1592
f 1186//1593 1325//1593 1333//1593
f 1124//1594 1107//1594 1108//1594
f 1107//1595 1124//1595 1123//1595
f 1103//1596 1123//1596 1124//1596
f 1123//1597 1103//1597 1109//1597
f 1104//1598 1109//1598 1103//1598
f 1109//1599 1104//1599 1110//1599
f 1127//1600 1110//1600 1104//1600
f 1257//1601 1335//1601 1326//1601
f 1335//1602 1257//1602 1336//1602
f 1256//1603 1336//1603 1257//1603
f 1336//1604 1256//1604 1185//1604
f 1182//1605 1185//1605 1256//1605
f 1185//1606 1182//1606 1184//1606
f 1181//1607 1184//1607 1182//1607
f 1224//1608 1211//1608 1214//1608
f 1211//1609 1224//1609 1225//1609
f 1209//1610 1225//1610 1224//1610
f 1225//1611 1209//1611 1210//1611
f 1227//1612 1210//1612 1209//1612
f 1210//1613 1227//1613 1200//1613
f 1199//1614 1200//1614 1227//1614
f 1193//1615 1285//1615 1297//1615
f 1285//1616 1193//1616 1244//1616
f 1222//1617 1244//1617 1193//1617
f 1244//1618 1222//1618 1242//1618
f 1216//1619 1242//1619 1222//1619
f 1242//1620 1216//1620 1240//1620
f 1217//1621 1240//1621 1216//1621
f 1187//1622 1188//1622 1334//1622
f 1188//1623 1187//1623 1191//1623
f 1190//1623 1191//1623 1187//1623
f 1191//1624 1190//1624 1194//1624
f 1192//1625 1194//1625 1190//1625
f 1194//1626 1192//1626 1309//1626
f 1189//1627 1309//1627 1192//1627
f 1250//1628 1268//1628 1269//1628
f 1268//1629 1250//1629 1203//1629
f 1175//1630 1203//1630 1250//1630
f 1203//1631 1175//1631 1176//1631
f 1312//1632 1176//1632 1175//1632
f 1176//1633 1312//1633 1311//1633
f 1254//1634 1256//1634 1257//1634
f 1256//1635 1254//1635 1182//1635
f 1252//1636 1182//1636 1254//1636
f 1182//1637 1252//1637 1179//1637
f 1262//1638 1179//1638 1252//1638
f 1179//1639 1262//1639 1196//1639
f 1264//1640 1246//1640 1248//1640
f 1246//1641 1264//1641 1280//1641
f 1281//1642 1280//1642 1264//1642
f 1280//1643 1281//1643 1278//1643
f 1296//1644 1278//1644 1281//1644
f 1278//1645 1296//1645 1295//1645
f 1215//1646 1238//1646 1218//1646
f 1238//1647 1215//1647 1237//1647
f 1221//1648 1237//1648 1215//1648
f 1237//1649 1221//1649 1223//1649
f 1239//1436 1223//1436 1221//1436
f 1223//1436 1239//1436 1208//1436
f 1294//1650 1270//1650 1193//1650
f 1270//1436 1294//1436 1277//1436
f 1274//1651 1277//1651 1294//1651
f 1277//1652 1274//1652 1287//1652
f 1288//1653 1287//1653 1274//1653
f 1287//1654 1288//1654 1272//1654
f 1271//1655 1193//1655 1297//1655
f 1193//1655 1271//1655 1294//1655
f 1291//1656 1294//1656 1271//1656
f 1294//1657 1291//1657 1274//1657
f 1275//1658 1274//1658 1291//1658
f 1274//1659 1275//1659 1288//1659
f 1128//1660 1163//1660 1122//1660
f 1163//1661 1128//1661 1145//1661
f 1130//1662 1145//1662 1128//1662
f 1145//1663 1130//1663 1133//1663
f 1132//1664 1133//1664 1130//1664
f 1133//1665 1132//1665 1135//1665
f 1333//1666 1334//1666 1186//1666
f 1334//1667 1333//1667 1189//1667
f 1307//1668 1189//1668 1333//1668
f 1189//1669 1307//1669 1309//1669
f 1310//1670 1309//1670 1307//1670
f 1309//1671 1310//1671 1194//1671
f 1141//1672 1142//1672 1152//1672
f 1142//1436 1141//1436 1158//1436
f 1154//1673 1158//1673 1141//1673
f 1158//1674 1154//1674 1339//1674
f 1092//1675 1339//1675 1154//1675
f 1213//1676 1224//1676 1214//1676
f 1224//1677 1213//1677 1209//1677
f 1226//1678 1209//1678 1213//1678
f 1209//1679 1226//1679 1227//1679
f 1199//1680 1227//1680 1226//1680
f 1329//1681 1327//1681 1305//1681
f 1327//1682 1329//1682 1306//1682
f 1319//1683 1306//1683 1329//1683
f 1306//1684 1319//1684 1330//1684
f 1304//1685 1330//1685 1319//1685
f 1270//1686 1206//1686 1193//1686
f 1206//1436 1270//1436 1293//1436
f 1276//1436 1293//1436 1270//1436
f 1293//1687 1276//1687 1289//1687
f 1272//1688 1289//1688 1276//1688
f 1314//1689 1304//1689 1313//1689
f 1304//1690 1314//1690 1330//1690
f 1321//1691 1330//1691 1314//1691
f 1330//1692 1321//1692 1315//1692
f 1253//1693 1313//1693 1263//1693
f 1313//1694 1253//1694 1314//1694
f 1255//1695 1314//1695 1253//1695
f 1314//1696 1255//1696 1321//1696
f 1136//1436 1159//1436 1095//1436
f 1159//1697 1136//1697 1156//1697
f 1129//1698 1156//1698 1136//1698
f 1156//1699 1129//1699 1157//1699
f 1179//1700 1178//1700 1182//1700
f 1178//1701 1179//1701 1195//1701
f 1196//1702 1195//1702 1179//1702
f 1195//1703 1196//1703 1173//1703
f 1299//1704 1243//1704 1280//1704
f 1243//1705 1299//1705 1234//1705
f 1232//1706 1234//1706 1299//1706
f 1234//1707 1232//1707 1241//1707
f 1329//1708 1303//1708 1304//1708
f 1303//1709 1329//1709 1320//1709
f 1305//1710 1320//1710 1329//1710
f 1320//1711 1305//1711 1325//1711
f 1137//1712 1141//1712 1152//1712
f 1141//1713 1137//1713 1154//1713
f 1155//1714 1154//1714 1137//1714
f 1154//1715 1155//1715 1092//1715
f 1130//1716 1166//1716 1132//1716
f 1166//1717 1130//1717 1121//1717
f 1128//1718 1121//1718 1130//1718
f 1121//1719 1128//1719 1341//1719
f 1134//1720 1157//1720 1131//1720
f 1157//1721 1134//1721 1140//1721
f 1153//1722 1140//1722 1134//1722
f 1140//1723 1153//1723 1139//1723
f 1099//1724 1113//1724 1100//1724
f 1113//1725 1099//1725 1112//1725
f 1102//1726 1112//1726 1099//1726
f 1112//1727 1102//1727 1101//1727
f 1244//1728 1300//1728 1285//1728
f 1300//1729 1244//1729 1236//1729
f 1242//1730 1236//1730 1244//1730
f 1236//1731 1242//1731 1240//1731
f 1143//1732 1161//1732 1160//1732
f 1161//1733 1143//1733 1146//1733
f 1145//1734 1146//1734 1143//1734
f 1146//1735 1145//1735 1133//1735
f 1148//1736 1133//1736 1135//1736
f 1133//1737 1148//1737 1161//1737
f 1147//1738 1161//1738 1148//1738
f 1161//1739 1147//1739 1160//1739
f 1338//1740 1259//1740 1316//1740
f 1259//1741 1338//1741 1335//1741
f 1324//1742 1335//1742 1338//1742
f 1335//1743 1324//1743 1326//1743
f 1174//1744 1235//1744 1202//1744
f 1235//1745 1174//1745 1267//1745
f 1249//1746 1267//1746 1174//1746
f 1267//1747 1249//1747 1251//1747
f 1282//1748 1245//1748 1286//1748
f 1245//1749 1282//1749 1266//1749
f 1283//1750 1266//1750 1282//1750
f 1202//1751 1172//1751 1205//1751
f 1172//1752 1202//1752 1169//1752
f 1235//1753 1169//1753 1202//1753
f 1307//1670 1308//1670 1310//1670
f 1308//1754 1307//1754 1337//1754
f 1333//1755 1337//1755 1307//1755
f 1113//1756 1093//1756 1100//1756
f 1093//1757 1113//1757 1098//1757
f 1097//1758 1098//1758 1113//1758
f 1195//1759 1197//1759 1178//1759
f 1197//1760 1195//1760 1177//1760
f 1173//1761 1177//1761 1195//1761
f 1265//1762 1290//1762 1273//1762
f 1290//1763 1265//1763 1199//1763
f 1247//1764 1199//1764 1265//1764
f 1279//1765 1280//1765 1278//1765
f 1280//1766 1279//1766 1298//1766
f 1204//1767 1171//1767 1170//1767
f 1171//1768 1204//1768 1205//1768
f 1097//1769 1112//1769 1101//1769
f 1112//1770 1097//1770 1113//1770
f 1090//1771 1089//1771 1166//1771
f 1089//1772 1090//1772 1117//1772
f 1341//1773 1166//1773 1121//1773
f 1166//1774 1341//1774 1090//1774
f 1246//1775 1243//1775 1233//1775
f 1243//1776 1246//1776 1280//1776
f 1317//1777 1259//1777 1261//1777
f 1259//1778 1317//1778 1316//1778
f 1284//1779 1278//1779 1295//1779
f 1278//1780 1284//1780 1279//1780
f 1219//1781 1237//1781 1223//1781
f 1237//1782 1219//1782 1238//1782
f 1168//1783 1223//1783 1208//1783
f 1223//1784 1168//1784 1219//1784
f 1293//1785 1167//1785 1206//1785
f 1167//1786 1293//1786 1289//1786
f 1140//1787 1156//1787 1157//1787
f 1156//1788 1140//1788 1139//1788
f 1277//1436 1276//1436 1270//1436
f 1276//1789 1277//1789 1287//1789
f 1328//1790 1330//1790 1315//1790
f 1330//1791 1328//1791 1306//1791
f 1311//1792 1177//1792 1176//1792
f 1177//1793 1311//1793 1197//1793
f 1299//1794 1298//1794 1232//1794
f 1298//1795 1299//1795 1280//1795
f 1186//1796 1320//1796 1325//1796
f 1320//1797 1186//1797 1183//1797
f 1171//1798 1172//1798 1229//1798
f 1172//1799 1171//1799 1205//1799
f 1144//1800 1150//1800 1164//1800
f 1150//1801 1144//1801 1149//1801
f 1162//1802 1164//1802 1120//1802
f 1164//1803 1162//1803 1144//1803
f 1200//1804 1225//1804 1210//1804
f 1225//1805 1200//1805 1212//1805
f 1125//1806 1126//1806 1120//1806
f 1126//1807 1125//1807 1105//1807
f 1190//1808 1189//1808 1192//1808
f 1189//1809 1190//1809 1187//1809
f 1123//1810 1111//1810 1107//1810
f 1111//1811 1123//1811 1109//1811
f 1260//1812 1191//1812 1194//1812
f 1191//1813 1260//1813 1258//1813
f 1133//1814 1161//1814 1146//1814
f 1110//1436 1111//1436 1109//1436
f 1129//1815 1136//1815 1151//1815
f 1159//1816 1156//1816 1139//1816
f 1135//1817 1147//1817 1148//1817
f 1091//1818 1105//1818 1106//1818
f 1153//1819 1134//1819 1138//1819
f 1198//1820 1220//1820 1201//1820
f 1225//1821 1212//1821 1211//1821
f 1320//1822 1183//1822 1303//1822
f 1329//1823 1304//1823 1319//1823
f 1243//1824 1234//1824 1241//1824
f 1276//1825 1287//1825 1272//1825
f 1250//1826 1312//1826 1175//1826
f 1258//1813 1188//1813 1191//1813
f 1334//1827 1189//1827 1187//1827
f 1259//1828 1335//1828 1336//1828
f 1245//1829 1266//1829 1292//1829
f 1264//1830 1296//1830 1281//1830
o n5b5
v -2.534077 2.418017 2.338783
v -2.163759 2.347660 2.793911
v -1.576574 2.398502 2.745295
v -2.574152 2.463728 2.406523
v -2.190737 2.433740 2.860368
v -1.596498 2.443802 2.821590
v -2.621166 2.504807 1.975643
v -1.251607 2.476893 2.557095
v -2.407466 2.366507 2.610468
v -1.861912 2.355388 2.842085
v -2.444329 2.443054 2.683839
v -1.887294 2.431701 2.920330
v -2.035535 3.315896 2.525034
v -1.502319 3.434016 2.253442
v -1.508021 3.155883 2.632173
v -1.759942 3.436478 2.388939
v -1.773999 3.271830 2.608786
v -2.190662 2.798396 2.843861
v -2.138465 3.066106 2.742166
v -1.797092 2.885246 2.885198
v -1.934739 3.111063 2.763564
v -1.601843 2.475890 2.855844
v -1.251723 2.509484 2.587339
v -1.897048 2.463606 2.956081
v -1.215180 2.913680 2.558655
v -1.696462 2.652805 2.929675
v -2.035535 3.315896 2.525034
v -2.186432 3.452117 1.949962
v -2.475503 3.181481 2.202989
v -2.114065 3.445847 2.231846
v -2.274805 3.285080 2.386624
v -2.190662 2.798396 2.843861
v -2.138465 3.066106 2.742166
v -2.481205 2.903347 2.581720
v -2.288862 3.120432 2.606471
v -2.594321 2.496118 2.434483
v -2.642047 2.537820 1.997070
v -2.462529 2.475131 2.716004
v -2.627988 2.951060 1.931920
v -2.591868 2.676496 2.532464
v -2.466635 2.957170 2.053586
v -2.372549 3.093489 2.104693
v -2.285470 3.168976 2.233070
v -2.238660 3.154797 2.389682
v -2.249998 3.056367 2.514708
v -2.315155 2.911284 2.560393
v -2.409241 2.774964 2.509286
v -2.496320 2.699478 2.380909
v -2.543130 2.713657 2.224297
v -2.531792 2.812087 2.099271
v -2.550468 3.027490 2.135844
v -2.468987 3.145546 2.180104
v -2.393574 3.210919 2.291281
v -2.353035 3.198640 2.426912
v -2.362855 3.113398 2.535188
v -2.419282 2.987752 2.574752
v -2.500763 2.869696 2.530492
v -2.576176 2.804323 2.419314
v -2.616714 2.816602 2.283684
v -2.606895 2.901845 2.175408
v -2.591543 3.072821 2.263960
v -2.591543 3.072821 2.263960
v -2.500960 3.178725 2.353702
v -2.500960 3.178725 2.353702
v -2.483225 3.122420 2.494522
v -2.483225 3.122420 2.494522
v -2.562846 2.981719 2.491811
v -2.562846 2.981719 2.491811
v -2.629791 2.951065 2.349316
v -2.629791 2.951065 2.349316
v -2.578855 3.081016 2.403606
v -1.413184 2.929297 2.520907
v -1.508078 3.070617 2.488180
v -1.658214 3.152379 2.511326
v -1.806245 3.143355 2.581505
v -1.895627 3.046991 2.671911
v -1.892221 2.900094 2.748010
v -1.797327 2.758774 2.780737
v -1.647192 2.677012 2.757591
v -1.499161 2.686035 2.687412
v -1.409778 2.782400 2.597007
v -1.414840 2.997443 2.639619
v -1.497021 3.119830 2.611277
v -1.627042 3.190639 2.631322
v -1.755241 3.182823 2.692099
v -1.832648 3.099370 2.770392
v -1.829698 2.972153 2.836296
v -1.747518 2.849767 2.864639
v -1.617496 2.778958 2.844594
v -1.489298 2.786773 2.783816
v -1.411890 2.870227 2.705524
v -1.480231 3.043418 2.756949
v -1.480231 3.043418 2.756949
v -1.602746 3.154960 2.752158
v -1.602746 3.154960 2.752158
v -1.721453 3.102265 2.832450
v -1.721453 3.102265 2.832450
v -1.672303 2.958157 2.886864
v -1.672303 2.958157 2.886864
v -1.523219 2.921787 2.840201
v -1.523219 2.921787 2.840201
v -1.591836 3.054901 2.841457
vt 0.9531 0.2422
vt 0.9375 0.0664
vt 0.9766 0.0664
vt 0.9180 0.2422
vt 0.8750 0.3711
vt 0.8477 0.2422
vt 0.7852 0.3711
vt 0.7656 0.2422
vt 0.7070 0.2422
vt 0.7617 0.0664
vt 0.6914 0.0664
vt 0.4922 0.4922
vt 0.1602 -0.0039
vt 0.4023 0.0156
vt 0.1406 0.2773
vt 0.3477 0.7812
vt 0.1211 0.5312
vt 0.0898 0.7695
vt -0.0156 0.7266
vt 0.0977 0.9688
vt 0.1211 0.5312
vt 0.1406 0.2773
vt -0.0898 0.4492
vt 0.3477 0.7812
vt 0.0898 0.7695
vt 0.2188 0.9180
vt 0.0977 0.9688
vt 0.2812 1.0625
vt 0.8008 0.3711
vt 0.7227 0.2422
vt 0.7422 0.3711
vt 0.7930 0.2422
vt 0.8750 0.2422
vt 0.7930 0.0664
vt 0.8867 0.0664
vt 0.6875 0.2422
vt 0.6719 0.0664
vt 0.7109 0.0664
vt 0.8750 0.3711
vt 0.8477 0.2422
vt 0.7852 0.3711
vt 0.9180 0.2422
vt 0.9531 0.2422
vt 0.9375 0.0664
vt 0.9766 0.0664
vt 0.8828 0.3711
vt 0.9336 0.2422
vt 0.8750 0.2422
vt 0.8867 0.0664
vt 0.7930 0.0664
vt 0.8008 0.3711
vt 0.7930 0.2422
vt 0.7227 0.2422
vt 0.7109 0.0664
vt 0.6719 0.0664
vt 0.7422 0.3711
vt 0.6875 0.2422
vt 0.7070 0.2422
vt 0.6914 0.0664
vt 0.7617 0.0664
vt 0.7656 0.2422
vt 0.8555 0.0664
vt -0.0156 -0.0039
vt -0.0898 0.4492
vt 0.6797 0.6914
vt 0.6797 0.7031
vt 0.6719 0.6992
vt 0.6914 0.6992
vt 0.6914 0.6914
vt 0.6953 0.6836
vt 0.1602 -0.0039
vt 0.4922 0.4922
vt 0.4023 0.0156
vt -0.0156 -0.0039
vt 0.8555 0.0664
vt 0.8828 0.3711
vt 0.9336 0.2422
vt 0.9570 0.0664
vt 0.8750 0.7461
vt 0.7617 0.8203
vt 0.8711 0.9805
vt 0.8086 0.5508
vt 0.9453 0.5508
vt 0.9570 0.0664
vt 0.8750 0.7461
vt 0.8086 0.5508
vt 0.9453 0.5508
vt 0.7617 0.8203
vt 0.8711 0.9805
vt 0.2188 0.9180
vt 0.2812 1.0625
vt 0.4453 1.0312
vt 0.9844 0.8242
vt -0.0156 0.7266
vt 0.4453 1.0312
vt 0.6719 0.6914
vt 0.6641 0.6914
vt 0.9844 0.8242
vt 0.6641 0.6836
vt 0.6562 0.6758
vt 0.6953 0.6914
vt 0.7031 0.6758
vn -0.6693 0.0676 -0.7399
vn -0.8824 0.2764 -0.3807
vn -0.6598 0.6165 -0.4297
vn -0.6168 0.7444 -0.2559
vn -0.4055 0.8812 -0.2431
vn -0.2038 0.9677 0.1485
vn 0.3520 0.9358 -0.0205
vn 0.6085 0.0013 0.7936
vn 0.6116 -0.0031 0.7912
vn 0.4671 0.3139 0.8266
vn 0.4172 0.3417 0.8421
vn 0.1915 0.5534 0.8106
vn -0.1791 0.3797 0.9076
vn -0.2246 0.6904 0.6877
vn -0.6337 0.1441 0.7600
vn -0.8884 0.3763 0.2630
vn -0.7045 0.5771 0.4132
vn -0.6850 0.6035 0.4082
vn -0.4035 0.7445 0.5318
vn -0.3688 0.8092 0.4574
vn -0.4910 0.2619 0.8309
vn -0.5008 0.0212 0.8653
vn -0.7522 -0.2001 0.6278
vn -0.4604 -0.5927 0.6608
vn -0.3083 0.8693 0.3864
vn -0.1453 0.7838 0.6038
vn -0.2670 0.3965 0.8783
vn 0.2631 0.1803 0.9478
vn 0.6358 0.7112 0.2998
vn 0.7878 0.5782 0.2125
vn 0.8856 0.2296 0.4036
vn 0.9997 0.0234 0.0005
vn 0.7883 0.1327 0.6008
vn 0.7520 -0.0841 0.6538
vn 0.4269 -0.2551 0.8676
vn 0.3527 -0.6648 0.6585
vn -0.2073 -0.5994 0.7731
vn 0.2633 -0.1445 0.9538
vn 0.0301 -0.2208 0.9749
vn -0.3045 0.0161 0.9524
vn -0.6596 -0.2815 0.6969
vn -0.8706 0.2103 0.4449
vn -0.2750 0.2561 0.9267
vn -0.4543 0.4015 0.7953
vn -0.3154 0.7883 0.5284
vn -0.6988 0.7121 0.0681
vn -0.1794 0.9498 -0.2562
vn -0.0413 0.8622 0.5048
vn 0.0693 0.9605 0.2697
vn 0.4908 0.8575 0.1545
vn 0.3994 0.8384 -0.3710
vn 0.8270 0.4925 -0.2712
vn 0.3221 -0.2127 0.9225
vn -0.0976 0.2383 0.9663
vn -0.1321 0.1308 0.9826
vn -0.4598 -0.6285 0.6274
vn -0.1541 -0.6336 0.7582
vn -0.0899 -0.7274 0.6803
vn 0.3347 -0.6180 0.7113
vn -0.9922 0.0516 0.1132
vn -0.9985 -0.0153 0.0531
vn -0.8920 -0.2063 0.4022
vn -0.6400 0.2509 0.7263
vn -0.3315 0.5232 -0.7851
vn 0.0443 0.8477 -0.5285
vn -0.9676 0.1791 -0.1781
vn -0.9921 -0.0380 -0.1199
vn -0.8423 -0.3837 -0.3785
vn -0.7537 -0.6355 0.1677
vn -0.9380 0.3404 0.0652
vn -0.7732 0.6333 0.0331
vn -0.6344 0.6869 0.3545
vn 0.3527 -0.6648 0.6586
vn 0.8280 -0.4279 0.3625
vn 0.1929 0.6650 0.7215
vn 0.5216 0.5990 0.6075
vn 0.5953 0.2998 0.7455
vn -0.0907 0.7363 0.6706
vn -0.0560 0.8009 0.5962
vn 0.2796 0.7598 0.5869
vn -0.9116 0.3503 0.2150
vn -0.7400 0.6573 -0.1424
vn -0.5906 0.7890 0.1692
vn -0.8895 -0.1140 0.4424
vn -0.9401 -0.2189 0.2612
vn -0.9033 0.1942 0.3826
vn -0.7171 0.3947 0.5745
vn -0.0867 -0.2967 0.9510
vn 0.4493 0.6817 0.5774
vn -0.3285 0.6931 0.6416
vn -0.5356 0.3891 0.7495
vn 0.6305 0.6210 0.4656
vn 0.3053 0.7653 0.5666
vn -0.7223 -0.6272 0.2914
vn -0.4514 -0.7211 0.5256
vn 0.3305 0.1616 0.9299
vn 0.0723 0.3738 0.9247
vn -0.7396 -0.6729 0.0165
vn -0.6260 -0.7659 0.1465
vn 0.4787 -0.6944 0.5373
vn 0.2171 -0.8134 0.5397
vn 0.1833 0.5805 0.7933
vn -0.5887 0.7828 0.2017
usemtl m1
s off
f 1402/321/1831 1383/322/1831 1392/323/1831
f 1383/322/1831 1402/321/1831 1393/324/1831
f 1403/325/1832 1393/324/1832 1402/321/1832
f 1393/324/1833 1403/325/1833 1394/326/1833
f 1405/327/1834 1394/326/1834 1403/325/1834
f 1394/326/1835 1405/327/1835 1395/328/1835
f 1396/329/1836 1395/328/1836 1405/327/1836
f 1395/328/1837 1396/329/1837 1385/330/1837
f 1386/331/1837 1385/330/1837 1396/329/1837
f 1367/332/1838 1364/333/1838 1365/334/1838
f 1364/333/1839 1367/332/1839 1368/335/1839
f 1357/336/1840 1368/335/1840 1367/332/1840
f 1368/335/1841 1357/336/1841 1362/337/1841
f 1363/338/1842 1362/337/1842 1357/336/1842
f 1362/337/1843 1363/338/1843 1361/339/1843
f 1355/340/1844 1361/339/1844 1363/338/1844
f 1376/341/1845 1382/342/1845 1374/343/1845
f 1382/342/1846 1376/341/1846 1371/344/1846
f 1377/345/1847 1371/344/1847 1376/341/1847
f 1371/344/1848 1377/345/1848 1373/346/1848
f 1369/347/1849 1373/346/1849 1377/345/1849
f 1373/346/1850 1369/347/1850 1372/348/1850
f 1409/349/1851 1398/350/1851 1407/351/1851
f 1398/350/1852 1409/349/1852 1399/352/1852
f 1400/353/1853 1399/352/1853 1409/349/1853
f 1399/352/1854 1400/353/1854 1389/354/1854
f 1390/355/1854 1389/354/1854 1400/353/1854
f 1407/351/1855 1396/329/1855 1405/327/1855
f 1396/329/1856 1407/351/1856 1397/356/1856
f 1398/350/1857 1397/356/1857 1407/351/1857
f 1397/356/1858 1398/350/1858 1387/357/1858
f 1388/358/1858 1387/357/1858 1398/350/1858
f 1434/359/1859 1425/360/1859 1436/361/1859
f 1425/360/1860 1434/359/1860 1424/362/1860
f 1433/363/1861 1424/362/1861 1434/359/1861
f 1424/362/1862 1433/363/1862 1414/364/1862
f 1423/365/1862 1414/364/1862 1433/363/1862
f 1442/366/1863 1433/363/1863 1434/359/1863
f 1433/363/1864 1442/366/1864 1432/367/1864
f 1431/368/1865 1432/367/1865 1442/366/1865
f 1432/367/1866 1431/368/1866 1421/369/1866
f 1420/370/1867 1421/369/1867 1431/368/1867
f 1440/371/1868 1431/368/1868 1442/366/1868
f 1431/368/1869 1440/371/1869 1430/372/1869
f 1429/373/1870 1430/372/1870 1440/371/1870
f 1430/372/1871 1429/373/1871 1419/374/1871
f 1418/375/1872 1419/374/1872 1429/373/1872
f 1438/376/1873 1429/373/1873 1440/371/1873
f 1429/373/1874 1438/376/1874 1428/377/1874
f 1427/378/1875 1428/377/1875 1438/376/1875
f 1428/377/1876 1427/378/1876 1417/379/1876
f 1416/380/1877 1417/379/1877 1427/378/1877
f 1436/361/1878 1427/378/1878 1438/376/1878
f 1427/378/1879 1436/361/1879 1426/381/1879
f 1425/360/1880 1426/381/1880 1436/361/1880
f 1426/381/1881 1425/360/1881 1415/382/1881
f 1414/364/1882 1415/382/1882 1425/360/1882
f 1368/335/1883 1366/383/1883 1364/333/1883
f 1366/383/1884 1368/335/1884 1360/384/1884
f 1362/337/1885 1360/384/1885 1368/335/1885
f 1360/384/1843 1362/337/1843 1361/339/1843
f 1344/385/1886 1347/386/1886 1353/387/1886
f 1347/386/1887 1344/385/1887 1354/388/1887
f 1352/389/1888 1354/388/1888 1344/385/1888
f 1354/388/1889 1352/389/1889 1345/390/1889
f 1378/391/1890 1381/392/1890 1379/393/1890
f 1381/392/1891 1378/391/1891 1382/342/1891
f 1380/394/1892 1382/342/1892 1378/391/1892
f 1382/342/1893 1380/394/1893 1374/343/1893
f 1394/326/1894 1383/322/1894 1393/324/1894
f 1383/322/1894 1394/326/1894 1384/395/1894
f 1395/328/1895 1384/395/1895 1394/326/1895
f 1384/395/1895 1395/328/1895 1385/330/1895
f 1402/321/1896 1411/396/1896 1403/325/1896
f 1411/396/1897 1402/321/1897 1401/397/1897
f 1391/398/1898 1401/397/1898 1402/321/1898
f 1401/397/1899 1391/398/1899 1390/355/1899
f 1413/399/1900 1404/400/1900 1412/401/1900
f 1404/400/1901 1413/399/1901 1406/402/1901
f 1408/403/1902 1406/402/1902 1413/399/1902
f 1422/404/1903 1432/367/1903 1421/369/1903
f 1432/367/1904 1422/404/1904 1433/363/1904
f 1423/365/1904 1433/363/1904 1422/404/1904
f 1444/405/1905 1437/406/1905 1439/407/1905
f 1437/406/1906 1444/405/1906 1435/408/1906
f 1443/409/1907 1435/408/1907 1444/405/1907
f 1359/410/1908 1355/340/1908 1363/338/1908
f 1355/340/1909 1359/410/1909 1358/411/1909
f 1357/336/1910 1358/411/1910 1359/410/1910
f 1371/344/1911 1381/392/1911 1382/342/1911
f 1381/392/1912 1371/344/1912 1370/412/1912
f 1372/348/1913 1370/412/1913 1371/344/1913
f 1411/396/1914 1400/353/1914 1409/349/1914
f 1400/353/1915 1411/396/1915 1401/397/1915
f 1410/413/1916 1413/399/1916 1412/401/1916
f 1413/399/1917 1410/413/1917 1408/403/1917
f 1399/352/1918 1388/358/1918 1398/350/1918
f 1388/358/1918 1399/352/1918 1389/354/1918
f 1397/356/1919 1386/331/1919 1396/329/1919
f 1386/331/1919 1397/356/1919 1387/357/1919
f 1377/345/1920 1375/414/1920 1369/347/1920
f 1375/414/1921 1377/345/1921 1376/341/1921
f 1356/415/1922 1357/336/1922 1367/332/1922
f 1357/336/1923 1356/415/1923 1358/411/1923
f 1351/416/1924 1353/387/1924 1346/417/1924
f 1353/387/1925 1351/416/1925 1344/385/1925
f 1444/405/1926 1441/418/1926 1443/409/1926
f 1441/418/1927 1444/405/1927 1439/407/1927
f 1430/372/1867 1420/370/1867 1431/368/1867
f 1420/370/1871 1430/372/1871 1419/374/1871
f 1343/419/1928 1346/417/1928 1349/420/1928
f 1346/417/1929 1343/419/1929 1351/416/1929
f 1428/377/1872 1418/375/1872 1429/373/1872
f 1418/375/1876 1428/377/1876 1417/379/1876
f 1426/381/1877 1416/380/1877 1427/378/1877
f 1416/380/1881 1426/381/1881 1415/382/1881
f 1348/421/1930 1345/390/1930 1350/422/1930
f 1345/390/1931 1348/421/1931 1354/388/1931
f 1357/336/1932 1359/410/1932 1363/338/1932
f 1414/364/1882 1425/360/1882 1424/362/1882
f 1390/355/1899 1400/353/1899 1401/397/1899
f 1391/398/1898 1402/321/1898 1392/323/1898
f 1371/344/1933 1373/346/1933 1372/348/1933
f 1376/341/1921 1374/343/1921 1375/414/1921
o n10b11
v -0.040223 3.984137 -2.596486
v 0.152171 3.957098 -2.596486
v 0.278719 5.555532 -2.693628
v -0.040223 3.984137 -2.790771
v 0.152171 3.957098 -2.790771
v 0.657079 3.892153 -2.956685
v 0.761206 3.776509 -2.956685
v 1.570771 4.610145 -3.509045
v 0.613758 3.853147 -3.100968
v 0.717885 3.737503 -3.100968
v -0.588718 3.720959 -2.611515
v -0.495971 3.823800 -2.599766
v -1.363610 4.539333 -2.835800
v -0.566307 3.716410 -2.748604
v -0.473560 3.819251 -2.736854
v 0.773334 2.251980 -3.142971
v 0.711822 2.111690 -3.115567
v 1.533648 1.665069 -3.999070
v 0.673296 2.272920 -3.260316
v 0.611784 2.132631 -3.232911
v -0.739440 2.656004 -2.673319
v -0.737282 2.794906 -2.677575
v -1.837712 2.752529 -2.349316
v -0.787031 2.652744 -2.803859
v -0.784873 2.791645 -2.808115
v -0.346494 1.977275 -3.091393
v -0.419321 2.113966 -3.106480
v -1.193387 1.520370 -3.945476
v -0.256350 2.011831 -3.213441
v -0.329177 2.148522 -3.228528
v 0.315759 3.183335 -3.395041
v 0.423082 3.082401 -3.344942
v 0.982408 3.226420 -4.494663
v 0.235674 3.066342 -3.459187
v 0.342997 2.965408 -3.409088
v 3.065985 3.094567 -1.339556
v 3.283824 3.103070 -1.345964
v 3.092596 4.823008 -1.852957
v 3.061660 3.045299 -1.551974
v 3.279499 3.053802 -1.558381
v 3.431429 2.960956 -1.830509
v 3.569452 2.920672 -1.763235
v 4.141893 3.372064 -2.854659
v 3.425776 2.820007 -1.903312
v 3.563798 2.779722 -1.836038
v 2.502496 2.888860 -1.434148
v 2.587501 2.978293 -1.501540
v 1.625837 3.418077 -1.984263
v 2.507391 2.801364 -1.544085
v 2.592395 2.890797 -1.611478
v 2.484926 1.525817 -1.423594
v 2.429311 1.625631 -1.505508
v 1.899675 0.762779 -2.076650
v 2.590679 1.509853 -1.514847
v 2.535064 1.609666 -1.596762
v 2.587140 2.277694 -0.836608
v 2.550325 2.383016 -0.922152
v 1.453827 2.027165 -0.772844
v 2.591615 2.190048 -0.946443
v 2.554800 2.295369 -1.031987
v 3.615091 1.801482 -1.041287
v 3.514682 1.748261 -0.930452
v 4.482504 0.946351 -0.552414
v 3.569438 1.684751 -1.138697
v 3.469029 1.631530 -1.027862
v 3.450801 2.020024 -1.850546
v 3.576045 1.965968 -1.769362
v 4.196361 1.901827 -2.924241
v 3.404283 1.870783 -1.878153
v 3.529528 1.816727 -1.796969
vn -0.6575 0.6546 -0.3730
vn 0.5446 0.7576 0.3598
vn -0.5094 -0.1186 0.8523
vn -0.4828 -0.7432 -0.4631
vn 0.7193 -0.6402 0.2697
vn -0.9800 0.1989 -0.0000
vn 0.0084 0.0600 -0.9982
vn 0.9969 -0.0789 -0.0000
vn -0.6262 0.7794 -0.0227
vn -0.2361 -0.2126 -0.9482
vn 0.7096 -0.7042 -0.0227
vn -0.7102 -0.6979 -0.0929
vn 0.1169 0.0080 -0.9931
vn 0.6221 0.7793 0.0758
vn 0.4343 0.8749 -0.2141
vn -0.6019 0.1094 -0.7910
vn -0.3548 -0.9248 0.1374
vn -0.0724 -0.9961 0.0513
vn -0.3987 -0.0219 -0.9168
vn -0.0414 0.9991 -0.0099
vn 0.4267 -0.9024 0.0597
vn 0.5378 0.1960 -0.8200
vn -0.5076 0.8511 -0.1339
vn -0.9997 0.0201 0.0157
vn -0.0225 -0.1665 -0.9858
vn 0.9943 0.0979 -0.0429
vn -0.8380 0.2766 -0.4703
vn -0.0057 -0.8630 -0.5051
vn 0.8977 -0.2301 0.3757
vn -0.7548 0.3391 -0.5615
vn -0.2598 -0.9392 -0.2246
vn 0.8203 -0.3407 0.4595
vn 0.6749 0.2990 -0.6746
vn -0.2435 -0.7697 -0.5902
vn -0.5878 -0.3703 0.7193
vn 0.2029 -0.7613 0.6158
vn -0.0267 -0.6358 -0.7714
vn -0.3198 0.7342 -0.5989
vn 0.3629 -0.7508 0.5519
vn 0.7189 -0.1555 -0.6775
vn -0.4268 0.6665 -0.6112
vn -0.6517 -0.6073 0.4543
vn -0.0135 -0.5936 -0.8047
vn 0.5553 0.6626 -0.5026
vn 0.0171 0.2845 0.9585
vn -0.7828 0.0712 0.6182
vn -0.6186 -0.2473 0.7457
vn -0.0902 0.6087 0.7883
vn 0.2849 0.0249 0.9582
vn 0.0654 0.9095 0.4105
vn 0.6814 -0.1592 0.7144
vn 0.3306 0.6983 0.6348
vn -0.2050 0.0734 0.9760
vn 0.3196 0.2878 0.9028
vn 0.3252 0.9377 0.1226
vn 0.0084 0.0600 0.9982
vn -0.0830 0.6488 0.7564
usemtl None
s off
f 1475//1934 1477//1934 1478//1934
f 1477//1935 1475//1935 1476//1935
f 1478//1936 1476//1936 1475//1936
f 1476//1936 1478//1936 1479//1936
f 1477//1937 1479//1937 1478//1937
f 1479//1938 1477//1938 1476//1938
f 1445//1939 1447//1939 1448//1939
f 1448//1940 1447//1940 1449//1940
f 1446//1941 1449//1941 1447//1941
f 1452//1942 1453//1942 1450//1942
f 1453//1943 1452//1943 1454//1943
f 1451//1944 1454//1944 1452//1944
f 1457//1945 1458//1945 1455//1945
f 1458//1946 1457//1946 1459//1946
f 1456//1947 1459//1947 1457//1947
f 1462//1948 1463//1948 1460//1948
f 1463//1949 1462//1949 1464//1949
f 1461//1950 1464//1950 1462//1950
f 1467//1951 1468//1951 1465//1951
f 1468//1952 1467//1952 1469//1952
f 1466//1953 1469//1953 1467//1953
f 1472//1954 1473//1954 1470//1954
f 1473//1955 1472//1955 1474//1955
f 1471//1956 1474//1956 1472//1956
f 1482//1957 1483//1957 1480//1957
f 1483//1958 1482//1958 1484//1958
f 1481//1959 1484//1959 1482//1959
f 1487//1960 1488//1960 1485//1960
f 1488//1961 1487//1961 1489//1961
f 1486//1962 1489//1962 1487//1962
f 1512//1963 1513//1963 1510//1963
f 1513//1964 1512//1964 1514//1964
f 1511//1965 1514//1965 1512//1965
f 1507//1966 1508//1966 1505//1966
f 1508//1967 1507//1967 1509//1967
f 1506//1968 1509//1968 1507//1968
f 1502//1969 1503//1969 1500//1969
f 1503//1970 1502//1970 1504//1970
f 1501//1971 1504//1971 1502//1971
f 1497//1972 1498//1972 1495//1972
f 1498//1973 1497//1973 1499//1973
f 1496//1974 1499//1974 1497//1974
f 1492//1975 1493//1975 1490//1975
f 1493//1976 1492//1976 1494//1976
f 1491//1977 1494//1977 1492//1977
f 1480//1978 1481//1978 1482//1978
f 1495//1979 1496//1979 1497//1979
f 1470//1980 1471//1980 1472//1980
f 1500//1981 1501//1981 1502//1981
f 1465//1982 1466//1982 1467//1982
f 1485//1983 1486//1983 1487//1983
f 1460//1984 1461//1984 1462//1984
f 1505//1985 1506//1985 1507//1985
f 1455//1986 1456//1986 1457//1986
f 1450//1987 1451//1987 1452//1987
f 1510//1988 1511//1988 1512//1988
f 1445//1989 1446//1989 1447//1989
f 1490//1990 1491//1990 1492//1990
o n3b3
v 2.241821 1.213482 4.239227
v 2.522466 1.059667 3.898409
v 2.438925 1.283636 4.133720
v 2.431735 0.879281 3.356977
v 2.546326 1.192618 2.991301
v 2.257693 0.723881 3.616447
v 2.772177 1.502184 3.324093
v 2.520793 0.883438 3.647925
v 2.294416 1.597188 4.266629
v 1.847096 2.120485 4.215755
v 1.662065 1.642322 4.328795
v 2.094140 1.907123 4.292949
v 1.995955 1.622424 4.353984
v 2.141690 0.924140 4.102233
v 2.241821 1.213482 4.239227
v 1.783234 1.133554 4.282669
v 2.056270 1.321883 4.332628
v 1.366395 0.985763 3.910750
v 1.053934 1.341784 3.767060
v 1.650698 0.784551 3.931968
v 1.245538 1.654773 4.117654
v 1.553243 0.980145 4.150867
v 1.459150 1.604233 4.060148
v 1.633861 1.686454 4.128982
v 1.826716 1.660349 4.189369
v 1.964051 1.535890 4.218246
v 1.993410 1.360615 4.204580
v 1.903577 1.201474 4.153593
v 1.728867 1.119254 4.084760
v 1.536012 1.145358 4.024372
v 1.398677 1.269817 3.995496
v 1.369318 1.445092 4.009161
v 1.482997 1.565543 4.222809
v 1.634301 1.636749 4.282421
v 1.801317 1.614141 4.334717
v 1.920254 1.506357 4.359725
v 1.945679 1.354564 4.347891
v 1.867882 1.216744 4.303735
v 1.716579 1.145539 4.244124
v 1.549561 1.168146 4.191827
v 1.430625 1.275931 4.166818
v 1.405200 1.427723 4.178653
v 1.559996 1.483261 4.354404
v 1.559996 1.483261 4.354404
v 1.743779 1.511319 4.419016
v 1.743779 1.511319 4.419016
v 1.827126 1.361453 4.426621
v 1.827126 1.361453 4.426621
v 1.694854 1.240771 4.366711
v 1.694854 1.240771 4.366711
v 1.529759 1.316053 4.322079
v 1.529759 1.316053 4.322079
v 1.669515 1.379434 4.419674
v 2.597479 1.490455 3.468434
v 2.567983 1.593087 3.643416
v 2.504510 1.592603 3.837046
v 2.431307 1.489187 3.975362
v 2.376333 1.322342 4.005533
v 2.360587 1.155796 3.916036
v 2.390084 1.053164 3.741054
v 2.453556 1.053648 3.547425
v 2.526760 1.157064 3.409108
v 2.581733 1.323909 3.378936
v 2.710123 1.442890 3.584938
v 2.684579 1.531772 3.736477
v 2.629610 1.531352 3.904164
v 2.566213 1.441792 4.023950
v 2.518605 1.297300 4.050079
v 2.504969 1.153067 3.972571
v 2.530514 1.064185 3.821033
v 2.585482 1.064605 3.653345
v 2.648878 1.154165 3.533559
v 2.696487 1.298657 3.507430
v 2.760847 1.363234 3.730191
v 2.760847 1.363234 3.730191
v 2.714363 1.414308 3.914497
v 2.714363 1.414308 3.914497
v 2.650274 1.279178 3.998741
v 2.650274 1.279178 3.998741
v 2.657150 1.144589 3.866501
v 2.657150 1.144589 3.866501
v 2.725487 1.196539 3.700528
v 2.725487 1.196539 3.700528
v 2.736059 1.272832 3.865275
v 1.317500 1.017637 3.764327
v 1.887264 0.703105 3.655275
v 2.345297 0.914908 3.230069
v 1.350102 0.988807 3.859225
v 1.946585 0.707315 3.768586
v 2.399529 0.883916 3.313723
v 1.042307 1.339511 3.717681
v 2.512409 1.192572 2.953509
v 1.578157 0.800884 3.762934
v 2.163762 0.742352 3.458532
v 1.630158 0.790601 3.880126
v 2.228086 0.730837 3.569318
v 2.294416 1.597188 4.266629
v 2.586329 2.046598 3.831496
v 2.707498 1.537829 3.785369
v 2.476795 1.868876 4.094041
v 2.537111 1.568335 4.072686
v 2.141690 0.924140 4.102233
vt 0.9531 0.2422
vt 0.9375 0.0664
vt 0.9766 0.0664
vt 0.9180 0.2422
vt 0.8750 0.3711
vt 0.8477 0.2422
vt 0.7852 0.3711
vt 0.7656 0.2422
vt 0.7070 0.2422
vt 0.7617 0.0664
vt 0.6914 0.0664
vt 0.4922 0.4922
vt 0.1602 -0.0039
vt 0.4023 0.0156
vt 0.1406 0.2773
vt 0.3477 0.7812
vt 0.1211 0.5312
vt 0.0898 0.7695
vt -0.0156 0.7266
vt 0.0977 0.9688
vt 0.1211 0.5312
vt 0.1406 0.2773
vt -0.0898 0.4492
vt 0.3477 0.7812
vt 0.0898 0.7695
vt 0.2188 0.9180
vt 0.0977 0.9688
vt 0.2812 1.0625
vt 0.8008 0.3711
vt 0.7227 0.2422
vt 0.7422 0.3711
vt 0.7930 0.2422
vt 0.8750 0.2422
vt 0.7930 0.0664
vt 0.8867 0.0664
vt 0.6875 0.2422
vt 0.6719 0.0664
vt 0.7109 0.0664
vt 0.8750 0.3711
vt 0.8477 0.2422
vt 0.7852 0.3711
vt 0.9180 0.2422
vt 0.9531 0.2422
vt 0.9375 0.0664
vt 0.9766 0.0664
vt 0.8828 0.3711
vt 0.9336 0.2422
vt 0.8750 0.2422
vt 0.8867 0.0664
vt 0.7930 0.0664
vt 0.8008 0.3711
vt 0.7930 0.2422
vt 0.7227 0.2422
vt 0.7109 0.0664
vt 0.6719 0.0664
vt 0.7422 0.3711
vt 0.6875 0.2422
vt 0.7070 0.2422
vt 0.6914 0.0664
vt 0.7617 0.0664
vt 0.7656 0.2422
vt 0.8555 0.0664
vt -0.0156 -0.0039
vt -0.0898 0.4492
vt 0.6797 0.6914
vt 0.6797 0.7031
vt 0.6719 0.6992
vt 0.6914 0.6992
vt 0.6914 0.6914
vt 0.6953 0.6836
vt 0.1602 -0.0039
vt 0.4922 0.4922
vt 0.4023 0.0156
vt -0.0156 -0.0039
vt 0.8555 0.0664
vt 0.8828 0.3711
vt 0.9336 0.2422
vt 0.9570 0.0664
vt 0.8750 0.7461
vt 0.7617 0.8203
vt 0.8711 0.9805
vt 0.8086 0.5508
vt 0.9453 0.5508
vt 0.9570 0.0664
vt 0.8750 0.7461
vt 0.8086 0.5508
vt 0.9453 0.5508
vt 0.7617 0.8203
vt 0.8711 0.9805
vt 0.2188 0.9180
vt 0.2812 1.0625
vt 0.4453 1.0312
vt 0.9844 0.8242
vt -0.0156 0.7266
vt 0.4453 1.0312
vt 0.6719 0.6914
vt 0.6641 0.6914
vt 0.9844 0.8242
vt 0.6641 0.6836
vt 0.6562 0.6758
vt 0.6953 0.6914
vt 0.7031 0.6758
vn -0.8773 0.4219 0.2290
vn -0.7648 0.2402 0.5977
vn -0.5178 0.5557 0.6504
vn -0.3520 0.5317 0.7703
vn -0.1366 0.6727 0.7272
vn 0.2875 0.5059 0.8133
vn 0.5926 0.7319 0.3363
vn 0.5926 0.7319 0.3362
vn 0.8657 -0.4805 -0.1405
vn 0.8437 -0.4744 -0.2515
vn 0.9409 -0.3010 0.1552
vn 0.9273 -0.3089 0.2112
vn 0.8422 -0.2083 0.4973
vn 0.5401 -0.5055 0.6729
vn 0.5035 -0.1300 0.8542
vn 0.0006 -0.6522 0.7581
vn -0.3982 -0.1764 0.9002
vn -0.1022 -0.1139 0.9882
vn -0.0801 -0.0866 0.9930
vn 0.2799 -0.0120 0.9599
vn 0.2875 0.1049 0.9520
vn 0.1982 -0.6014 0.7740
vn 0.1190 -0.7738 0.6222
vn -0.2803 -0.7815 0.5574
vn -0.1777 -0.9731 0.1468
vn 0.3161 0.2226 0.9222
vn 0.5541 0.0280 0.8320
vn 0.4603 -0.4958 0.7365
vn 0.8080 -0.5351 0.2465
vn 0.9065 0.4059 0.1162
vn 0.9061 0.4134 -0.0897
vn 0.9530 0.0685 -0.2952
vn 0.7451 0.2597 -0.6144
vn 0.9595 -0.1626 -0.2301
vn 0.8824 -0.3480 -0.3166
vn 0.7041 -0.6947 -0.1468
vn 0.3950 -0.8237 -0.4068
vn 0.0672 -0.9976 0.0195
vn 0.6763 -0.7350 0.0484
vn 0.4883 -0.8583 0.1579
vn 0.3175 -0.7936 0.5190
vn -0.2004 -0.8594 0.4703
vn -0.3377 -0.4206 0.8421
vn 0.4232 -0.6239 0.6570
vn 0.2619 -0.4759 0.8396
vn 0.3684 0.0465 0.9285
vn -0.2487 0.2511 0.9355
vn 0.0541 0.7858 0.6162
vn 0.6060 0.1936 0.7716
vn 0.5778 0.4769 0.6624
vn 0.7724 0.5818 0.2547
vn 0.3804 0.9161 0.1270
vn 0.6258 0.7142 -0.3134
vn 0.5257 -0.8375 -0.1490
vn 0.4300 -0.7939 0.4299
vn 0.5134 -0.7034 0.4915
vn -0.2045 -0.9684 0.1430
vn 0.0799 -0.9968 -0.0048
vn 0.0476 -0.9903 -0.1306
vn 0.4050 -0.8550 -0.3240
vn -0.6758 -0.3265 0.6608
vn -0.7526 -0.3148 0.5783
vn -0.5473 -0.7303 0.4088
vn -0.0166 -0.7492 0.6621
vn -0.4949 0.8263 0.2691
vn 0.0323 0.9509 0.3079
vn -0.7517 0.0085 0.6594
vn -0.8076 -0.1791 0.5619
vn -0.9665 -0.1764 0.1865
vn -0.6811 -0.7161 0.1526
vn -0.5528 -0.0607 0.8311
vn -0.3522 0.2029 0.9137
vn -0.0408 0.0280 0.9988
vn 0.6673 -0.3397 -0.6627
vn 0.8384 -0.0599 0.5417
vn 0.9717 0.0706 0.2255
vn 0.9763 -0.2135 0.0362
vn 0.6203 -0.0460 0.7830
vn 0.6278 0.0709 0.7751
vn 0.8583 0.1371 0.4944
vn -0.4500 -0.1620 0.8782
vn -0.4136 0.3580 0.8371
vn -0.0782 0.2579 0.9630
vn -0.4557 -0.6219 0.6369
vn -0.6236 -0.5620 0.5434
vn -0.4018 -0.3899 0.8286
vn -0.0829 -0.3688 0.9258
vn 0.3604 -0.9155 0.1788
vn 0.9387 0.1324 0.3182
vn 0.3902 -0.1187 0.9130
vn 0.1638 -0.4679 0.8685
vn 0.9683 0.2198 0.1188
vn 0.8663 0.1635 0.4721
vn -0.5768 -0.7954 0.1862
vn -0.2875 -0.9568 0.0436
vn 0.8379 -0.5138 0.1842
vn 0.7409 -0.4511 0.4976
vn -0.7631 -0.6428 0.0669
vn -0.6394 -0.7688 -0.0139
vn 0.0542 0.7858 0.6162
vn 0.3830 -0.7573 -0.5289
vn 0.1541 -0.8898 -0.4295
vn 0.8379 -0.1784 0.5158
vn -0.0597 0.2289 0.9716
usemtl m3
s off
f 1556/423/1991 1537/424/1991 1546/425/1991
f 1537/424/1991 1556/423/1991 1547/426/1991
f 1557/427/1992 1547/426/1992 1556/423/1992
f 1547/426/1993 1557/427/1993 1548/428/1993
f 1559/429/1994 1548/428/1994 1557/427/1994
f 1548/428/1995 1559/429/1995 1549/430/1995
f 1550/431/1996 1549/430/1996 1559/429/1996
f 1549/430/1997 1550/431/1997 1539/432/1997
f 1540/433/1998 1539/432/1998 1550/431/1998
f 1521/434/1999 1518/435/1999 1519/436/1999
f 1518/435/2000 1521/434/2000 1522/437/2000
f 1613/438/2001 1522/437/2001 1521/434/2001
f 1522/437/2002 1613/438/2002 1516/439/2002
f 1517/440/2003 1516/439/2003 1613/438/2003
f 1515/441/2004 1516/439/2004 1517/440/2004
f 1611/442/2005 1515/441/2005 1517/440/2005
f 1530/443/2006 1536/444/2006 1528/445/2006
f 1536/444/2007 1530/443/2007 1525/446/2007
f 1531/447/2008 1525/446/2008 1530/443/2008
f 1525/446/2009 1531/447/2009 1527/448/2009
f 1523/449/2010 1527/448/2010 1531/447/2010
f 1527/448/2011 1523/449/2011 1526/450/2011
f 1563/451/2012 1552/452/2012 1561/453/2012
f 1552/452/2013 1563/451/2013 1553/454/2013
f 1554/455/2014 1553/454/2014 1563/451/2014
f 1553/454/2015 1554/455/2015 1543/456/2015
f 1544/457/2015 1543/456/2015 1554/455/2015
f 1561/453/2016 1550/431/2016 1559/429/2016
f 1550/431/2017 1561/453/2017 1551/458/2017
f 1552/452/2018 1551/458/2018 1561/453/2018
f 1551/458/2019 1552/452/2019 1541/459/2019
f 1542/460/2019 1541/459/2019 1552/452/2019
f 1588/461/2020 1579/462/2020 1590/463/2020
f 1579/462/2021 1588/461/2021 1578/464/2021
f 1587/465/2022 1578/464/2022 1588/461/2022
f 1578/464/2023 1587/465/2023 1568/466/2023
f 1577/467/2023 1568/466/2023 1587/465/2023
f 1596/468/2024 1587/465/2024 1588/461/2024
f 1587/465/2025 1596/468/2025 1586/469/2025
f 1585/470/2026 1586/469/2026 1596/468/2026
f 1586/469/2027 1585/470/2027 1575/471/2027
f 1574/472/2028 1575/471/2028 1585/470/2028
f 1594/473/2029 1585/470/2029 1596/468/2029
f 1585/470/2030 1594/473/2030 1584/474/2030
f 1583/475/2031 1584/474/2031 1594/473/2031
f 1584/474/2032 1583/475/2032 1573/476/2032
f 1572/477/2033 1573/476/2033 1583/475/2033
f 1592/478/2034 1583/475/2034 1594/473/2034
f 1583/475/2035 1592/478/2035 1582/479/2035
f 1581/480/2036 1582/479/2036 1592/478/2036
f 1582/479/2037 1581/480/2037 1571/481/2037
f 1570/482/2038 1571/481/2038 1581/480/2038
f 1590/463/2039 1581/480/2039 1592/478/2039
f 1581/480/2040 1590/463/2040 1580/483/2040
f 1579/462/2041 1580/483/2041 1590/463/2041
f 1580/483/2042 1579/462/2042 1569/484/2042
f 1568/466/2043 1569/484/2043 1579/462/2043
f 1522/437/2044 1520/485/2044 1518/435/2044
f 1520/485/2045 1522/437/2045 1616/486/2045
f 1516/439/2046 1616/486/2046 1522/437/2046
f 1515/441/2004 1616/486/2004 1516/439/2004
f 1600/487/2047 1603/488/2047 1609/489/2047
f 1603/488/2048 1600/487/2048 1610/490/2048
f 1608/491/2049 1610/490/2049 1600/487/2049
f 1610/490/2050 1608/491/2050 1601/492/2050
f 1532/493/2051 1535/494/2051 1533/495/2051
f 1535/494/2052 1532/493/2052 1536/444/2052
f 1534/496/2053 1536/444/2053 1532/493/2053
f 1536/444/2054 1534/496/2054 1528/445/2054
f 1548/428/2055 1537/424/2055 1547/426/2055
f 1537/424/2055 1548/428/2055 1538/497/2055
f 1549/430/2056 1538/497/2056 1548/428/2056
f 1538/497/2056 1549/430/2056 1539/432/2056
f 1556/423/2057 1565/498/2057 1557/427/2057
f 1565/498/2058 1556/423/2058 1555/499/2058
f 1545/500/2059 1555/499/2059 1556/423/2059
f 1555/499/2060 1545/500/2060 1544/457/2060
f 1567/501/2061 1558/502/2061 1566/503/2061
f 1558/502/2062 1567/501/2062 1560/504/2062
f 1562/505/2063 1560/504/2063 1567/501/2063
f 1576/506/2027 1586/469/2027 1575/471/2027
f 1586/469/2064 1576/506/2064 1587/465/2064
f 1577/467/2064 1587/465/2064 1576/506/2064
f 1598/507/2065 1591/508/2065 1593/509/2065
f 1591/508/2066 1598/507/2066 1589/510/2066
f 1597/511/2067 1589/510/2067 1598/507/2067
f 1615/512/2068 1611/442/2068 1517/440/2068
f 1611/442/2069 1615/512/2069 1614/513/2069
f 1613/438/2070 1614/513/2070 1615/512/2070
f 1525/446/2071 1535/494/2071 1536/444/2071
f 1535/494/2072 1525/446/2072 1524/514/2072
f 1526/450/2073 1524/514/2073 1525/446/2073
f 1565/498/2074 1554/455/2074 1563/451/2074
f 1554/455/2075 1565/498/2075 1555/499/2075
f 1564/515/2076 1567/501/2076 1566/503/2076
f 1567/501/2077 1564/515/2077 1562/505/2077
f 1553/454/2078 1542/460/2078 1552/452/2078
f 1542/460/2078 1553/454/2078 1543/456/2078
f 1551/458/2079 1540/433/2079 1550/431/2079
f 1540/433/2079 1551/458/2079 1541/459/2079
f 1531/447/2080 1529/516/2080 1523/449/2080
f 1529/516/2081 1531/447/2081 1530/443/2081
f 1612/517/2082 1613/438/2082 1521/434/2082
f 1613/438/2083 1612/517/2083 1614/513/2083
f 1607/518/2084 1609/489/2084 1602/519/2084
f 1609/489/2085 1607/518/2085 1600/487/2085
f 1598/507/2086 1595/520/2086 1597/511/2086
f 1595/520/2087 1598/507/2087 1593/509/2087
f 1584/474/2028 1574/472/2028 1585/470/2028
f 1574/472/2032 1584/474/2032 1573/476/2032
f 1599/521/2088 1602/519/2088 1605/522/2088
f 1602/519/2089 1599/521/2089 1607/518/2089
f 1582/479/2033 1572/477/2033 1583/475/2033
f 1572/477/2037 1582/479/2037 1571/481/2037
f 1580/483/2090 1570/482/2090 1581/480/2090
f 1570/482/2042 1580/483/2042 1569/484/2042
f 1604/523/2091 1601/492/2091 1606/524/2091
f 1601/492/2092 1604/523/2092 1610/490/2092
f 1613/438/2093 1615/512/2093 1517/440/2093
f 1568/466/2043 1579/462/2043 1578/464/2043
f 1544/457/2060 1554/455/2060 1555/499/2060
f 1545/500/2059 1556/423/2059 1546/425/2059
f 1525/446/2094 1527/448/2094 1526/450/2094
f 1530/443/2081 1528/445/2081 1529/516/2081
o n0b0
v 3.470368 0.173798 -0.247059
v 2.049312 0.130224 -0.564979
v 2.558193 0.592466 -1.309079
v 3.234654 0.516690 -0.713336
v 2.889551 0.516690 -0.699764
v 2.590778 0.516690 -0.937140
v 2.507408 1.035754 -1.317025
v 2.773155 1.035754 -1.626176
v 3.253765 1.035754 -0.675455
v 2.847251 1.035754 -0.644763
v 2.538100 1.035754 -0.910510
v 2.086270 1.871523 -1.442098
v 2.590216 1.808973 -2.029957
v 2.145763 1.897433 -0.667991
v 2.018682 2.277817 -1.490543
v 2.574398 2.208840 -2.138792
v 2.084287 2.306388 -0.636913
v 2.162060 2.948853 -1.510342
v 2.653968 2.850790 -2.105879
v 2.193049 2.750978 -0.691486
v 2.577515 3.329408 -1.433315
v 2.866783 3.293504 -1.770750
v 2.646073 3.344281 -0.920909
v 2.853597 3.437160 -1.350219
v 3.003333 3.418575 -1.524888
v 2.905681 3.444859 -1.052147
v 3.033766 0.010966 -1.166299
v 3.177127 3.461234 -1.189369
v 2.217991 1.508737 -1.375550
v 2.638507 1.456542 -1.866087
v 2.267635 1.530357 -0.729600
v 2.120345 0.332772 -1.142339
v 3.384868 0.332772 -0.416190
v 2.826144 0.332772 -0.421180
v 2.186137 0.289198 -0.688778
v 2.636095 0.788215 -1.276728
v 3.208835 0.762758 -0.764334
v 2.891103 0.788215 -0.772283
v 2.659125 0.788215 -0.971691
v 3.413713 -0.003419 -0.359131
v 2.828657 0.013175 -0.448938
v 2.149260 -0.003420 -0.670135
v 3.034094 0.117694 0.180958
v 2.952910 0.222297 0.117703
v 2.286542 0.117694 -0.002057
v 2.382708 0.222297 -0.023251
v 2.822269 -0.003420 0.201511
v 2.451731 -0.003420 0.125456
v 1.563513 0.131768 -1.431799
v 1.997991 0.123909 -1.774373
v 2.185728 0.282883 -1.662879
v 1.656211 0.248065 -1.355480
v 1.650549 0.131768 -0.740887
v 1.717021 0.248065 -0.850401
v 1.623933 -0.003420 -1.342072
v 2.132377 -0.003420 -1.695881
v 1.698123 -0.003420 -0.844948
v 2.586574 0.117694 0.316111
v 2.594779 0.202144 0.224559
v 3.325996 0.145746 -0.147931
v 3.203331 0.294416 -0.176422
v 2.180492 0.145746 -0.446075
v 2.354671 0.294416 -0.513420
v 3.216005 -0.003420 -0.158910
v 2.338068 -0.003420 -0.506921
v 2.302680 0.105050 -2.556847
v 2.792297 0.592466 -1.588310
v 2.369493 0.226678 -2.424679
v 2.818085 0.762758 -1.537297
v 2.378948 -0.003420 -2.405977
v 1.441114 0.131768 -1.105150
v 1.548012 0.230794 -1.114682
v 2.078102 0.013175 -1.138969
v 2.061649 0.105050 -2.222781
v 2.205581 0.226678 -2.126140
v 2.188797 -0.003420 -2.159340
v 2.623996 0.361482 -1.921235
v 2.728664 0.010461 -1.769837
v 4.047347 0.130224 -1.575031
v 3.155956 0.592466 -1.611262
v 3.450202 0.516690 -0.983187
v 3.436142 0.516690 -1.364491
v 3.179669 1.035754 -1.656868
v 3.519512 1.035754 -0.984607
v 3.488821 1.035754 -1.391121
v 3.362396 1.746422 -2.087208
v 3.950477 1.720512 -1.580315
v 3.425902 2.139864 -2.201924
v 4.074396 2.111293 -1.642959
v 3.418331 2.754406 -2.162781
v 4.036512 2.570259 -1.623399
v 3.310019 3.257599 -1.803612
v 3.681990 3.242727 -1.444588
v 3.232768 3.399989 -1.541899
v 3.441912 3.392291 -1.323223
v 3.282849 1.404347 -1.913860
v 3.773571 1.382727 -1.490885
v 3.549835 0.332772 -1.864979
v 3.712130 0.332772 -0.869067
v 3.866531 0.289198 -1.538255
v 3.135817 0.788215 -1.529348
v 3.390825 0.788215 -1.024903
v 3.367795 0.788215 -1.329940
v 3.733041 0.013175 -0.906125
v 3.903408 -0.003420 -1.556897
v 4.073709 0.117694 -0.344591
v 4.070908 0.222297 -0.447470
v 4.370491 0.117694 -1.055540
v 4.296406 0.222297 -0.990668
v 4.215855 -0.003420 -0.502978
v 4.375227 -0.003420 -0.846915
v 3.646904 0.131768 -2.485000
v 3.113431 0.123909 -2.338253
v 3.091899 0.282883 -2.120969
v 3.653397 0.248065 -2.365103
v 4.151660 0.131768 -2.005256
v 4.024061 0.248065 -2.016662
v 3.683332 -0.003420 -2.383145
v 3.096956 -0.003420 -2.183498
v 4.039657 -0.003420 -2.028647
v 4.448802 0.117694 -0.625288
v 4.370215 0.202144 -0.672964
v 3.635792 0.145746 -0.304540
v 3.685581 0.294416 -0.420210
v 4.066547 0.145746 -1.399518
v 3.909042 0.294416 -1.299189
v 3.692167 -0.003420 -0.399621
v 3.924119 -0.003420 -1.308706
v 3.982514 0.131768 -2.389886
v 3.911455 0.230794 -2.309457
v 3.622409 0.013175 -1.919652
v 2.714602 0.105050 -2.552864
v 2.707083 0.226678 -2.379660
v 2.690299 -0.003420 -2.412860
v 2.733845 1.871523 -0.161098
v 3.506025 1.808973 -0.218349
v 2.796022 2.375235 0.028261
v 3.647527 2.306258 -0.034872
v 2.932530 2.895761 -0.269820
v 3.590294 2.938724 -0.270736
v 3.018043 3.329408 -0.561885
v 3.461279 3.293504 -0.594747
v 3.114825 3.437160 -0.833471
v 3.344260 3.418575 -0.850482
v 2.758357 1.508737 -0.306625
v 3.402700 1.456542 -0.354398
v 4.009970 1.746422 -0.806208
v 4.203242 2.237282 -0.683120
v 3.966413 2.794407 -0.792472
v 3.750547 3.257599 -0.932182
v 3.493996 3.399989 -1.025151
v 3.823215 1.404347 -0.844934
v 3.691666 2.966870 -0.075664
v 2.858216 2.911642 -0.052953
v 4.185345 2.781541 -0.723847
v 2.947813 2.972360 -0.227215
v 3.604541 3.042637 -0.262705
v 4.003454 2.868873 -0.760865
v 2.552288 2.827704 -0.452045
v 4.031096 2.682733 -1.199615
v 3.258613 2.940137 -0.189993
v 3.847686 2.882389 -0.487782
v 3.266606 2.973844 0.028357
v 4.023148 2.904686 -0.354092
v 3.273550 3.042392 -0.164762
v 3.875020 2.983429 -0.468819
v 2.386729 3.098526 -0.789600
v 2.327548 3.141366 -1.498752
v 3.899472 2.950228 -1.554326
v 3.367540 3.003768 -2.033173
v 2.962819 3.178925 -0.358842
v 3.921561 3.084937 -0.843508
vn -0.1219 0.9860 -0.1140
vn -0.1270 0.9851 -0.1157
vn -0.2173 0.1707 0.9611
vn 0.0694 -0.0547 0.9961
vn 0.0404 -0.3560 0.9336
vn 0.0389 -0.3698 0.9283
vn 0.0134 -0.5798 0.8146
vn 0.0591 -0.6187 0.7834
vn 0.0713 -0.3194 0.9449
vn 0.7186 -0.3194 0.6177
vn 0.7463 -0.4654 0.4758
vn 0.8897 -0.4516 -0.0672
vn 0.9766 0.2022 -0.0737
vn 0.9680 0.2482 -0.0357
vn 0.4271 0.9041 -0.0157
vn 0.4343 0.8956 -0.0968
vn 0.6396 0.7576 -0.1303
vn 0.6700 0.7238 0.1650
vn 0.7425 -0.6459 0.1777
vn 0.7539 -0.5672 -0.3315
vn 0.3744 -0.8474 -0.3764
vn 0.2285 -0.5458 -0.8062
vn -0.1988 -0.6234 -0.7562
vn -0.1746 0.7863 -0.5926
vn 0.2603 0.7914 -0.5532
vn 0.2525 0.7970 -0.5487
vn 0.0056 0.8185 -0.5745
vn 0.0933 0.7087 -0.6993
vn -0.6184 0.7087 -0.3396
vn -0.2439 0.9605 -0.1339
vn -0.2472 0.9606 -0.1271
vn -0.3674 0.8565 -0.3627
vn -0.5455 0.8250 -0.1476
vn -0.4359 0.8737 0.2162
vn -0.4150 0.8980 0.1465
vn -0.3283 0.8993 0.2888
vn -0.4817 0.7576 0.4404
vn -0.4825 0.7614 0.4329
vn -0.4071 -0.7331 0.5448
vn -0.4626 -0.7069 0.5351
vn 0.0099 -0.9999 -0.0114
vn 0.0323 -0.9994 0.0123
vn -0.0276 -0.9996 -0.0048
vn -0.0246 -0.9994 -0.0243
vn 0.5906 -0.5577 0.5832
vn 0.5609 -0.4641 0.6856
vn 0.2564 0.7656 0.5900
vn 0.5931 0.5936 0.5440
vn -0.0014 0.9876 0.1569
vn -0.0361 0.9773 0.2089
vn 0.0045 0.9798 0.1998
vn 0.1939 0.6134 0.7656
vn 0.2034 0.7105 0.6736
vn 0.2735 -0.3246 0.9055
vn -0.1215 -0.7967 0.5920
vn 0.0052 -0.9997 -0.0255
vn 0.0345 -0.9994 -0.0062
vn -0.1478 0.9846 -0.0938
vn -0.7011 0.2533 0.6666
vn -0.9673 0.2448 0.0662
vn -0.9847 -0.1542 0.0808
vn -0.9415 -0.3266 0.0833
vn -0.8613 -0.5013 0.0830
vn -0.8547 -0.5150 0.0645
vn -0.8897 -0.4516 0.0672
vn -0.6782 -0.4475 -0.5830
vn -0.7951 -0.3021 -0.5258
vn 0.0480 -0.3021 -0.9521
vn -0.0078 0.3853 -0.9227
vn 0.6713 0.3438 -0.6566
vn 0.4325 0.8737 -0.2228
vn 0.3745 0.8946 -0.2437
vn 0.1665 0.9856 -0.0299
vn 0.6581 0.7371 0.1533
vn 0.6581 0.6932 -0.2940
vn 0.6525 0.7013 -0.2870
vn 0.1950 0.6989 -0.6882
vn -0.7543 -0.2000 -0.6253
vn -0.7444 0.1398 -0.6530
vn -0.9736 0.2106 0.0877
vn -0.7511 0.6347 0.1818
vn -0.8564 0.5061 0.1020
vn -0.6573 0.7470 0.1000
vn -0.4505 0.7413 0.4975
vn -0.2371 0.9290 0.2841
vn 0.1034 0.9114 0.3984
vn 0.0865 0.9928 0.0823
vn 0.1694 0.9847 0.0404
vn 0.2211 0.9732 -0.0638
vn 0.4861 0.8673 -0.1073
vn 0.3746 0.8673 -0.3278
vn 0.3764 0.8559 -0.3546
vn 0.0367 0.8823 -0.4692
vn -0.2595 0.9114 -0.3195
vn -0.4503 0.7610 -0.4670
vn -0.6099 0.7903 0.0587
vn 0.0165 -0.9998 0.0127
vn -0.4863 -0.7893 -0.3749
vn -0.6313 -0.7734 -0.0571
vn -0.5998 0.7914 -0.1184
vn -0.3737 0.7863 -0.4920
vn -0.3914 0.7022 -0.5947
vn -0.6700 0.6987 -0.2509
vn -0.1758 0.9844 -0.0084
vn -0.1731 0.9838 0.0464
vn -0.1253 0.9857 0.1129
vn -0.2768 0.7379 0.6156
vn -0.2749 0.7268 0.6295
vn -0.3102 -0.6460 0.6975
vn -0.2550 -0.7085 0.6581
vn 0.0146 -0.9992 -0.0376
vn -0.0033 -0.9994 -0.0349
vn -0.0015 -0.9996 0.0296
vn 0.0220 -0.9997 -0.0103
vn 0.0236 -0.9997 0.0029
vn -0.0976 0.9841 -0.1483
vn -0.0326 0.9879 -0.1513
vn -0.0166 0.9908 -0.1343
vn 0.0455 0.9851 -0.1658
vn 0.6436 0.0043 0.7653
vn 0.7473 -0.1205 0.6535
vn 0.6675 -0.4174 0.6166
vn 0.9338 -0.3527 -0.0600
vn 0.8790 -0.4740 -0.0517
vn 0.5628 -0.4740 -0.6772
vn -0.1014 -0.4308 -0.8967
vn -0.7245 -0.3698 -0.5817
vn -0.6879 -0.4874 -0.5378
vn 0.5186 0.8394 0.1626
vn 0.1852 0.9827 -0.0028
vn 0.1894 0.9817 0.0183
vn 0.7658 0.6280 -0.1381
vn 0.7628 0.6315 -0.1388
vn 0.9498 -0.2607 -0.1729
vn 0.5478 -0.7972 0.2538
vn -0.0248 -0.9996 -0.0115
vn -0.0066 -0.9994 -0.0333
vn -0.0048 -0.9994 -0.0331
vn 0.1194 -0.5577 0.8214
vn 0.3996 0.8823 0.2487
vn 0.5465 0.7413 0.3896
vn 0.7351 0.6676 -0.1177
vn 0.7680 0.6244 -0.1422
vn 0.5579 0.6213 -0.5503
vn 0.6448 0.3556 -0.6766
vn 0.6598 0.4480 -0.6033
vn 0.6658 0.0556 -0.7441
vn -0.0688 0.0626 -0.9957
vn 0.6803 -0.7061 0.1965
vn -0.0430 -0.9990 -0.0124
vn -0.0275 -0.9993 -0.0244
vn 0.0237 -0.9996 0.0156
vn -0.0234 -0.9996 0.0127
vn -0.0126 -0.9997 0.0223
vn 0.0005 -0.9998 0.0216
vn -0.0136 -0.7893 -0.6139
vn 0.0057 -0.8106 -0.5856
vn 0.9213 0.0591 0.3844
vn 0.9905 0.0224 -0.1359
vn 0.9457 -0.3136 -0.0858
vn 0.6127 -0.3108 -0.7267
vn -0.0926 -0.2649 -0.9598
vn -0.0126 0.9854 -0.1695
vn 0.2046 0.8250 -0.5268
vn -0.0742 0.8565 -0.5109
vn -0.0352 0.8294 -0.5576
vn -0.4282 0.8294 -0.3590
vn -0.7323 0.2948 -0.6139
vn -0.7384 0.3853 -0.5534
vn -0.1692 0.8398 0.5159
vn -0.1094 0.9825 0.1508
vn -0.6078 0.7799 0.1495
vn -0.6982 0.6844 0.2100
vn -0.6603 -0.7428 0.1108
vn -0.6439 -0.7563 0.1157
vn 0.4720 0.7893 0.3927
vn 0.5186 0.8069 0.2830
vn 0.8803 0.4189 0.2228
vn 0.9422 0.3225 -0.0904
vn 0.9348 0.3443 -0.0872
vn 0.9328 0.3512 -0.0813
vn 0.0119 -0.9997 -0.0234
vn -0.0103 -0.9993 0.0363
vn -0.0159 -0.9999 0.0013
vn 0.7039 -0.7079 -0.0587
vn 0.6797 -0.7334 -0.0095
vn 0.6326 0.7624 -0.1366
vn 0.4459 0.8350 0.3222
vn 0.1272 0.9876 0.0919
vn 0.0864 0.5936 0.8001
vn 0.1109 0.5869 0.8020
vn 0.0051 -0.7922 0.6103
vn 0.5666 -0.3252 0.7571
vn 0.5558 0.6234 -0.5500
vn -0.0007 0.6707 -0.7417
vn -0.0528 0.6187 -0.7838
vn -0.4774 0.6646 -0.5748
vn -0.5978 0.5490 -0.5842
vn -0.5429 -0.5535 0.6316
vn -0.5816 -0.4516 0.6766
vn -0.9649 0.2522 0.0729
vn -0.9268 0.3438 0.1512
vn -0.0284 -0.9992 0.0277
vn 0.4635 -0.7617 -0.4527
vn 0.4719 -0.7412 -0.4774
vn 0.5728 0.6849 -0.4503
vn 0.4730 0.7789 -0.4118
vn 0.0363 0.9769 -0.2105
vn 0.0692 0.9653 -0.2518
vn 0.1372 0.9563 -0.2583
vn 0.1325 0.9610 -0.2426
vn 0.1634 0.9541 -0.2511
vn 0.6308 0.2522 -0.7338
vn 0.5816 -0.4516 -0.6766
vn 0.5312 -0.5796 -0.6180
vn -0.1059 -0.5486 -0.8294
vn -0.0049 0.8350 0.5502
vn 0.0204 0.8547 0.5187
vn 0.4056 0.8547 0.3240
vn 0.7549 0.2577 0.6030
vn -0.0150 0.9928 -0.1185
vn -0.0673 0.9976 -0.0140
vn -0.3451 0.9379 0.0361
vn -0.2337 0.9379 0.2565
vn 0.7935 0.2022 0.5740
vn -0.0083 0.2021 0.9793
vn -0.0594 -0.4654 0.8831
vn 0.1400 0.9838 -0.1119
vn 0.0975 0.9844 -0.1465
vn 0.1952 0.6987 -0.6883
vn -0.2468 0.7022 -0.6678
vn 0.1620 0.8197 0.5494
vn 0.0500 0.8528 0.5199
vn 0.1088 0.7842 0.6108
vn -0.4456 0.7729 0.4517
vn -0.6604 -0.7466 -0.0804
vn -0.3825 -0.7426 -0.5497
vn 0.0222 -0.9992 0.0319
vn 0.0391 -0.9992 -0.0058
vn 0.4216 0.7105 0.5634
vn 0.5011 0.6136 0.6103
vn 0.1581 0.9798 0.1222
vn 0.1896 0.9773 0.0947
vn 0.7813 -0.6214 -0.0590
vn 0.7672 -0.6404 -0.0375
vn -0.4911 -0.6234 -0.6085
vn -0.7846 -0.5458 -0.2940
vn -0.5251 -0.8474 0.0784
vn -0.7140 -0.5672 0.4105
vn -0.0673 -0.4475 -0.8918
vn -0.0648 -0.5098 -0.8578
vn -0.6461 -0.5234 -0.5554
vn -0.6269 0.6932 0.3556
vn -0.6180 0.7013 0.3553
vn -0.6698 0.6989 -0.2510
vn -0.7024 -0.2607 0.6624
vn -0.5641 0.6315 0.5320
vn -0.0978 0.9817 0.1635
vn -0.5653 0.6280 0.5348
vn -0.5915 0.7970 -0.1220
vn -0.4659 0.8185 -0.3362
vn -0.2159 -0.7426 -0.6340
vn 0.3268 -0.7466 -0.5795
vn -0.6026 0.2482 0.7585
vn -0.2620 0.9070 0.3298
vn 0.3231 0.7656 0.5563
vn 0.2195 -0.4641 0.8582
vn 0.0380 0.2576 0.9655
vn -0.6384 0.2020 0.7427
vn -0.0315 -0.9990 0.0316
vn 0.0128 -0.9992 0.0375
vn 0.0368 0.9605 -0.2758
vn 0.0442 0.9606 -0.2745
vn -0.0236 -0.9994 -0.0257
vn 0.5911 -0.4834 0.6457
vn -0.6804 0.1862 0.7088
vn -0.6664 -0.1556 0.7292
vn 0.9791 0.0886 -0.1828
vn 0.6526 0.0860 -0.7528
vn -0.5523 0.4968 0.6695
vn -0.5593 0.4908 0.6681
vn 0.1825 0.9732 -0.1403
vn 0.0679 0.9847 -0.1604
vn 0.4884 -0.7922 0.3659
vn 0.5801 0.5869 0.5649
vn -0.6450 -0.1979 0.7382
vn -0.6253 -0.3266 0.7088
vn -0.5640 -0.5377 0.6268
vn 0.6021 -0.6080 0.5175
vn 0.5421 -0.6490 0.5338
vn 0.6620 -0.4308 0.6133
vn -0.3693 0.9290 0.0225
vn -0.2683 0.5315 0.8035
vn -0.5695 0.4707 0.6738
vn 0.5087 0.8559 -0.0929
vn -0.0081 0.4599 -0.8880
vn -0.0667 0.0593 -0.9960
vn -0.4749 -0.8106 -0.3427
vn -0.0286 0.9976 0.0625
vn -0.7545 0.1265 -0.6440
vn 0.2382 0.0440 0.9702
vn -0.1290 0.9854 -0.1107
vn 0.1790 0.6923 0.6990
vn -0.0602 0.2948 -0.9537
vn 0.3283 -0.7734 -0.5422
vn 0.1695 -0.4834 0.8588
vn 0.5089 -0.5962 -0.6209
vn 0.4568 0.6923 0.5586
usemtl None
s off
f 1770//2095 1755//2095 1775//2095
f 1755//2096 1770//2096 1779//2096
f 1753//2097 1779//2097 1770//2097
f 1779//2098 1753//2098 1754//2098
f 1751//2099 1754//2099 1753//2099
f 1754//2099 1751//2099 1752//2099
f 1761//2100 1752//2100 1751//2100
f 1752//2100 1761//2100 1762//2100
f 1626//2101 1762//2101 1761//2101
f 1762//2102 1626//2102 1625//2102
f 1653//2103 1625//2103 1626//2103
f 1625//2104 1653//2104 1700//2104
f 1718//2105 1700//2105 1653//2105
f 1700//2106 1718//2106 1719//2106
f 1697//2107 1719//2107 1718//2107
f 1719//2108 1697//2108 1698//2108
f 1742//2109 1698//2109 1697//2109
f 1698//2110 1742//2110 1716//2110
f 1695//2111 1716//2111 1742//2111
f 1716//2112 1695//2112 1732//2112
f 1736//2113 1732//2113 1695//2113
f 1732//2114 1736//2114 1745//2114
f 1734//2115 1745//2115 1736//2115
f 1745//2116 1734//2116 1728//2116
f 1729//2117 1728//2117 1734//2117
f 1728//2118 1729//2118 1730//2118
f 1748//2119 1730//2119 1729//2119
f 1730//2120 1748//2120 1749//2120
f 1682//2121 1749//2121 1748//2121
f 1749//2122 1682//2122 1684//2122
f 1691//2123 1684//2123 1682//2123
f 1684//2124 1691//2124 1693//2124
f 1667//2125 1693//2125 1691//2125
f 1693//2126 1667//2126 1619//2126
f 1648//2127 1619//2127 1667//2127
f 1619//2128 1648//2128 1622//2128
f 1651//2129 1622//2129 1648//2129
f 1622//2130 1651//2130 1679//2130
f 1618//2131 1679//2131 1651//2131
f 1679//2132 1618//2132 1678//2132
f 1658//2133 1678//2133 1618//2133
f 1678//2134 1658//2134 1681//2134
f 1643//2135 1681//2135 1658//2135
f 1681//2136 1643//2136 1657//2136
f 1656//2137 1657//2137 1643//2137
f 1657//2138 1656//2138 1680//2138
f 1617//2139 1680//2139 1656//2139
f 1680//2140 1617//2140 1676//2140
f 1617//2141 1649//2141 1676//2141
f 1676//2142 1649//2142 1677//2142
f 1650//2143 1677//2143 1649//2143
f 1677//2144 1650//2144 1660//2144
f 1675//2145 1660//2145 1650//2145
f 1660//2146 1675//2146 1659//2146
f 1674//2147 1659//2147 1675//2147
f 1659//2148 1674//2148 1663//2148
f 1664//2149 1663//2149 1674//2149
f 1663//2150 1664//2150 1657//2150
f 1681//2151 1657//2151 1664//2151
f 1636//2152 1770//2152 1775//2152
f 1770//2153 1636//2153 1633//2153
f 1631//2154 1633//2154 1636//2154
f 1633//2155 1631//2155 1630//2155
f 1628//2155 1630//2155 1631//2155
f 1630//2156 1628//2156 1647//2156
f 1645//2156 1647//2156 1628//2156
f 1647//2157 1645//2157 1627//2157
f 1623//2158 1627//2158 1645//2158
f 1627//2159 1623//2159 1652//2159
f 1624//2160 1652//2160 1623//2160
f 1652//2161 1624//2161 1685//2161
f 1717//2162 1685//2162 1624//2162
f 1685//2163 1717//2163 1696//2163
f 1698//2164 1696//2164 1717//2164
f 1696//2165 1698//2165 1714//2165
f 1716//2166 1714//2166 1698//2166
f 1714//2167 1716//2167 1733//2167
f 1732//2168 1733//2168 1716//2168
f 1733//2169 1732//2169 1746//2169
f 1745//2170 1746//2170 1732//2170
f 1746//2171 1745//2171 1728//2171
f 1631//2172 1632//2172 1628//2172
f 1632//2173 1631//2173 1634//2173
f 1636//2174 1634//2174 1631//2174
f 1634//2175 1636//2175 1784//2175
f 1783//2176 1784//2176 1636//2176
f 1784//2177 1783//2177 1639//2177
f 1757//2178 1639//2178 1783//2178
f 1639//2179 1757//2179 1759//2179
f 1760//2180 1759//2180 1757//2180
f 1759//2181 1760//2181 1644//2181
f 1767//2182 1644//2182 1760//2182
f 1644//2183 1767//2183 1711//2183
f 1709//2184 1711//2184 1767//2184
f 1711//2185 1709//2185 1710//2185
f 1708//2186 1710//2186 1709//2186
f 1710//2187 1708//2187 1641//2187
f 1638//2187 1641//2187 1708//2187
f 1641//2188 1638//2188 1637//2188
f 1784//2189 1637//2189 1638//2189
f 1637//2190 1784//2190 1639//2190
f 1692//2191 1686//2191 1694//2191
f 1686//2192 1692//2192 1690//2192
f 1666//2193 1690//2193 1692//2193
f 1690//2194 1666//2194 1667//2194
f 1665//2195 1667//2195 1666//2195
f 1667//2196 1665//2196 1668//2196
f 1688//2197 1668//2197 1665//2197
f 1668//2198 1688//2198 1648//2198
f 1670//2199 1648//2199 1688//2199
f 1648//2200 1670//2200 1651//2200
f 1669//2201 1651//2201 1670//2201
f 1651//2202 1669//2202 1618//2202
f 1673//2203 1618//2203 1669//2203
f 1618//2204 1673//2204 1658//2204
f 1689//2205 1658//2205 1673//2205
f 1658//2206 1689//2206 1643//2206
f 1672//2207 1643//2207 1689//2207
f 1643//2208 1672//2208 1694//2208
f 1692//2209 1694//2209 1672//2209
f 1779//2210 1777//2210 1755//2210
f 1777//2211 1779//2211 1756//2211
f 1769//2212 1756//2212 1779//2212
f 1756//2213 1769//2213 1780//2213
f 1754//2214 1780//2214 1769//2214
f 1780//2215 1754//2215 1764//2215
f 1763//2216 1764//2216 1754//2216
f 1764//2217 1763//2217 1703//2217
f 1713//2218 1703//2218 1763//2218
f 1703//2219 1713//2219 1702//2219
f 1712//2219 1702//2219 1713//2219
f 1702//2220 1712//2220 1629//2220
f 1646//2220 1629//2220 1712//2220
f 1629//2221 1646//2221 1645//2221
f 1623//2222 1645//2222 1646//2222
f 1715//2223 1742//2223 1697//2223
f 1742//2224 1715//2224 1725//2224
f 1738//2225 1725//2225 1715//2225
f 1725//2226 1738//2226 1724//2226
f 1737//2227 1724//2227 1738//2227
f 1724//2228 1737//2228 1727//2228
f 1726//2229 1727//2229 1737//2229
f 1727//2230 1726//2230 1720//2230
f 1743//2231 1720//2231 1726//2231
f 1720//2232 1743//2232 1656//2232
f 1617//2233 1656//2233 1743//2233
f 1758//2180 1760//2180 1757//2180
f 1760//2234 1758//2234 1766//2234
f 1788//2235 1766//2235 1758//2235
f 1766//2236 1788//2236 1709//2236
f 1785//2237 1709//2237 1788//2237
f 1709//2238 1785//2238 1786//2238
f 1707//2239 1786//2239 1785//2239
f 1786//2240 1707//2240 1706//2240
f 1704//2241 1706//2241 1707//2241
f 1706//2242 1704//2242 1632//2242
f 1721//2243 1736//2243 1695//2243
f 1736//2244 1721//2244 1747//2244
f 1643//2245 1747//2245 1721//2245
f 1747//2246 1643//2246 1735//2246
f 1694//2247 1735//2247 1643//2247
f 1735//2248 1694//2248 1750//2248
f 1686//2249 1750//2249 1694//2249
f 1750//2250 1686//2250 1748//2250
f 1682//2251 1748//2251 1686//2251
f 1764//2252 1771//2252 1780//2252
f 1771//2253 1764//2253 1705//2253
f 1703//2254 1705//2254 1764//2254
f 1705//2255 1703//2255 1704//2255
f 1702//2255 1704//2255 1703//2255
f 1704//2256 1702//2256 1632//2256
f 1629//2256 1632//2256 1702//2256
f 1632//2172 1629//2172 1628//2172
f 1645//2221 1628//2221 1629//2221
f 1730//2257 1714//2257 1731//2257
f 1714//2258 1730//2258 1696//2258
f 1693//2259 1696//2259 1730//2259
f 1696//2260 1693//2260 1683//2260
f 1619//2261 1683//2261 1693//2261
f 1683//2262 1619//2262 1685//2262
f 1652//2263 1685//2263 1619//2263
f 1679//2264 1650//2264 1621//2264
f 1650//2265 1679//2265 1662//2265
f 1678//2266 1662//2266 1679//2266
f 1662//2267 1678//2267 1661//2267
f 1681//2268 1661//2268 1678//2268
f 1661//2269 1681//2269 1664//2269
f 1782//2270 1758//2270 1773//2270
f 1758//2271 1782//2271 1788//2271
f 1774//2272 1788//2272 1782//2272
f 1788//2273 1774//2273 1785//2273
f 1776//2274 1785//2274 1774//2274
f 1785//2275 1776//2275 1707//2275
f 1643//2276 1720//2276 1656//2276
f 1720//2277 1643//2277 1744//2277
f 1721//2278 1744//2278 1643//2278
f 1744//2279 1721//2279 1741//2279
f 1695//2280 1741//2280 1721//2280
f 1741//2281 1695//2281 1742//2281
f 1649//2282 1715//2282 1697//2282
f 1715//2283 1649//2283 1740//2283
f 1739//2284 1740//2284 1649//2284
f 1740//2285 1739//2285 1722//2285
f 1726//2286 1722//2286 1739//2286
f 1722//2287 1726//2287 1737//2287
f 1786//2288 1708//2288 1709//2288
f 1708//2289 1786//2289 1638//2289
f 1635//2290 1638//2290 1786//2290
f 1638//2291 1635//2291 1784//2291
f 1634//2292 1784//2292 1635//2292
f 1627//2293 1626//2293 1761//2293
f 1626//2294 1627//2294 1655//2294
f 1652//2159 1655//2159 1627//2159
f 1655//2295 1652//2295 1622//2295
f 1619//2296 1622//2296 1652//2296
f 1744//2297 1727//2297 1720//2297
f 1727//2298 1744//2298 1724//2298
f 1741//2299 1724//2299 1744//2299
f 1724//2300 1741//2300 1725//2300
f 1742//2301 1725//2301 1741//2301
f 1780//2302 1778//2302 1756//2302
f 1778//2303 1780//2303 1765//2303
f 1771//2304 1765//2304 1780//2304
f 1765//2305 1771//2305 1776//2305
f 1707//2306 1776//2306 1771//2306
f 1717//2307 1719//2307 1698//2307
f 1719//2308 1717//2308 1701//2308
f 1699//2308 1701//2308 1717//2308
f 1701//2309 1699//2309 1712//2309
f 1646//2310 1712//2310 1699//2310
f 1649//2311 1621//2311 1650//2311
f 1621//2312 1649//2312 1620//2312
f 1697//2313 1620//2313 1649//2313
f 1620//2314 1697//2314 1718//2314
f 1640//2315 1644//2315 1641//2315
f 1644//2316 1640//2316 1642//2316
f 1639//2317 1642//2317 1640//2317
f 1642//2318 1639//2318 1759//2318
f 1653//2319 1620//2319 1718//2319
f 1620//2320 1653//2320 1654//2320
f 1626//2321 1654//2321 1653//2321
f 1654//2294 1626//2294 1655//2294
f 1746//2322 1714//2322 1733//2322
f 1714//2323 1746//2323 1731//2323
f 1728//2324 1731//2324 1746//2324
f 1731//2325 1728//2325 1730//2325
f 1758//2326 1781//2326 1773//2326
f 1781//2327 1758//2327 1787//2327
f 1757//2328 1787//2328 1758//2328
f 1787//2329 1757//2329 1783//2329
f 1672//2330 1666//2330 1692//2330
f 1666//2331 1672//2331 1671//2331
f 1689//2332 1671//2332 1672//2332
f 1671//2333 1689//2333 1673//2333
f 1738//2334 1722//2334 1737//2334
f 1722//2335 1738//2335 1723//2335
f 1715//2336 1723//2336 1738//2336
f 1723//2337 1715//2337 1740//2337
f 1701//2106 1700//2106 1719//2106
f 1700//2338 1701//2338 1768//2338
f 1713//2339 1768//2339 1701//2339
f 1768//2218 1713//2218 1763//2218
f 1671//2340 1665//2340 1666//2340
f 1665//2341 1671//2341 1687//2341
f 1673//2342 1687//2342 1671//2342
f 1687//2343 1673//2343 1669//2343
f 1624//2344 1699//2344 1717//2344
f 1699//2345 1624//2345 1646//2345
f 1623//2346 1646//2346 1624//2346
f 1688//2347 1669//2347 1670//2347
f 1669//2348 1688//2348 1687//2348
f 1665//2349 1687//2349 1688//2349
f 1674//2350 1661//2350 1664//2350
f 1661//2351 1674//2351 1675//2351
f 1662//2352 1675//2352 1650//2352
f 1675//2353 1662//2353 1661//2353
f 1691//2354 1690//2354 1667//2354
f 1690//2355 1691//2355 1682//2355
f 1735//2356 1729//2356 1734//2356
f 1729//2357 1735//2357 1750//2357
f 1622//2358 1621//2358 1655//2358
f 1621//2359 1622//2359 1679//2359
f 1617//2360 1739//2360 1649//2360
f 1739//2361 1617//2361 1743//2361
f 1654//2362 1621//2362 1620//2362
f 1621//2363 1654//2363 1655//2363
f 1747//2364 1734//2364 1736//2364
f 1734//2365 1747//2365 1735//2365
f 1693//2366 1749//2366 1684//2366
f 1749//2367 1693//2367 1730//2367
f 1680//2368 1663//2368 1657//2368
f 1663//2369 1680//2369 1676//2369
f 1633//2370 1753//2370 1770//2370
f 1753//2371 1633//2371 1630//2371
f 1705//2372 1707//2372 1771//2372
f 1707//2373 1705//2373 1704//2373
f 1775//2374 1783//2374 1636//2374
f 1783//2375 1775//2375 1772//2375
f 1710//2376 1644//2376 1711//2376
f 1644//2377 1710//2377 1641//2377
f 1676//2378 1659//2378 1663//2378
f 1659//2379 1676//2379 1677//2379
f 1630//2380 1751//2380 1753//2380
f 1751//2381 1630//2381 1647//2381
f 1647//2381 1761//2381 1751//2381
f 1761//2382 1647//2382 1627//2382
f 1700//2383 1762//2383 1625//2383
f 1762//2384 1700//2384 1768//2384
f 1768//2385 1752//2385 1762//2385
f 1752//2385 1768//2385 1763//2385
f 1637//2188 1640//2188 1641//2188
f 1640//2386 1637//2386 1639//2386
f 1787//2387 1772//2387 1781//2387
f 1772//2388 1787//2388 1783//2388
f 1767//2389 1766//2389 1709//2389
f 1766//2234 1767//2234 1760//2234
f 1706//2390 1635//2390 1786//2390
f 1635//2391 1706//2391 1632//2391
f 1686//2392 1690//2392 1682//2392
f 1642//2393 1759//2393 1644//2393
f 1632//2394 1634//2394 1635//2394
f 1779//2395 1754//2395 1769//2395
f 1648//2396 1667//2396 1668//2396
f 1740//2397 1722//2397 1723//2397
f 1696//2398 1683//2398 1685//2398
f 1750//2399 1748//2399 1729//2399
f 1739//2400 1743//2400 1726//2400
f 1701//2401 1712//2401 1713//2401
f 1763//2216 1754//2216 1752//2216
f 1677//2402 1660//2402 1659//2402
o n1b1
v 2.932530 2.895761 -0.269820
v 3.590294 2.938724 -0.270736
v 3.966413 2.794407 -0.792472
v 2.947813 2.972360 -0.227215
v 3.604541 3.042637 -0.262705
v 4.003454 2.868873 -0.760865
v 2.552288 2.827704 -0.452045
v 4.031096 2.682733 -1.199615
v 3.258613 2.940137 -0.189993
v 3.847686 2.882389 -0.487782
v 3.273550 3.042392 -0.164762
v 3.875020 2.983429 -0.468819
v 3.181077 3.511822 -1.191366
v 3.315984 3.305099 -1.814923
v 3.693594 3.290001 -1.450455
v 3.237562 3.449649 -1.549241
v 3.449876 3.441833 -1.327250
v 3.469537 3.341548 -0.587728
v 3.350745 3.468516 -0.847340
v 3.763191 3.305099 -0.930279
v 3.502751 3.449649 -1.024657
v 4.019933 2.910479 -0.756365
v 4.047994 2.721516 -1.201767
v 3.889552 3.026771 -0.459890
v 3.914374 2.993068 -1.561856
v 3.936798 3.129820 -0.840261
v 3.181077 3.511822 -1.191366
v 2.572374 3.377997 -1.439011
v 2.641971 3.393095 -0.918835
v 2.852641 3.487383 -1.354655
v 2.905516 3.495198 -1.052063
v 3.469537 3.341548 -0.587728
v 3.350745 3.468516 -0.847340
v 3.019581 3.377997 -0.554367
v 3.117830 3.487383 -0.830071
v 2.948286 3.015535 -0.214623
v 2.546764 2.868686 -0.442862
v 3.278962 3.086628 -0.151223
v 2.378694 3.143614 -0.785535
v 2.963520 3.225232 -0.348246
v 2.591356 3.157956 -0.856427
v 2.662263 3.251800 -0.991406
v 2.807128 3.341398 -1.044869
v 2.970616 3.392528 -0.996397
v 3.090281 3.385658 -0.864503
v 3.120415 3.323413 -0.699566
v 3.049508 3.229568 -0.564587
v 2.904643 3.139971 -0.511123
v 2.741155 3.088842 -0.559596
v 2.621490 3.095711 -0.691490
v 2.576984 3.273124 -0.795416
v 2.638392 3.354396 -0.912312
v 2.763848 3.431990 -0.958613
v 2.905433 3.476269 -0.916634
v 3.009066 3.470320 -0.802410
v 3.035163 3.416415 -0.659571
v 2.973755 3.335144 -0.542676
v 2.848299 3.257550 -0.496375
v 2.706714 3.213270 -0.538353
v 2.603081 3.219219 -0.652577
v 2.637343 3.379602 -0.729738
v 2.637343 3.379602 -0.729738
v 2.745230 3.471323 -0.823960
v 2.745230 3.471323 -0.823960
v 2.886806 3.493453 -0.733776
v 2.886806 3.493453 -0.733776
v 2.866419 3.415408 -0.583818
v 2.866419 3.415408 -0.583818
v 2.712243 3.345045 -0.581323
v 2.712243 3.345045 -0.581323
v 2.756261 3.448856 -0.676991
v 3.736426 3.045702 -1.435285
v 3.601916 3.159683 -1.466422
v 3.488936 3.274559 -1.389539
v 3.440638 3.346450 -1.234004
v 3.475471 3.347897 -1.059225
v 3.580131 3.278347 -0.931963
v 3.714640 3.164364 -0.900826
v 3.827620 3.049489 -0.977709
v 3.875918 2.977598 -1.133244
v 3.841085 2.976152 -1.308023
v 3.811377 3.152114 -1.419430
v 3.694889 3.250825 -1.446395
v 3.597045 3.350310 -1.379813
v 3.555218 3.412570 -1.245115
v 3.585384 3.413823 -1.093752
v 3.676022 3.353591 -0.983540
v 3.792510 3.254880 -0.956575
v 3.890354 3.155394 -1.023157
v 3.932181 3.093134 -1.157855
v 3.902015 3.091882 -1.309217
v 3.845306 3.261182 -1.340391
v 3.845306 3.261182 -1.340391
v 3.721561 3.375611 -1.317517
v 3.721561 3.375611 -1.317517
v 3.714829 3.412280 -1.152361
v 3.714829 3.412280 -1.152361
v 3.834413 3.320513 -1.073161
v 3.834413 3.320513 -1.073161
v 3.915052 3.227131 -1.189370
v 3.915052 3.227131 -1.189370
v 3.829121 3.343681 -1.219346
vt 0.9531 0.2422
vt 0.9375 0.0664
vt 0.9766 0.0664
vt 0.9180 0.2422
vt 0.8750 0.3711
vt 0.8477 0.2422
vt 0.7852 0.3711
vt 0.7656 0.2422
vt 0.7070 0.2422
vt 0.7617 0.0664
vt 0.6914 0.0664
vt 0.4922 0.4922
vt 0.1602 -0.0039
vt 0.4023 0.0156
vt 0.1406 0.2773
vt 0.3477 0.7812
vt 0.1211 0.5312
vt 0.0898 0.7695
vt -0.0156 0.7266
vt 0.0977 0.9688
vt 0.1211 0.5312
vt 0.1406 0.2773
vt -0.0898 0.4492
vt 0.3477 0.7812
vt 0.0898 0.7695
vt 0.2188 0.9180
vt 0.0977 0.9688
vt 0.2812 1.0625
vt 0.8008 0.3711
vt 0.7227 0.2422
vt 0.7422 0.3711
vt 0.7930 0.2422
vt 0.8750 0.2422
vt 0.7930 0.0664
vt 0.8867 0.0664
vt 0.6875 0.2422
vt 0.6719 0.0664
vt 0.7109 0.0664
vt 0.8750 0.3711
vt 0.8477 0.2422
vt 0.7852 0.3711
vt 0.9180 0.2422
vt 0.9531 0.2422
vt 0.9375 0.0664
vt 0.9766 0.0664
vt 0.8828 0.3711
vt 0.9336 0.2422
vt 0.8750 0.2422
vt 0.8867 0.0664
vt 0.7930 0.0664
vt 0.8008 0.3711
vt 0.7930 0.2422
vt 0.7227 0.2422
vt 0.7109 0.0664
vt 0.6719 0.0664
vt 0.7422 0.3711
vt 0.6875 0.2422
vt 0.7070 0.2422
vt 0.6914 0.0664
vt 0.7617 0.0664
vt 0.7656 0.2422
vt 0.8555 0.0664
vt -0.0156 -0.0039
vt -0.0898 0.4492
vt 0.6797 0.6914
vt 0.6797 0.7031
vt 0.6719 0.6992
vt 0.6914 0.6992
vt 0.6914 0.6914
vt 0.6953 0.6836
vt 0.1602 -0.0039
vt 0.4922 0.4922
vt 0.4023 0.0156
vt -0.0156 -0.0039
vt 0.8555 0.0664
vt 0.8828 0.3711
vt 0.9336 0.2422
vt 0.9570 0.0664
vt 0.8750 0.7461
vt 0.7617 0.8203
vt 0.8711 0.9805
vt 0.8086 0.5508
vt 0.9453 0.5508
vt 0.9570 0.0664
vt 0.8750 0.7461
vt 0.8086 0.5508
vt 0.9453 0.5508
vt 0.7617 0.8203
vt 0.8711 0.9805
vt 0.2188 0.9180
vt 0.2812 1.0625
vt 0.4453 1.0312
vt 0.9844 0.8242
vt -0.0156 0.7266
vt 0.4453 1.0312
vt 0.6719 0.6914
vt 0.6641 0.6914
vt 0.9844 0.8242
vt 0.6641 0.6836
vt 0.6562 0.6758
vt 0.6953 0.6914
vt 0.7031 0.6758
vn -0.9774 -0.1805 0.1105
vn -0.8983 0.3309 0.2890
vn -0.8460 0.5275 -0.0777
vn -0.6947 0.7120 -0.1023
vn -0.5795 0.7572 -0.3013
vn -0.2025 0.9321 -0.3003
vn -0.0008 0.6894 -0.7244
vn 0.9348 0.3443 -0.0872
vn 0.9422 0.3225 -0.0904
vn 0.7680 0.6244 -0.1422
vn 0.7351 0.6676 -0.1177
vn 0.5087 0.8559 -0.0929
vn 0.3996 0.8823 0.2487
vn 0.1694 0.9847 0.0404
vn 0.1088 0.7842 0.6108
vn -0.4176 0.7806 0.4650
vn -0.2371 0.9290 0.2841
vn -0.2337 0.9379 0.2565
vn -0.0286 0.9976 0.0625
vn -0.0673 0.9976 -0.0140
vn 0.2075 0.8559 0.4737
vn 0.2847 0.7105 0.6435
vn 0.0249 0.4822 0.8757
vn 0.3255 0.0375 0.9448
vn -0.0897 0.9907 -0.1022
vn 0.1428 0.9867 -0.0782
vn 0.3281 0.9020 0.2805
vn 0.7553 0.6467 0.1061
vn 0.4321 0.6016 -0.6719
vn 0.5110 0.3945 -0.7637
vn 0.8040 0.1641 -0.5715
vn 0.6280 -0.3379 -0.7011
vn 0.6280 -0.3378 -0.7011
vn 0.9015 0.2351 -0.3633
vn 0.9775 0.0790 -0.1955
vn 0.9604 0.1740 0.2178
vn 0.8499 -0.3256 0.4144
vn 0.5718 0.0133 0.8203
vn 0.8737 0.3857 0.2963
vn 0.7601 0.4102 0.5041
vn 0.4591 0.6934 0.5554
vn 0.1502 0.4216 0.8943
vn -0.2537 0.7457 0.6161
vn 0.3906 0.8380 0.3811
vn 0.1733 0.9172 0.3587
vn 0.0075 0.9999 -0.0098
vn -0.4911 0.8663 0.0907
vn -0.4716 0.7355 -0.4864
vn 0.1239 0.9698 -0.2103
vn 0.0221 0.9101 -0.4138
vn 0.2132 0.6795 -0.7020
vn -0.2005 0.4010 -0.8939
vn 0.2186 -0.0086 -0.9758
vn 0.8803 0.4189 0.2228
vn 0.5186 0.8069 0.2830
vn 0.5465 0.7413 0.3896
vn 0.2820 -0.1123 0.9528
vn 0.5802 -0.1415 0.8021
vn 0.5762 -0.2987 0.7608
vn 0.8523 -0.3097 0.4215
vn -0.5593 0.4908 0.6681
vn -0.5695 0.4707 0.6738
vn -0.2683 0.5315 0.8035
vn 0.0500 0.8528 0.5199
vn -0.9081 0.1019 -0.4062
vn -0.5357 0.4338 -0.7244
vn -0.7776 0.3997 0.4855
vn -0.7117 0.2446 0.6585
vn -0.7131 -0.3051 0.6311
vn -0.2129 -0.2214 0.9517
vn -0.5901 0.6680 0.4534
vn -0.5503 0.8182 0.1664
vn -0.2539 0.9531 0.1648
vn 0.8713 -0.4605 -0.1698
vn 0.4269 0.8863 -0.1794
vn 0.5794 0.7075 -0.4047
vn 0.8086 0.5309 -0.2537
vn 0.2211 0.9732 -0.0638
vn 0.1825 0.9732 -0.1403
vn 0.3746 0.8673 -0.3278
vn -0.4630 0.7451 0.4801
vn -0.6679 0.7411 0.0679
vn -0.3693 0.9290 0.0225
vn -0.2109 0.4921 0.8446
vn -0.3568 0.3031 0.8836
vn -0.3148 0.7120 0.6277
vn -0.1087 0.8878 0.4473
vn 0.6927 0.3684 0.6200
vn 0.4920 0.7700 -0.4063
vn 0.0865 0.9928 0.0823
vn 0.1034 0.9114 0.3984
vn 0.5570 0.6210 -0.5514
vn 0.3764 0.8559 -0.3546
vn -0.1383 -0.2182 0.9661
vn 0.2270 -0.2644 0.9373
vn 0.7948 0.6032 0.0668
vn 0.5582 0.8224 0.1101
vn -0.3348 -0.4061 0.8503
vn -0.1523 -0.4570 0.8763
vn -0.2006 0.4010 -0.8939
vn 0.8110 -0.5185 0.2711
vn 0.6661 -0.5467 0.5074
vn 0.4861 0.8673 -0.1073
vn -0.3451 0.9379 0.0361
usemtl m7
s off
f 1848/525/2403 1829/526/2403 1838/527/2403
f 1829/526/2403 1848/525/2403 1839/528/2403
f 1849/529/2404 1839/528/2404 1848/525/2404
f 1839/528/2405 1849/529/2405 1840/530/2405
f 1851/531/2406 1840/530/2406 1849/529/2406
f 1840/530/2407 1851/531/2407 1841/532/2407
f 1842/533/2408 1841/532/2408 1851/531/2408
f 1841/532/2409 1842/533/2409 1831/534/2409
f 1832/535/2409 1831/534/2409 1842/533/2409
f 1813/536/2410 1810/537/2410 1811/538/2410
f 1810/537/2411 1813/536/2411 1814/539/2411
f 1803/540/2412 1814/539/2412 1813/536/2412
f 1814/539/2413 1803/540/2413 1808/541/2413
f 1809/542/2414 1808/541/2414 1803/540/2414
f 1808/541/2415 1809/542/2415 1807/543/2415
f 1801/544/2416 1807/543/2416 1809/542/2416
f 1822/545/2417 1828/546/2417 1820/547/2417
f 1828/546/2418 1822/545/2418 1817/548/2418
f 1823/549/2419 1817/548/2419 1822/545/2419
f 1817/548/2420 1823/549/2420 1819/550/2420
f 1815/551/2421 1819/550/2421 1823/549/2421
f 1819/550/2422 1815/551/2422 1818/552/2422
f 1855/553/2423 1844/554/2423 1853/555/2423
f 1844/554/2424 1855/553/2424 1845/556/2424
f 1846/557/2425 1845/556/2425 1855/553/2425
f 1845/556/2426 1846/557/2426 1835/558/2426
f 1836/559/2426 1835/558/2426 1846/557/2426
f 1853/555/2427 1842/533/2427 1851/531/2427
f 1842/533/2428 1853/555/2428 1843/560/2428
f 1844/554/2429 1843/560/2429 1853/555/2429
f 1843/560/2430 1844/554/2430 1833/561/2430
f 1834/562/2430 1833/561/2430 1844/554/2430
f 1880/563/2431 1871/564/2431 1882/565/2431
f 1871/564/2432 1880/563/2432 1870/566/2432
f 1879/567/2433 1870/566/2433 1880/563/2433
f 1870/566/2434 1879/567/2434 1860/568/2434
f 1869/569/2435 1860/568/2435 1879/567/2435
f 1888/570/2436 1879/567/2436 1880/563/2436
f 1879/567/2437 1888/570/2437 1878/571/2437
f 1877/572/2438 1878/571/2438 1888/570/2438
f 1878/571/2439 1877/572/2439 1867/573/2439
f 1866/574/2440 1867/573/2440 1877/572/2440
f 1886/575/2441 1877/572/2441 1888/570/2441
f 1877/572/2442 1886/575/2442 1876/576/2442
f 1875/577/2443 1876/576/2443 1886/575/2443
f 1876/576/2444 1875/577/2444 1865/578/2444
f 1864/579/2445 1865/578/2445 1875/577/2445
f 1884/580/2446 1875/577/2446 1886/575/2446
f 1875/577/2447 1884/580/2447 1874/581/2447
f 1873/582/2448 1874/581/2448 1884/580/2448
f 1874/581/2449 1873/582/2449 1863/583/2449
f 1862/584/2450 1863/583/2450 1873/582/2450
f 1882/565/2451 1873/582/2451 1884/580/2451
f 1873/582/2452 1882/565/2452 1872/585/2452
f 1871/564/2453 1872/585/2453 1882/565/2453
f 1872/585/2454 1871/564/2454 1861/586/2454
f 1860/568/2455 1861/586/2455 1871/564/2455
f 1814/539/2456 1812/587/2456 1810/537/2456
f 1812/587/2457 1814/539/2457 1806/588/2457
f 1808/541/2458 1806/588/2458 1814/539/2458
f 1806/588/2415 1808/541/2415 1807/543/2415
f 1790/589/2459 1793/590/2459 1799/591/2459
f 1793/590/2460 1790/589/2460 1800/592/2460
f 1798/593/2461 1800/592/2461 1790/589/2461
f 1800/592/2462 1798/593/2462 1791/594/2462
f 1824/595/2463 1827/596/2463 1825/597/2463
f 1827/596/2464 1824/595/2464 1828/546/2464
f 1826/598/2465 1828/546/2465 1824/595/2465
f 1828/546/2466 1826/598/2466 1820/547/2466
f 1840/530/2467 1829/526/2467 1839/528/2467
f 1829/526/2467 1840/530/2467 1830/599/2467
f 1841/532/2468 1830/599/2468 1840/530/2468
f 1830/599/2468 1841/532/2468 1831/534/2468
f 1848/525/2469 1857/600/2469 1849/529/2469
f 1857/600/2470 1848/525/2470 1847/601/2470
f 1837/602/2471 1847/601/2471 1848/525/2471
f 1847/601/2472 1837/602/2472 1836/559/2472
f 1859/603/2473 1850/604/2473 1858/605/2473
f 1850/604/2474 1859/603/2474 1852/606/2474
f 1854/607/2475 1852/606/2475 1859/603/2475
f 1868/608/2439 1878/571/2439 1867/573/2439
f 1878/571/2476 1868/608/2476 1879/567/2476
f 1869/569/2476 1879/567/2476 1868/608/2476
f 1890/609/2477 1883/610/2477 1885/611/2477
f 1883/610/2478 1890/609/2478 1881/612/2478
f 1889/613/2479 1881/612/2479 1890/609/2479
f 1805/614/2480 1801/544/2480 1809/542/2480
f 1801/544/2481 1805/614/2481 1804/615/2481
f 1803/540/2482 1804/615/2482 1805/614/2482
f 1817/548/2483 1827/596/2483 1828/546/2483
f 1827/596/2484 1817/548/2484 1816/616/2484
f 1818/552/2485 1816/616/2485 1817/548/2485
f 1857/600/2486 1846/557/2486 1855/553/2486
f 1846/557/2487 1857/600/2487 1847/601/2487
f 1856/617/2488 1859/603/2488 1858/605/2488
f 1859/603/2489 1856/617/2489 1854/607/2489
f 1845/556/2490 1834/562/2490 1844/554/2490
f 1834/562/2490 1845/556/2490 1835/558/2490
f 1843/560/2491 1832/535/2491 1842/533/2491
f 1832/535/2491 1843/560/2491 1833/561/2491
f 1823/549/2492 1821/618/2492 1815/551/2492
f 1821/618/2493 1823/549/2493 1822/545/2493
f 1802/619/2494 1803/540/2494 1813/536/2494
f 1803/540/2495 1802/619/2495 1804/615/2495
f 1797/620/2496 1799/591/2496 1792/621/2496
f 1799/591/2497 1797/620/2497 1790/589/2497
f 1890/609/2498 1887/622/2498 1889/613/2498
f 1887/622/2499 1890/609/2499 1885/611/2499
f 1876/576/2440 1866/574/2440 1877/572/2440
f 1866/574/2444 1876/576/2444 1865/578/2444
f 1789/623/2500 1792/621/2500 1795/624/2500
f 1792/621/2501 1789/623/2501 1797/620/2501
f 1874/581/2445 1864/579/2445 1875/577/2445
f 1864/579/2449 1874/581/2449 1863/583/2449
f 1872/585/2450 1862/584/2450 1873/582/2450
f 1862/584/2502 1872/585/2502 1861/586/2502
f 1794/625/2503 1791/594/2503 1796/626/2503
f 1791/594/2504 1794/625/2504 1800/592/2504
f 1803/540/2505 1805/614/2505 1809/542/2505
f 1860/568/2455 1871/564/2455 1870/566/2455
f 1836/559/2472 1846/557/2472 1847/601/2472
f 1837/602/2471 1848/525/2471 1838/527/2471
f 1817/548/2506 1819/550/2506 1818/552/2506
f 1822/545/2493 1820/547/2493 1821/618/2493
