<?xml version="1.0" encoding="utf-8"?>
<COLLADA xmlns="http://www.collada.org/2005/11/COLLADASchema" version="1.4.1">
  <asset>
    <created>2019-04-20T15:12:02Z</created>
    <modified>2019-04-20T15:12:02Z</modified>
  </asset>
  <library_images>
    <image id="image-chuc_2">
      <init_from>chuc_2.png</init_from>
    </image>
    <image id="image-eye">
      <init_from>eye.png</init_from>
    </image>
  </library_images>
  <library_materials>
    <material id="material0" name="body">
      <instance_effect url="#effect0"/>
    </material>
    <material id="material1" name="eye">
      <instance_effect url="#effect1"/>
    </material>
  </library_materials>
  <library_effects>
    <effect id="effect0" name="body">
      <profile_COMMON>
        <newparam sid="Image-surface">
          <surface type="2D">
            <init_from>image-chuc_2</init_from>
            <format>A8R8G8B8</format>
          </surface>
        </newparam>
        <newparam sid="Image-sampler">
          <sampler2D>
            <source>Image-surface</source>
            <wrap_s>WRAP</wrap_s>
            <wrap_t>WRAP</wrap_t>
            <minfilter>NEAREST</minfilter>
            <magfilter>NEAREST</magfilter>
            <mipfilter>NEAREST</mipfilter>
          </sampler2D>
        </newparam>
        <technique sid="common">
          <phong>
            <emission>
              <color>0 0 0 1</color>
            </emission>
            <ambient>
              <color>0 0 0 1</color>
            </ambient>
            <diffuse>
              <texture texture="Image-sampler" texcoord="tc"/>
            </diffuse>
            <specular>
              <color>0 0 0 1</color>
            </specular>
            <transparent>
              <texture texture="Image-sampler" texcoord="tc"/>
            </transparent>
          </phong>
        </technique>
      </profile_COMMON>
    </effect>
    <effect id="effect1" name="eye">
      <profile_COMMON>
        <newparam sid="Image-surface">
          <surface type="2D">
            <init_from>image-eye</init_from>
            <format>A8R8G8B8</format>
          </surface>
        </newparam>
        <newparam sid="Image-sampler">
          <sampler2D>
            <source>Image-surface</source>
            <wrap_s>MIRROR</wrap_s>
            <wrap_t>MIRROR</wrap_t>
            <minfilter>NEAREST</minfilter>
            <magfilter>NEAREST</magfilter>
            <mipfilter>NEAREST</mipfilter>
          </sampler2D>
        </newparam>
        <technique sid="common">
          <phong>
            <emission>
              <color>0 0 0 1</color>
            </emission>
            <ambient>
              <color>0 0 0 1</color>
            </ambient>
            <diffuse>
              <texture texture="Image-sampler" texcoord="tc"/>
            </diffuse>
            <specular>
              <color>0 0 0 1</color>
            </specular>
          </phong>
        </technique>
      </profile_COMMON>
    </effect>
  </library_effects>
  <library_geometries>
    <geometry id="geometry" name="chuc">
      <mesh>
        <source id="positions">
          <float_array id="positions-array" count="432">0.21240234 0.28198242 0.044433594 0.1550293 0.35180664 0.14086914 0.16186523 0.3515625 0.17895508 0.09667969 0.3803711 0.1887207 0 0.38745117 0.24780273 0 0.3955078 0.21557617 -0.09667969 0.3803711 0.1887207 -0.17993164 0.40625 0.016845703 -0.1550293 0.35180664 0.14086914 -0.17089844 0.50439453 0.11010742 -0.043945313 0.44799805 0.171875 -0.031982422 0.5209961 0.08300781 0.031982422 0.5209961 0.08300781 0.043945313 0.44799805 0.171875 0.17089844 0.50439453 0.11010742 0.1550293 0.35180664 0.14086914 0.17993164 0.40625 0.016845703 -0.21240234 0.28198242 0.044433594 -0.16186523 0.3515625 0.17895508 -0.1550293 0.35180664 0.14086914 -0.09667969 0.3803711 0.1887207 -0.17993164 0.40625 0.016845703 -0.17089844 0.50439453 0.11010742 -0.1171875 0.51538086 0 -0.031982422 0.5209961 0.08300781 0.17993164 0.40625 0.016845703 0.1171875 0.51538086 0 0.17089844 0.50439453 0.11010742 0.031982422 0.5209961 0.08300781 -0.09667969 0.3803711 0.1887207 -0.16186523 0.3515625 0.17895508 0 0.38745117 0.24780273 -0.1550293 0.35180664 0.14086914 -0.17993164 0.40625 0.016845703 -0.21240234 0.28198242 0.044433594 -0.2097168 0.28198242 -0.107177734 -0.14990234 0.14794922 0 -0.080322266 0.14794922 -0.14379883 -0.06591797 0.046142578 0 0 0.046142578 -0.06591797 -0.095214844 0 -0.06542969 -0.06542969 0 -0.095214844 0 0 0 0 0.046142578 -0.06591797 0.06542969 0 -0.095214844 0.095214844 0 -0.06542969 0 0 0 0.06591797 0.046142578 0 0.095214844 0 0.06542969 0 0.046142578 0.06591797 0.06542969 0 0.095214844 0 0 0 0.095214844 0 0.06542969 0.1550293 0.35180664 0.14086914 0.21240234 0.28198242 0.044433594 0.17993164 0.40625 0.016845703 0.2097168 0.28198242 -0.107177734 0.16625977 0.40625 -0.14453125 0.107177734 0.28198242 -0.21142578 0 0.40625 -0.21362305 -0.107177734 0.28198242 -0.21142578 -0.16625977 0.40625 -0.14453125 -0.2097168 0.28198242 -0.107177734 -0.17993164 0.40625 0.016845703 -0.2097168 0.28198242 -0.107177734 -0.107177734 0.28198242 -0.21142578 -0.080322266 0.14794922 -0.14379883 0.107177734 0.28198242 -0.21142578 0.080322266 0.14794922 -0.14379883 0.2097168 0.28198242 -0.107177734 0.14990234 0.14794922 0 0.21240234 0.28198242 0.044433594 0.10498047 0.2536621 0.18066406 0.16186523 0.3515625 0.17895508 0 0.38745117 0.24780273 0.17993164 0.40625 0.016845703 0.16625977 0.40625 -0.14453125 0.1171875 0.51538086 0 0.079589844 0.51220703 -0.1159668 0 0.5361328 0.0009765625 -0.079589844 0.51220703 -0.1159668 -0.1171875 0.51538086 0 -0.16625977 0.40625 -0.14453125 -0.17993164 0.40625 0.016845703 -0.095214844 0 -0.06542969 0 0 0 -0.06591797 0.046142578 0 -0.095214844 0 0.06542969 0 0.046142578 0.06591797 -0.06542969 0 0.095214844 0 0 0 -0.095214844 0 0.06542969 0.06591797 0.046142578 0 0.14990234 0.14794922 0 0 0.046142578 0.06591797 0 0.14794922 0.14477539 -0.14990234 0.14794922 0 -0.10498047 0.2536621 0.18066406 -0.21240234 0.28198242 0.044433594 -0.16186523 0.3515625 0.17895508 -0.1550293 0.35180664 0.14086914 -0.09667969 0.3803711 0.1887207 -0.043945313 0.44799805 0.171875 0 0.3955078 0.21557617 0.043945313 0.44799805 0.171875 0.09667969 0.3803711 0.1887207 0.1550293 0.35180664 0.14086914 0.095214844 0 -0.06542969 0 0.046142578 -0.06591797 0.06591797 0.046142578 0 0.080322266 0.14794922 -0.14379883 0.14990234 0.14794922 0 0.16625977 0.40625 -0.14453125 0 0.40625 -0.21362305 0.079589844 0.51220703 -0.1159668 -0.079589844 0.51220703 -0.1159668 0.043945313 0.44799805 0.171875 0.031982422 0.5209961 0.08300781 -0.043945313 0.44799805 0.171875 -0.031982422 0.5209961 0.08300781 0.1171875 0.51538086 0 0 0.5361328 0.0009765625 0.031982422 0.5209961 0.08300781 -0.031982422 0.5209961 0.08300781 -0.16186523 0.3515625 0.17895508 -0.10498047 0.2536621 0.18066406 0 0.38745117 0.24780273 0.10498047 0.2536621 0.18066406 -0.10498047 0.2536621 0.18066406 0 0.14794922 0.14477539 0.10498047 0.2536621 0.18066406 0.14990234 0.14794922 0 0 0.046142578 -0.06591797 -0.080322266 0.14794922 -0.14379883 0.080322266 0.14794922 -0.14379883 -0.14990234 0.14794922 0 -0.06591797 0.046142578 0 0 0.046142578 0.06591797 -0.031982422 0.5209961 0.08300781 0 0.5361328 0.0009765625 -0.1171875 0.51538086 0 -0.16625977 0.40625 -0.14453125 -0.079589844 0.51220703 -0.1159668 0 0.40625 -0.21362305 </float_array>
          <technique_common>
            <accessor source="#positions-array" count="144" stride="3">
              <param name="X" type="float"/>
              <param name="Y" type="float"/>
              <param name="Z" type="float"/>
            </accessor>
          </technique_common>
        </source>
        <source id="texcoords">
          <float_array id="texcoords-array" count="288">-0.828125 0.15625 -0.84375 0.109375 -0.84375 0.09375 -0.859375 0.0859375 -0.875 0.0625 -0.875 0.078125 -0.8984375 0.0859375 0.75 0.75 0 0.125 0 1 -0.75 0.75 -0.5 1.625 -0.5 1.625 -0.75 0.75 0 1 0 0.125 0.75 0.75 -0.921875 0.15625 -0.9140625 0.09375 -0.9140625 0.109375 -0.8984375 0.0859375 0.75 0.75 0 1 0.5 1.625 -0.5 1.625 0.75 0.75 0.5 1.625 0 1 -0.5 1.625 -0.8984375 0.0859375 -0.9140625 0.09375 -0.875 0.0625 0 0 0 0 0 0 0 0 0 0 0 0 0 0 0 0 0 0 0 0 0 0 0 0 0 0 0 0 0 0 0 0 0 0 0 0 0 0 0 0 0 0 0 0 0 0 0 0 0 0 0 0 0 0 0 0 0 0 0 0 0 0 0 0 0 0 0 0 0 0 0 0 0 0 0 0 0 0 0 0 0 0 0 0 0 0 0 0 0 0 0 0 0 0 0 0 0 0 0 0 0 0 0 0 0 0 0 0 0 0 0 0 0 0 0 0 0 0 0 0 0 0 0 0 0 0 0 0 0 0 0 0 0 0 0 0 0 0 0 0 0 0 0 0 0 0 0 0 0 0 0 0 0 0 0 0 0 0 0 0 0 0 0 0 0 0 0 0 0 0 0 0 0 0 0 0 0 0 0 0 0 0 0 0 0 0 0 0 0 0 0 0 0 0 0 0 0 0 0 0 0 0 0 0 0 0 0 0 0 0 0 0 0 0 0 0 0 0 0 0 0 0 0 0 </float_array>
          <technique_common>
            <accessor source="#texcoords-array" count="144" stride="2">
              <param name="S" type="float"/>
              <param name="T" type="float"/>
            </accessor>
          </technique_common>
        </source>
        <source id="colors">
          <float_array id="colors-array" count="432">0.48387095 0.48387095 0.48387095 0.48387095 0.48387095 0.48387095 0.48387095 0.48387095 0.48387095 0.48387095 0.48387095 0.48387095 0.48387095 0.48387095 0.48387095 0.48387095 0.48387095 0.48387095 0.48387095 0.48387095 0.48387095 0.48387095 0.48387095 0.48387095 0.48387095 0.48387095 0.48387095 0.48387095 0.48387095 0.48387095 0.48387095 0.48387095 0.48387095 0.48387095 0.48387095 0.48387095 0.48387095 0.48387095 0.48387095 0.48387095 0.48387095 0.48387095 0.48387095 0.48387095 0.48387095 0.48387095 0.48387095 0.48387095 0.48387095 0.48387095 0.48387095 0.48387095 0.48387095 0.48387095 0.48387095 0.48387095 0.48387095 0.48387095 0.48387095 0.48387095 0.48387095 0.48387095 0.48387095 0.48387095 0.48387095 0.48387095 0.48387095 0.48387095 0.48387095 0.48387095 0.48387095 0.48387095 0.48387095 0.48387095 0.48387095 0.48387095 0.48387095 0.48387095 0.48387095 0.48387095 0.48387095 0.48387095 0.48387095 0.48387095 0.48387095 0.48387095 0.48387095 0.48387095 0.48387095 0.48387095 0.48387095 0.48387095 0.48387095 0.48387095 0.48387095 0.48387095 0.48387095 0.48387095 0.48387095 0.48387095 0.48387095 0.48387095 0.48387095 0.48387095 0.48387095 0.48387095 0.48387095 0.48387095 0.48387095 0.48387095 0.48387095 0.48387095 0.48387095 0.48387095 0.48387095 0.48387095 0.48387095 0.48387095 0.48387095 0.48387095 0.48387095 0.48387095 0.48387095 0.48387095 0.48387095 0.48387095 0.48387095 0.48387095 0.48387095 0.48387095 0.48387095 0.48387095 0.48387095 0.48387095 0.48387095 0.48387095 0.48387095 0.48387095 0.48387095 0.48387095 0.48387095 0.48387095 0.48387095 0.48387095 0.48387095 0.48387095 0.48387095 0.48387095 0.48387095 0.48387095 0.48387095 0.48387095 0.48387095 0.48387095 0.48387095 0.48387095 0.48387095 0.48387095 0.48387095 0.48387095 0.48387095 0.48387095 0.48387095 0.48387095 0.48387095 0.48387095 0.48387095 0.48387095 0.48387095 0.48387095 0.48387095 0.48387095 0.48387095 0.48387095 0.48387095 0.48387095 0.48387095 0.48387095 0.48387095 0.48387095 0.48387095 0.48387095 0.48387095 0.48387095 0.48387095 0.48387095 0.48387095 0.48387095 0.48387095 0.48387095 0.48387095 0.48387095 0.48387095 0.48387095 0.48387095 0.48387095 0.48387095 0.48387095 0.48387095 0.48387095 0.48387095 0.48387095 0.48387095 0.48387095 0.48387095 0.48387095 0.48387095 0.48387095 0.48387095 0.48387095 0.48387095 0.48387095 0.48387095 0.48387095 0.48387095 0.48387095 0.48387095 0.48387095 0.48387095 0.48387095 0.48387095 0.48387095 0.48387095 0.48387095 0.48387095 0.48387095 0.48387095 0.48387095 0.48387095 0.48387095 0.48387095 0.48387095 0.48387095 0.48387095 0.48387095 0.48387095 0.48387095 0.48387095 0.48387095 0.48387095 0.48387095 0.48387095 0.48387095 0.48387095 0.48387095 0.48387095 0.48387095 0.48387095 0.48387095 0.48387095 0.48387095 0.48387095 0.48387095 0.48387095 0.48387095 0.48387095 0.48387095 0.48387095 0.48387095 0.48387095 0.48387095 0.48387095 0.48387095 0.48387095 0.48387095 0.48387095 0.48387095 0.48387095 0.48387095 0.48387095 0.48387095 0.48387095 0.48387095 0.48387095 0.48387095 0.48387095 0.48387095 0.48387095 0.48387095 0.48387095 0.48387095 0.48387095 0.48387095 0.48387095 0.48387095 0.48387095 0.48387095 0.48387095 0.48387095 0.48387095 0.48387095 0.48387095 0.48387095 0.48387095 0.48387095 0.48387095 0.48387095 0.48387095 0.48387095 0.48387095 0.48387095 0.48387095 0.48387095 0.48387095 0.48387095 0.48387095 0.48387095 0.48387095 0.48387095 0.48387095 0.48387095 0.48387095 0.48387095 0.48387095 0.48387095 0.48387095 0.48387095 0.48387095 0.48387095 0.48387095 0.48387095 0.48387095 0.48387095 0.48387095 0.48387095 0.48387095 0.48387095 0.48387095 0.48387095 0.48387095 0.48387095 0.48387095 0.48387095 0.48387095 0.48387095 0.48387095 0.48387095 0.48387095 0.48387095 0.48387095 0.48387095 0.48387095 0.48387095 0.48387095 0.48387095 0.48387095 0.48387095 0.48387095 0.48387095 0.48387095 0.48387095 0.48387095 0.48387095 0.48387095 0.48387095 0.48387095 0.48387095 0.48387095 0.48387095 0.48387095 0.48387095 0.48387095 0.48387095 0.48387095 0.48387095 0.48387095 0.48387095 0.48387095 0.48387095 0.48387095 0.48387095 0.48387095 0.48387095 0.48387095 0.48387095 0.48387095 0.48387095 0.48387095 0.48387095 0.48387095 0.48387095 0.48387095 0.48387095 0.48387095 0.48387095 0.48387095 0.48387095 0.48387095 0.48387095 0.48387095 0.48387095 0.48387095 0.48387095 0.48387095 0.48387095 0.48387095 0.48387095 0.48387095 0.48387095 0.48387095 0.48387095 0.48387095 0.48387095 0.48387095 0.48387095 0.48387095 0.48387095 0.48387095 0.48387095 0.48387095 0.48387095 0.48387095 0.48387095 0.48387095 0.48387095 0.48387095 0.48387095 0.48387095 0.48387095 0.48387095 0.48387095 0.48387095 0.48387095 0.48387095 0.48387095 0.48387095 0.48387095 0.48387095 0.48387095 0.48387095 0.48387095 0.48387095 </float_array>
          <technique_common>
            <accessor source="#colors-array" count="144" stride="3">
              <param name="R" type="float"/>
              <param name="G" type="float"/>
              <param name="B" type="float"/>
            </accessor>
          </technique_common>
        </source>
        <source id="normals">
          <float_array id="normals-array" count="432">0.67927045 0.7241647 -0.11906752 0.5334168 0.83822644 -0.113326654 0.52750677 0.83814967 0.13871475 0.35375795 0.89905334 0.25798923 0.0449488 0.918519 0.39281344 0 0.9707142 0.24023713 -0.35375795 0.89905334 0.25798923 -0.95488507 0.296815 -0.0097636515 -0.8147733 0.27940667 0.5080121 -0.6499804 0.6460766 0.40013808 -0.20120949 0.6368378 0.74427974 -0.05274695 0.9396772 0.3379712 0.0449488 0.918519 0.39281344 0.23431066 0.6092077 0.7576044 0.6499804 0.6460766 0.40013808 0.8147733 0.27940667 0.5080121 0.95488507 0.296815 -0.0097636515 -0.67927045 0.7241647 -0.11906752 -0.52750677 0.83814967 0.13871475 -0.5334168 0.83822644 -0.113326654 -0.35375795 0.89905334 0.25798923 -0.95488507 0.296815 -0.0097636515 -0.6499804 0.6460766 0.40013808 -0.5334168 0.83822644 -0.113326654 -0.05274695 0.9396772 0.3379712 0.95488507 0.296815 -0.0097636515 0.5334168 0.83822644 -0.113326654 0.6499804 0.6460766 0.40013808 0.0449488 0.918519 0.39281344 -0.35375795 0.89905334 0.25798923 -0.52750677 0.83814967 0.13871475 0.0449488 0.918519 0.39281344 -0.8147733 0.27940667 0.5080121 -0.95488507 0.296815 -0.0097636515 -0.94444466 -0.17366853 0.27904046 -0.9260215 -0.16410507 -0.33993194 -0.7623282 -0.60008913 0.24238129 -0.40054116 -0.6076502 -0.6858046 -0.92205614 -0.38288772 -0.056651756 0 -0.011717945 -0.99993134 -0.99154466 0.015614877 -0.12882273 0.20120335 -0.6778404 -0.7071419 0 -1 0 0 -0.011717945 -0.99993134 -0.20120335 -0.6778404 -0.7071419 0.99154466 0.015614877 -0.12882273 0 -1 0 0.92205614 -0.38288772 -0.056651756 0.99154466 0.015614877 0.12882273 0 0.009784267 0.99995214 -0.20120335 -0.6778404 0.7071419 0 -1 0 0.99154466 0.015614877 0.12882273 0.8147733 0.27940667 0.5080121 0.94444466 -0.17366853 0.27904046 0.95488507 0.296815 -0.0097636515 0.9260215 -0.16410507 -0.33993194 0.7389115 0.42614472 -0.52192956 0.3186884 -0.18964893 -0.9286932 0 0.40214974 -0.9155739 -0.38306683 -0.1289919 -0.9146698 -0.7389115 0.42614472 -0.52192956 -0.9260215 -0.16410507 -0.33993194 -0.95488507 0.296815 -0.0097636515 -0.9260215 -0.16410507 -0.33993194 -0.38306683 -0.1289919 -0.9146698 -0.40054116 -0.6076502 -0.6858046 0.3186884 -0.18964893 -0.9286932 0.46335217 -0.62171304 -0.63148844 0.9260215 -0.16410507 -0.33993194 0.7623282 -0.60008913 0.24238129 0.94444466 -0.17366853 0.27904046 0.42569193 -0.46669897 0.77522796 0.5784373 -0.3243939 0.748451 0 -0.28913972 0.9572869 0.95488507 0.296815 -0.0097636515 0.7389115 0.42614472 -0.52192956 0.5334168 0.83822644 -0.113326654 0.27330774 0.8433496 -0.46267095 0 0.9999828 0.0058707404 -0.27330774 0.8433496 -0.46267095 -0.5334168 0.83822644 -0.113326654 -0.7389115 0.42614472 -0.52192956 -0.95488507 0.296815 -0.0097636515 -0.99154466 0.015614877 -0.12882273 0 -1 0 -0.92205614 -0.38288772 -0.056651756 -0.99154466 0.015614877 0.12882273 0 0.009784267 0.99995214 0.20120335 -0.6778404 0.7071419 0 -1 0 -0.99154466 0.015614877 0.12882273 0.92205614 -0.38288772 -0.056651756 0.7623282 -0.60008913 0.24238129 0 0.009784267 0.99995214 0 -0.6332378 0.7739573 -0.7623282 -0.60008913 0.24238129 -0.42569193 -0.46669897 0.77522796 -0.94444466 -0.17366853 0.27904046 -0.5784373 -0.3243939 0.748451 -0.8147733 0.27940667 0.5080121 -0.5013587 0.5579322 0.6613253 -0.20120949 0.6368378 0.74427974 0 0.5310515 0.8473395 0.23431066 0.6092077 0.7576044 0.49989608 0.55847764 0.66197175 0.8147733 0.27940667 0.5080121 0.99154466 0.015614877 -0.12882273 0 -0.011717945 -0.99993134 0.92205614 -0.38288772 -0.056651756 0.46335217 -0.62171304 -0.63148844 0.7623282 -0.60008913 0.24238129 0.7389115 0.42614472 -0.52192956 0 0.40214974 -0.9155739 0.27330774 0.8433496 -0.46267095 -0.27330774 0.8433496 -0.46267095 0.23431066 0.6092077 0.7576044 0.0449488 0.918519 0.39281344 -0.20120949 0.6368378 0.74427974 -0.05274695 0.9396772 0.3379712 0.5334168 0.83822644 -0.113326654 0 0.9999828 0.0058707404 0.0449488 0.918519 0.39281344 -0.05274695 0.9396772 0.3379712 -0.5784373 -0.3243939 0.748451 -0.42569193 -0.46669897 0.77522796 0 -0.28913972 0.9572869 0.42569193 -0.46669897 0.77522796 -0.42569193 -0.46669897 0.77522796 0 -0.6332378 0.7739573 0.42569193 -0.46669897 0.77522796 0.7623282 -0.60008913 0.24238129 0 -0.011717945 -0.99993134 -0.40054116 -0.6076502 -0.6858046 0.46335217 -0.62171304 -0.63148844 -0.7623282 -0.60008913 0.24238129 -0.92205614 -0.38288772 -0.056651756 0 0.009784267 0.99995214 -0.05274695 0.9396772 0.3379712 0 0.9999828 0.0058707404 -0.5334168 0.83822644 -0.113326654 -0.7389115 0.42614472 -0.52192956 -0.27330774 0.8433496 -0.46267095 0 0.40214974 -0.9155739 </float_array>
          <technique_common>
            <accessor source="normals-array" count="144" stride="3">
              <param name="X" type="float"/>
              <param name="Y" type="float"/>
              <param name="Z" type="float"/>
            </accessor>
          </technique_common>
        </source>
        <vertices id="vertices">
          <input semantic="POSITION" source="#positions"/>
          <input semantic="TEXCOORD" source="#texcoords"/>
          <input semantic="COLOR" source="#colors"/>
          <input semantic="NORMAL" source="#normals"/>
        </vertices>
        <polylist material="material1" count="18">
          <input semantic="VERTEX" source="#vertices" offset="0"/>
          <vcount>3 3 3 3 3 3 3 3 3 3 3 3 3 3 3 3 3 3 </vcount>
          <p>0 1 2 1 3 2 2 3 4 3 5 4 4 5 6 7 8 9 8 10 9 9 10 11 12 13 14 13 15 14 14 15 16 17 18 19 18 20 19 21 22 23 22 24 23 25 26 27 26 28 27 29 30 31 </p>
        </polylist>
        <polylist material="material0" count="78">
          <input semantic="VERTEX" source="#vertices" offset="0"/>
          <vcount>3 3 3 3 3 3 3 3 3 3 3 3 3 3 3 3 3 3 3 3 3 3 3 3 3 3 3 3 3 3 3 3 3 3 3 3 3 3 3 3 3 3 3 3 3 3 3 3 3 3 3 3 3 3 3 3 3 3 3 3 3 3 3 3 3 3 3 3 3 3 3 3 3 3 3 3 3 3 </vcount>
          <p>32 33 34 33 35 34 34 35 36 35 37 36 36 37 38 37 39 38 38 39 40 39 41 40 40 41 42 41 43 42 42 43 44 43 45 44 44 45 46 45 47 46 46 47 48 47 49 48 48 49 50 49 51 50 50 51 52 53 54 55 54 56 55 55 56 57 56 58 57 57 58 59 58 60 59 59 60 61 60 62 61 61 62 63 64 65 66 65 67 66 66 67 68 67 69 68 68 69 70 69 71 70 70 71 72 71 73 72 72 73 74 75 76 77 76 78 77 77 78 79 78 80 79 79 80 81 80 82 81 81 82 83 84 85 86 85 87 86 86 87 88 87 89 88 88 89 90 89 91 90 92 93 94 93 95 94 94 95 96 95 97 96 96 97 98 97 99 98 100 101 102 101 103 102 102 103 104 103 105 104 104 105 106 107 108 109 108 110 109 109 110 111 112 113 114 113 115 114 116 117 118 117 119 118 120 121 122 121 123 122 124 125 126 125 127 126 128 129 130 129 131 130 132 133 134 135 136 137 138 139 140 141 142 143 </p>
        </polylist>
      </mesh>
    </geometry>
  </library_geometries>
  <library_controllers>
    <controller id="controller">
      <skin source="#geometry">
        <source id="controller-joints">
          <Name_array id="controller-joints-array" count="4">joint0 joint1 joint2 joint3 </Name_array>
          <technique_common>
            <accessor source="#controller-joints-array" count="4">
              <param name="JOINT" type="Name"/>
            </accessor>
          </technique_common>
        </source>
        <source id="controller-bind-poses">
          <float_array id="controller-bind-poses-array" count="64">0 0 1 0 0 1 0 -0.046142578125 -1 0 0 0 0 0 0 1 0 1 0 -0.10498046875 0 0 -1 0 -1 0 0 0 0 0 0 1 0 1 0 -0.2099609375 0 0 -1 0 -1 0 0 0 0 0 0 1 0 -1 0 0 0 0 1 0 -1 0 0 0 0 0 0 1 </float_array>
          <technique_common>
            <accessor source="#controller-bind-poses-array" count="4" stride="16">
              <param name="TRANSFORM" type="float4x4"/>
            </accessor>
          </technique_common>
        </source>
        <source id="controller-weights">
          <float_array id="controller-weights-array" count="1">1 </float_array>
          <technique_common>
            <accessor source="#controller-weights-array" count="1">
              <param name="WEIGHT" type="float"/>
            </accessor>
          </technique_common>
        </source>
        <joints>
          <input semantic="JOINT" source="#controller-joints"/>
          <input semantic="INV_BIND_MATRIX" source="#controller-bind-poses"/>
        </joints>
        <vertex_weights count="144">
          <input semantic="JOINT" source="#controller-joints" offset="0"/>
          <input semantic="WEIGHT" source="#controller-weights" offset="1"/>
          <vcount>1 1 1 1 1 1 1 1 1 1 1 1 1 1 1 1 1 1 1 1 1 1 1 1 1 1 1 1 1 1 1 1 1 1 1 1 1 1 1 1 1 1 1 1 1 1 1 1 1 1 1 1 1 1 1 1 1 1 1 1 1 1 1 1 1 1 1 1 1 1 1 1 1 1 1 1 1 1 1 1 1 1 1 1 1 1 1 1 1 1 1 1 1 1 1 1 1 1 1 1 1 1 1 1 1 1 1 1 1 1 1 1 1 1 1 1 1 1 1 1 1 1 1 1 1 1 1 1 1 1 1 1 1 1 1 1 1 1 1 1 1 1 1 1 </vcount>
          <v>2 0 2 0 2 0 2 0 2 0 2 0 2 0 2 0 2 0 2 0 2 0 2 0 2 0 2 0 2 0 2 0 2 0 2 0 2 0 2 0 2 0 2 0 2 0 2 0 2 0 2 0 2 0 2 0 2 0 2 0 2 0 2 0 2 0 2 0 2 0 2 0 1 0 1 0 3 0 3 0 3 0 3 0 3 0 3 0 3 0 3 0 3 0 3 0 3 0 3 0 3 0 3 0 3 0 2 0 2 0 2 0 2 0 2 0 2 0 2 0 2 0 2 0 2 0 2 0 2 0 2 0 1 0 2 0 1 0 2 0 1 0 2 0 2 0 2 0 2 0 2 0 2 0 2 0 2 0 2 0 2 0 2 0 2 0 2 0 3 0 3 0 3 0 3 0 3 0 3 0 3 0 3 0 3 0 1 0 3 0 1 0 1 0 2 0 2 0 2 0 2 0 2 0 2 0 2 0 2 0 2 0 2 0 3 0 3 0 3 0 1 0 1 0 2 0 2 0 2 0 2 0 2 0 2 0 2 0 2 0 2 0 2 0 2 0 2 0 2 0 2 0 2 0 2 0 2 0 1 0 2 0 1 0 3 0 1 0 1 0 1 0 3 0 3 0 2 0 2 0 2 0 2 0 2 0 2 0 </v>
        </vertex_weights>
      </skin>
    </controller>
  </library_controllers>
  <library_animations>
    <animation id="anim0-joint0">
      <source id="anim0-joint0-time">
        <float_array id="anim0-joint0-time-array" count="55">0 0.016666666666666666 0.03333333333333333 0.05 0.06666666666666667 0.08333333333333333 0.1 0.11666666666666667 0.13333333333333333 0.15 0.16666666666666666 0.18333333333333332 0.2 0.21666666666666667 0.23333333333333334 0.25 0.26666666666666666 0.2833333333333333 0.3 0.31666666666666665 0.3333333333333333 0.35 0.36666666666666664 0.3833333333333333 0.4 0.4166666666666667 0.43333333333333335 0.45 0.4666666666666667 0.48333333333333334 0.5 0.5166666666666666 0.5333333333333333 0.55 0.5666666666666667 0.5833333333333334 0.6 0.6166666666666667 0.6333333333333333 0.65 0.6666666666666666 0.6833333333333333 0.7 0.7166666666666667 0.7333333333333333 0.75 0.7666666666666666 0.7833333333333333 0.8 0.8166666666666667 0.8333333333333334 0.85 0.8666666666666667 0.8833333333333333 0.9 </float_array>
        <technique_common>
          <accessor source="#anim0-joint0-time-array" count="55">
            <param name="TIME" type="float"/>
          </accessor>
        </technique_common>
      </source>
      <source id="anim0-joint0-matrix">
        <float_array id="anim0-joint0-matrix-array" count="880">0 0 -1 0 0 1 0 0.166015625 1 0 0 0 0 0 0 1 0 0 -1 0 0 1 0 0.166015625 1 0 0 0 0 0 0 1 0 0 -1 0 0 1 0 0.166015625 1 0 0 0 0 0 0 1 0 0 -1 0 0 1 0 0.166015625 1 0 0 0 0 0 0 1 0 0 -1 0 0 1 0 0.166015625 1 0 0 0 0 0 0 1 0 0 -1 0 0 1 0 0.166015625 1 0 0 0 0 0 0 1 0 0 -1 0 0 1 0 0.166015625 1 0 0 0 0 0 0 1 0 0 -1 0 0 1 0 0.166015625 1 0 0 0 0 0 0 1 0 0 -1 0 0 1 0 0.166015625 1 0 0 0 0 0 0 1 0 0 -1 0 0 1 0 0.166015625 1 0 0 0 0 0 0 1 0 0 -1 0 0 1 0 0.166015625 1 0 0 0 0 0 0 1 0 0 -1 0 0 1 0 0.166015625 1 0 0 0 0 0 0 1 0 0 -1 0 0 1 0 0.166015625 1 0 0 0 0 0 0 1 0 0 -1 0 0 1 0 0.166015625 1 0 0 0 0 0 0 1 0 0 -1 0 0 1 0 0.166015625 1 0 0 0 0 0 0 1 0 0 -1 0 0 1 0 0.166015625 1 0 0 0 0 0 0 1 0 0 -1 0 0 1 0 0.166015625 1 0 0 0 0 0 0 1 0 0 -1 0 0 1 0 0.166015625 1 0 0 0 0 0 0 1 0 0 -1 0 0 1 0 0.166015625 1 0 0 0 0 0 0 1 0 0 -1 0 0 1 0 0.166015625 1 0 0 0 0 0 0 1 0 0 -1 0 0 1 0 0.166015625 1 0 0 0 0 0 0 1 0 0 -1 0 0 1 0 0.166015625 1 0 0 0 0 0 0 1 0 0 -1 0 0 1 0 0.166015625 1 0 0 0 0 0 0 1 0 0 -1 0 0 1 0 0.166015625 1 0 0 0 0 0 0 1 0 0 -1 0 0 1 0 0.166015625 1 0 0 0 0 0 0 1 0 0 -1 0 0 1 0 0.166015625 1 0 0 0 0 0 0 1 0 0 -1 0 0 1 0 0.166015625 1 0 0 0 0 0 0 1 0 0 -1 0 0 1 0 0.166015625 1 0 0 0 0 0 0 1 0 0 -1 0 0 1 0 0.166015625 1 0 0 0 0 0 0 1 0 0 -1 0 0 1 0 0.166015625 1 0 0 0 0 0 0 1 0 0 -1 0 0 1 0 0.166015625 1 0 0 0 0 0 0 1 0 0 -1 0 0 1 0 0.166015625 1 0 0 0 0 0 0 1 0 0 -1 0 0 1 0 0.166015625 1 0 0 0 0 0 0 1 0 0 -1 0 0 1 0 0.166015625 1 0 0 0 0 0 0 1 0 0 -1 0 0 1 0 0.166015625 1 0 0 0 0 0 0 1 0 0 -1 0 0 1 0 0.166015625 1 0 0 0 0 0 0 1 0 0 -1 0 0 1 0 0.166015625 1 0 0 0 0 0 0 1 0 0 -1 0 0 1 0 0.166015625 1 0 0 0 0 0 0 1 0 0 -1 0 0 1 0 0.166015625 1 0 0 0 0 0 0 1 0 0 -1 0 0 1 0 0.166015625 1 0 0 0 0 0 0 1 0 0 -1 0 0 1 0 0.166015625 1 0 0 0 0 0 0 1 0 0 -1 0 0 1 0 0.166015625 1 0 0 0 0 0 0 1 0 0 -1 0 0 1 0 0.166015625 1 0 0 0 0 0 0 1 0 0 -1 0 0 1 0 0.166015625 1 0 0 0 0 0 0 1 0 0 -1 0 0 1 0 0.166015625 1 0 0 0 0 0 0 1 0 0 -1 0 0 1 0 0.166015625 1 0 0 0 0 0 0 1 0 0 -1 0 0 1 0 0.166015625 1 0 0 0 0 0 0 1 0 0 -1 0 0 1 0 0.166015625 1 0 0 0 0 0 0 1 0 0 -1 0 0 1 0 0.166015625 1 0 0 0 0 0 0 1 0 0 -1 0 0 1 0 0.166015625 1 0 0 0 0 0 0 1 0 0 -1 0 0 1 0 0.166015625 1 0 0 0 0 0 0 1 0 0 -1 0 0 1 0 0.166015625 1 0 0 0 0 0 0 1 0 0 -1 0 0 1 0 0.166015625 1 0 0 0 0 0 0 1 0 0 -1 0 0 1 0 0.166015625 1 0 0 0 0 0 0 1 0 0 -1 0 0 1 0 0.166015625 1 0 0 0 0 0 0 1 </float_array>
        <technique_common>
          <accessor source="#anim0-joint0-matrix-array" count="55" stride="16">
            <param name="TRANSFORM" type="float4x4"/>
          </accessor>
        </technique_common>
      </source>
      <source id="anim0-joint0-interpolation">
        <Name_array id="anim0-joint0-interpolation-array" count="55">LINEAR LINEAR LINEAR LINEAR LINEAR LINEAR LINEAR LINEAR LINEAR LINEAR LINEAR LINEAR LINEAR LINEAR LINEAR LINEAR LINEAR LINEAR LINEAR LINEAR LINEAR LINEAR LINEAR LINEAR LINEAR LINEAR LINEAR LINEAR LINEAR LINEAR LINEAR LINEAR LINEAR LINEAR LINEAR LINEAR LINEAR LINEAR LINEAR LINEAR LINEAR LINEAR LINEAR LINEAR LINEAR LINEAR LINEAR LINEAR LINEAR LINEAR LINEAR LINEAR LINEAR LINEAR LINEAR </Name_array>
        <technique_common>
          <accessor source="#anim0-joint0-interpolation-array" count="55">
            <param name="INTERPOLATION" type="name"/>
          </accessor>
        </technique_common>
      </source>
      <sampler id="anim0-joint0-sampler">
        <input semantic="INPUT" source="#anim0-joint0-time"/>
        <input semantic="OUTPUT" source="#anim0-joint0-matrix"/>
        <input semantic="INTERPOLATION" source="#anim0-joint0-interpolation"/>
        </sampler>
      <channel source="#anim0-joint0-sampler" target="joint0/transform"/>
    </animation>
    <animation id="anim0-joint1">
      <source id="anim0-joint1-time">
        <float_array id="anim0-joint1-time-array" count="55">0 0.016666666666666666 0.03333333333333333 0.05 0.06666666666666667 0.08333333333333333 0.1 0.11666666666666667 0.13333333333333333 0.15 0.16666666666666666 0.18333333333333332 0.2 0.21666666666666667 0.23333333333333334 0.25 0.26666666666666666 0.2833333333333333 0.3 0.31666666666666665 0.3333333333333333 0.35 0.36666666666666664 0.3833333333333333 0.4 0.4166666666666667 0.43333333333333335 0.45 0.4666666666666667 0.48333333333333334 0.5 0.5166666666666666 0.5333333333333333 0.55 0.5666666666666667 0.5833333333333334 0.6 0.6166666666666667 0.6333333333333333 0.65 0.6666666666666666 0.6833333333333333 0.7 0.7166666666666667 0.7333333333333333 0.75 0.7666666666666666 0.7833333333333333 0.8 0.8166666666666667 0.8333333333333334 0.85 0.8666666666666667 0.8833333333333333 0.9 </float_array>
        <technique_common>
          <accessor source="#anim0-joint1-time-array" count="55">
            <param name="TIME" type="float"/>
          </accessor>
        </technique_common>
      </source>
      <source id="anim0-joint1-matrix">
        <float_array id="anim0-joint1-matrix-array" count="880">-0.6951627731323242 -1.021236777305603 0.011267244815826416 0 1.8468575477600098 -0.38446247577667236 -0.029928863048553467 0.058837890625 0.06315279006958008 0 0.9992735981941223 0 0 0 0 1 -0.7865367531776428 -1.0108046531677246 0.008526768709998578 0 1.8905883431434631 -0.4204113483428955 -0.02050110569689423 0.058837890625 0.04600214958190918 0 0.9883400850085309 0 0 0 0 1 -0.8248047232627869 -1.0058122873306274 0.005540833328268491 0 1.9252261519432068 -0.43090975284576416 -0.012933191246702336 0.058837890625 0.030169546604156494 0 0.976793715293752 0 0 0 0 1 -0.8120849132537842 -1.006296157836914 0.0027114461408928037 0 1.9537564516067505 -0.4182701110839844 -0.006523339252453297 0.058837890625 0.015497803688049316 0 0.9644554128753953 0 0 0 0 1 -0.7532750368118286 -1.0111982226371765 0.0005796129698865116 0 1.9758626222610474 -0.3855077624320984 -0.0015203419025056064 0.058837890625 0.003614068031311035 0 0.952000540564768 0 0 0 0 1 -0.6545789837837219 -1.0179042220115662 -0.0008607669733464718 0 1.9882645010948181 -0.3351157307624817 0.0026145544834434986 0.058837890625 -0.006131887435913086 0 0.9396561656612903 0 0 0 0 1 -0.5228920578956604 -1.023467481136322 -0.0015551776596112177 0 1.9857866168022156 -0.26949673891067505 0.005906096557737328 0.058837890625 -0.013536036014556885 0 0.9265221764508169 0 0 0 0 1 -0.36829233169555664 -1.0249046087265015 -0.001561846729600802 0 1.9639005661010742 -0.1922014355659485 0.008328470110427588 0.058837890625 -0.01853656768798828 0 0.9134109196165809 0 0 0 0 1 -0.2001732587814331 -1.019640326499939 -0.0010491989087313414 0 1.918837308883667 -0.10636895895004272 0.010057497303932905 0.058837890625 -0.02166581153869629 0 0.9004381207050756 0 0 0 0 1 -0.02889251708984375 -1.0056138038635254 -0.0001726057380437851 0 1.8486696481704712 -0.015716552734375 0.011044070270145312 0.058837890625 -0.02302372455596924 0 0.8869904808525462 0 0 0 0 1 0.13578200340270996 -0.9824647903442383 0.0008727451204322278 0 1.7544237971305847 0.0760183334350586 0.011279402126092464 0.058837890625 -0.022773563861846924 0 0.8741431384696625 0 0 0 0 1 0.28564637899398804 -0.9492722153663635 0.0019133878377033398 0 1.6395208239555359 0.16538745164871216 0.010982247404172085 0.058837890625 -0.021535217761993408 0 0.8614807533158455 0 0 0 0 1 0.4132016897201538 -0.9080801010131836 0.002738085458986461 0 1.5084534883499146 0.24868202209472656 0.009998313907999545 0.058837890625 -0.019094347953796387 0 0.8491189680644311 0 0 0 0 1 0.5143969655036926 -0.8599365949630737 0.003378491324838251 0 1.3686314821243286 0.3232051730155945 0.008988990797661245 0.058837890625 -0.01677769422531128 0 0.83685524930479 0 0 0 0 1 0.5877417325973511 -0.8080589771270752 0.0036553663085214794 0 1.2266203165054321 0.38718581199645996 0.007628770137671381 0.058837890625 -0.01394641399383545 0 0.8250160774914548 0 0 0 0 1 0.6337568759918213 -0.7553839087486267 0.0035951276659034193 0 1.089914083480835 0.43923622369766235 0.006182781478855759 0.058837890625 -0.011080741882324219 0 0.8137665855756495 0 0 0 0 1 0.6553144454956055 -0.7047724723815918 0.0031941498164087534 0 0.9644680023193359 0.4788625240325928 0.00470103370025754 0.058837890625 -0.008255481719970703 0 0.8027598294429481 0 0 0 0 1 0.6566046476364136 -0.6593969464302063 0.0027095237164758146 0 0.8553763031959534 0.5061668157577515 0.003529768466250971 0.058837890625 -0.006055295467376709 0 0.7924247780756559 0 0 0 0 1 0.642822265625 -0.6220929622650146 0.00208890599606093 0 0.76611328125 0.5219792127609253 0.002489550708560273 0.058837890625 -0.004150390625 0 0.7830764477112098 0 0 0 0 1 0.6225037574768066 -0.5913764238357544 0.0013877383607905358 0 0.6944537162780762 0.5301059484481812 0.0015481353329960257 0.058837890625 -0.002504587173461914 0 0.7741717676399276 0 0 0 0 1 0.6026616096496582 -0.5651054978370667 0.0007720853900536895 0 0.635810136795044 0.5356432199478149 0.0008145528263412416 0.058837890625 -0.0012831687927246094 0 0.7662336969806347 0 0 0 0 1 0.5848339200019836 -0.5432171821594238 0.00026104578864760697 0 0.589496374130249 0.5389207601547241 0.0002631269162520766 0.058837890625 -0.00040543079376220703 0 0.7591450863546925 0 0 0 0 1 0.5701475143432617 -0.5260133743286133 0 0 0.5546121597290039 0.5407476425170898 0 0.058837890625 0 0 0.752685546875 0 0 0 0 1 0.5597782135009766 -0.5134717226028442 0 0 0.5307722091674805 0.5415322780609131 0 0.058837890625 0 0 0.74755859375 0 0 0 0 1 0.554470419883728 -0.5049493908882141 0 0 0.5174440145492554 0.5410817265510559 0 0.058837890625 0 0 0.743408203125 0 0 0 0 1 0.554161548614502 -0.5000022649765015 0 0 0.5141172409057617 0.5389471650123596 0 0.058837890625 0 0 0.740234375 0 0 0 0 1 0.5589492917060852 -0.4987492561340332 0 0 0.5207161903381348 0.5353694558143616 0 0.058837890625 0 0 0.738037109375 0 0 0 0 1 0.5692509412765503 -0.5011487007141113 0 0 0.5375196933746338 0.5307328701019287 0 0.058837890625 0 0 0.73681640625 0 0 0 0 1 0.5841827392578125 -0.5070469379425049 0 0 0.5647430419921875 0.5245006084442139 0 0.058837890625 0 0 0.736572265625 0 0 0 0 1 0.6031525731086732 -0.516636848449707 0 0 0.6029443740844728 0.5168152451515197 0 0.058837890625 0 0 0.7373046875 0 0 0 0 1 0.6253402233123779 -0.5294578075408936 0 0 0.652480959892273 0.5074343681335449 0 0.058837890625 0 0 0.739013671875 0 0 0 0 1 0.6492894887924194 -0.5455982685089111 0 0 0.7143362760543823 0.49591660499572754 0 0.058837890625 0 0 0.74169921875 0 0 0 0 1 0.8859682083129883 -0.5649891495704651 0 0 1.03751540184021 0.48246264457702637 0 0.058837890625 0 0 0.745361328125 0 0 0 0 1 1.1588072776794434 -0.62310791015625 0 0 1.7295706868171692 0.41748046875 0 0.058837890625 0 0 0.75 0 0 0 0 1 1.182854175567627 -0.7404041290283203 0 0 2.4790316820144653 0.35327911376953125 0 0.058837890625 0 0 0.8095703125 0 0 0 0 1 1.0175144672393799 -0.8505927324295044 0 0 3.152838945388794 0.274511456489563 0 0.058837890625 0 0 0.883056640625 0 0 0 0 1 0.7642649412155151 -0.9362257719039917 0 0 3.656250774860382 0.19569897651672363 0 0.058837890625 0 0 0.95068359375 0 0 0 0 1 0.5600433349609375 -0.9846729040145874 0 0 3.9290237426757813 0.14035534858703613 0 0.058837890625 0 0 0.99365234375 0 0 0 0 1 0.5009421110153198 -0.9926719665527344 -0.00003063678741455078 0 3.960756301879883 0.1255495548248291 -0.0002422332763671875 0.058837890625 0.0009745955467224121 0 1.000183343887329 0 0 0 0 1 0.48962652683258057 -0.9958209991455078 -0.0003647804260253906 0 3.901651382446289 0.12496769428253174 -0.00290679931640625 0.058837890625 0.011520624160766602 0 0.9999392032623291 0 0 0 0 1 0.4987903833389282 -1.0006531476974487 -0.0009548664093017578 0 3.79323548078537 0.13158059120178223 -0.00726163387298584 0.058837890625 0.028021931648254395 0 0.9999797940254211 0 0 0 0 1 0.4409855604171753 -1.009403944015503 -0.001580357551574707 0 3.6592801809310913 0.12186312675476074 -0.013090252876281738 0.058837890625 0.048598408699035645 0 0.9999878406524658 0 0 0 0 1 0.31167805194854736 -1.0211420059204102 -0.001747727394104004 0 3.511974513530731 0.09060132503509521 -0.019698143005371094 0.058837890625 0.06974011659622192 0 0.9997704029083252 0 0 0 0 1 0.14932334423065186 -1.0329258441925049 -0.0011824369430541992 0 3.3564934134483337 0.04594147205352783 -0.02658534049987793 0.058837890625 0.08942991495132446 0 0.9997782707214355 0 0 0 0 1 -0.014849185943603516 -1.0419818758964539 0.00015401840209960938 0 3.19960880279541 -0.004834592342376709 -0.03319501876831055 0.058837890625 0.10628890991210938 0 0.9992892146110535 0 0 0 0 1 -0.15548038482666016 -1.048279345035553 0.0019712448120117188 0 3.0557875633239746 -0.053297996520996094 -0.038770973682403564 0.058837890625 0.11885279417037964 0 0.9994072914123535 0 0 0 0 1 -0.2540569305419922 -1.051068365573883 0.003692626953125 0 2.942585527896881 -0.09065818786621094 -0.04281139373779297 0.058837890625 0.1270284652709961 0 0.999101459980011 0 0 0 0 1 -0.027373790740966797 -1.0588234663009644 0.0006275177001953125 0 1.999753177165985 -0.014479637145996094 -0.04588723182678223 0.058837890625 0.09189772605895996 0 0.9987223744392395 0 0 0 0 1 0.23550719022750854 -1.048176884651184 -0.00811314582824707 0 1.3909751176834106 0.1775515079498291 -0.04789602756500244 0.058837890625 0.06861776113510132 0 0.9987630844116211 0 0 0 0 1 0.3510892391204834 -1.01236891746521 -0.016051948070526123 0 1.047596275806427 0.33910709619522095 -0.04792141914367676 0.058837890625 0.05590420961380005 0 0.9988150596618652 0 0 0 0 1 0.3218972682952881 -1.0152273774147034 -0.016315460205078125 0 0.9490334987640381 0.34442877769470215 -0.04809093475341797 0.058837890625 0.05095481872558594 0 0.9987634420394897 0 0 0 0 1 0.19600677490234375 -1.0588086247444153 -0.00896143913269043 0 1.071645736694336 0.19368129968643188 -0.04899001121520996 0.058837890625 0.054327964782714844 0 0.9986834526062012 0 0 0 0 1 -0.04957437515258789 -1.0802628993988037 0.0016421079635620117 0 1.3979973793029785 -0.038269758224487305 -0.04635274410247803 0.058837890625 0.06495952606201172 0 0.9988130331039429 0 0 0 0 1 -0.4210774898529053 -1.0543599128723145 0.0097847580909729 0 1.7036057710647583 -0.26067298650741577 -0.03957700729370117 0.058837890625 0.07160890102386475 0 0.999090313911438 0 0 0 0 1 -0.6951627731323242 -1.021236777305603 0.011267244815826416 0 1.8468575477600098 -0.38446247577667236 -0.029928863048553467 0.058837890625 0.06315279006958008 0 0.9992735981941223 0 0 0 0 1 </float_array>
        <technique_common>
          <accessor source="#anim0-joint1-matrix-array" count="55" stride="16">
            <param name="TRANSFORM" type="float4x4"/>
          </accessor>
        </technique_common>
      </source>
      <source id="anim0-joint1-interpolation">
        <Name_array id="anim0-joint1-interpolation-array" count="55">LINEAR LINEAR LINEAR LINEAR LINEAR LINEAR LINEAR LINEAR LINEAR LINEAR LINEAR LINEAR LINEAR LINEAR LINEAR LINEAR LINEAR LINEAR LINEAR LINEAR LINEAR LINEAR LINEAR LINEAR LINEAR LINEAR LINEAR LINEAR LINEAR LINEAR LINEAR LINEAR LINEAR LINEAR LINEAR LINEAR LINEAR LINEAR LINEAR LINEAR LINEAR LINEAR LINEAR LINEAR LINEAR LINEAR LINEAR LINEAR LINEAR LINEAR LINEAR LINEAR LINEAR LINEAR LINEAR </Name_array>
        <technique_common>
          <accessor source="#anim0-joint1-interpolation-array" count="55">
            <param name="INTERPOLATION" type="name"/>
          </accessor>
        </technique_common>
      </source>
      <sampler id="anim0-joint1-sampler">
        <input semantic="INPUT" source="#anim0-joint1-time"/>
        <input semantic="OUTPUT" source="#anim0-joint1-matrix"/>
        <input semantic="INTERPOLATION" source="#anim0-joint1-interpolation"/>
        </sampler>
      <channel source="#anim0-joint1-sampler" target="joint1/transform"/>
    </animation>
    <animation id="anim0-joint2">
      <source id="anim0-joint2-time">
        <float_array id="anim0-joint2-time-array" count="55">0 0.016666666666666666 0.03333333333333333 0.05 0.06666666666666667 0.08333333333333333 0.1 0.11666666666666667 0.13333333333333333 0.15 0.16666666666666666 0.18333333333333332 0.2 0.21666666666666667 0.23333333333333334 0.25 0.26666666666666666 0.2833333333333333 0.3 0.31666666666666665 0.3333333333333333 0.35 0.36666666666666664 0.3833333333333333 0.4 0.4166666666666667 0.43333333333333335 0.45 0.4666666666666667 0.48333333333333334 0.5 0.5166666666666666 0.5333333333333333 0.55 0.5666666666666667 0.5833333333333334 0.6 0.6166666666666667 0.6333333333333333 0.65 0.6666666666666666 0.6833333333333333 0.7 0.7166666666666667 0.7333333333333333 0.75 0.7666666666666666 0.7833333333333333 0.8 0.8166666666666667 0.8333333333333334 0.85 0.8666666666666667 0.8833333333333333 0.9 </float_array>
        <technique_common>
          <accessor source="#anim0-joint2-time-array" count="55">
            <param name="TIME" type="float"/>
          </accessor>
        </technique_common>
      </source>
      <source id="anim0-joint2-matrix">
        <float_array id="anim0-joint2-matrix-array" count="880">0.9317528009414673 0.18047714233398438 -0.046176910400390625 0.10498046875 -0.16249620914459229 1.0344108939170837 0.008056640625 0 0.04438018798828125 0 0.9989736676216125 0 0 0 0 1 0.9267702698707581 0.12422561645507813 -0.03740877698874101 0.10498046875 -0.10920614004135132 1.052812099456787 0.004414014983922243 0 0.03533810377120972 0 0.9947160750743933 0 0 0 0 1 0.9201478958129883 0.07595348358154297 -0.02991198340896517 0.10498046875 -0.06578922271728516 1.062828540802002 0.002137616043910384 0 0.027937889099121094 0 0.9901993881212547 0 0 0 0 1 0.912682056427002 0.036449432373046875 -0.023094339296221733 0.10498046875 -0.03122568130493164 1.0658855438232422 0.0007897429168224335 0 0.021411895751953125 0 0.9855479209218174 0 0 0 0 1 0.9060287475585938 0.005712032318115234 -0.017243465990759432 0.10498046875 -0.0048675537109375 1.0632169246673584 0.0000926388893276453 0 0.01593017578125 0 0.9807504345517373 0 0 0 0 1 0.9001708030700684 -0.01651763916015625 -0.012159418038208969 0.10498046875 0.014068603515625 1.0568708181381226 -0.000190037302672863 0 0.011210918426513672 0 0.9765682206634665 0 0 0 0 1 0.8955585956573486 -0.031195878982543945 -0.00806581333745271 0.10498046875 0.0266873836517334 1.0468518733978271 -0.00024035887327045202 0 0.007437467575073242 0 0.9720812819432467 0 0 0 0 1 0.8926562666893005 -0.03840494155883789 -0.00472080399049446 0.10498046875 0.03315019607543945 1.0341541171073914 -0.00017531448975205421 0 0.004361867904663086 0 0.9674449267768068 0 0 0 0 1 0.8909485340118408 -0.039586007595062256 -0.0021141768665984273 0.10498046875 0.03461050987243652 1.0190284848213196 -0.00008212903048843145 0 0.001959085464477539 0 0.9629316034261137 0 0 0 0 1 0.8909221887588501 -0.03500586748123169 0 0.10498046875 0.031119167804718018 1.002195954322815 0 0 0 0 0.958251953125 0 0 0 0 1 0.8918720483779907 -0.02570211887359619 0.0016297294496325776 0.10498046875 0.023304104804992676 0.9836465120315552 0.00004258389526512474 0 -0.0015245676040649414 0 0.9540426532912534 0 0 0 0 1 0.8935806155204773 -0.012939274311065674 0.0025485490914434195 0.10498046875 0.01200169324874878 0.9633877873420715 0.000034229597076773643 0 -0.002400338649749756 0 0.9489264688454568 0 0 0 0 1 0.8962655067443848 0.0029901862144470215 0.003227756969863549 0.10498046875 -0.002845287322998047 0.9419086575508118 -0.000010246847523376346 0 -0.0030641555786132813 0 0.9441284286149312 0 0 0 0 1 0.8994385600090027 0.020897984504699707 0.0034413278626743704 0.10498046875 -0.020426809787750244 0.9201854467391968 -0.00007815469871275127 0 -0.003294646739959717 0 0.9399670656421222 0 0 0 0 1 0.9026820659637451 0.040129244327545166 0.00342183600878343 0.10498046875 -0.04036921262741089 0.8973162174224854 -0.0001530293229734525 0 -0.0033089518547058105 0 0.9353438209363958 0 0 0 0 1 0.9059858322143555 0.06009507179260254 0.0031723821884952486 0.10498046875 -0.06230592727661133 0.873837947845459 -0.0002181692107114941 0 -0.0031042098999023438 0 0.930261369314394 0 0 0 0 1 0.9088302850723267 0.080108642578125 0.0029253582470119 0.10498046875 -0.08557891845703125 0.8507370948791504 -0.0002754628658294678 0 -0.002897202968597412 0 0.9257991285994649 0 0 0 0 1 0.9117118716239929 0.09971022605895996 0.0022323691518977284 0.10498046875 -0.10984480381011963 0.8275948762893677 -0.00026896013878285885 0 -0.0022417306900024414 0 0.9210835808771662 0 0 0 0 1 0.9136626720428467 0.1184382438659668 0.00176987424492836 0.10498046875 -0.13438868522644043 0.8052210807800293 -0.000260327011346817 0 -0.0018038749694824219 0 0.9158356674015522 0 0 0 0 1 0.9153473377227783 0.1360177993774414 0.0010959303472191095 0.10498046875 -0.15875697135925293 0.7842397689819336 -0.00019007711671292782 0 -0.0011339783668518066 0 0.9112457726150751 0 0 0 0 1 0.9163057208061218 0.15206378698349 0.0006507799989776686 0.10498046875 -0.18225747346878052 0.764505922794342 -0.00012944317131768912 0 -0.0006843209266662598 0 0.9058694499253761 0 0 0 0 1 0.9169759750366211 0.1667327880859375 0.00021467887563630939 0.10498046875 -0.2045879364013672 0.7473068237304688 -0.000047897337935864925 0 -0.00022935867309570313 0 0.9010105702327564 0 0 0 0 1 0.9173680543899536 0.1795738935470581 0 0.10498046875 -0.22484511137008667 0.7326614856719971 0 0 0 0 0.895751953125 0 0 0 0 1 0.9174656867980957 0.19071292877197266 0 0.10498046875 -0.2425723671913147 0.7213211059570313 0 0 0 0 0.890625 0 0 0 0 1 0.9172849655151367 0.19967997074127197 0 0.10498046875 -0.2572305202484131 0.712059497833252 0 0 0 0 0.88623046875 0 0 0 0 1 0.917073130607605 0.20625293254852295 0 0.10498046875 -0.26828646659851074 0.7050263285636902 0 0 0 0 0.882568359375 0 0 0 0 1 0.9168436527252197 0.21089768409729004 0 0.10498046875 -0.2760816812515259 0.7003731727600098 0 0 0 0 0.8798828125 0 0 0 0 1 0.9166086912155151 0.2134336233139038 0 0.10498046875 -0.28034138679504395 0.697845995426178 0 0 0 0 0.878173828125 0 0 0 0 1 0.916374683380127 0.21396809816360474 0 0.10498046875 -0.2810434103012085 0.6976678371429443 0 0 0 0 0.87744140625 0 0 0 0 1 0.9163759350776672 0.21254146099090573 0 0.10498046875 -0.27849036455154413 0.699370265007019 0 0 0 0 0.878173828125 0 0 0 0 1 0.9166086912155151 0.20902365446090698 0 0.10498046875 -0.2724611163139343 0.7031935453414917 0 0 0 0 0.8798828125 0 0 0 0 1 0.9168302416801453 0.20354151725769043 0 0.10498046875 -0.2631491422653198 0.7091530561447144 0 0 0 0 0.8828125 0 0 0 0 1 0.9172645211219788 0.1955885887145996 0 0.10498046875 -0.2502685785293579 0.7168557643890381 0 0 0 0 0.88720703125 0 0 0 0 1 0.9174216985702515 0.18548583984375 0 0.10498046875 -0.2341517210006714 0.72674560546875 0 0 0 0 0.89306640625 0 0 0 0 1 0.9590515494346619 0.04666328430175781 0 0.10498046875 -0.05464881658554077 0.8189105987548828 0 0 0 0 0.946044921875 0 0 0 0 1 0.9493846893310547 -0.20773839950561523 0 0.10498046875 0.22686100006103516 0.869359016418457 0 0 0 0 0.977783203125 0 0 0 0 1 0.8551234006881714 -0.4820079803466797 0 0.10498046875 0.49886226654052734 0.8262326717376709 0 0 0 0 0.993896484375 0 0 0 0 1 0.7459145188331604 -0.6614670753479004 0 0.10498046875 0.6642272472381592 0.7428148984909058 0 0 0 0 0.99951171875 0 0 0 0 1 0.719970703125 -0.6936782598495483 -0.0005273222923278809 0.10498046875 0.69384765625 0.7197949290275574 -0.0005081892013549805 0 0.000732421875 0 0.999782383441925 0 0 0 0 1 0.718994140625 -0.6937108039855957 -0.005090534687042236 0.10498046875 0.695068359375 0.7175898551940918 -0.004921138286590576 0 0.007080078125 0 1.0000725984573364 0 0 0 0 1 0.7265625 -0.6834894418716431 -0.012775897979736328 0.10498046875 0.686767578125 0.7230803370475769 -0.012076377868652344 0 0.017578125 0 0.9998878240585327 0 0 0 0 1 0.754638671875 -0.6501582860946655 -0.023590087890625 0.10498046875 0.655517578125 0.7484323978424072 -0.0204925537109375 0 0.03125 0 0.999527096748352 0 0 0 0 1 0.79833984375 -0.5938836336135864 -0.036687374114990234 0.10498046875 0.600341796875 0.7897542715072632 -0.027588367462158203 0 0.0458984375 0 0.9989761114120483 0 0 0 0 1 0.846923828125 -0.5214142799377441 -0.050953030586242676 0.10498046875 0.5283203125 0.8357539772987366 -0.03178882598876953 0 0.06005859375 0 0.998158872127533 0 0 0 0 1 0.890869140625 -0.44259113073349 -0.06431996822357178 0.10498046875 0.44873046875 0.8784581422805786 -0.03240615129470825 0 0.072021484375 0 0.9975121021270752 0 0 0 0 1 0.924560546875 -0.3681793212890625 -0.07427167892456055 0.10498046875 0.372802734375 0.9129981994628906 -0.029951095581054688 0 0.080078125 0 0.9969578385353088 0 0 0 0 1 0.946044921875 -0.31053781509399414 -0.07832908630371094 0.10498046875 0.3134765625 0.9373998641967773 -0.025948524475097656 0 0.08251953125 0 0.996577262878418 0 0 0 0 1 0.9222055673599243 -0.28227120637893677 -0.07794445753097534 0.10498046875 0.27378714084625244 0.9514841437339783 -0.023123323917388916 0 0.07846051454544067 0 0.996828556060791 0 0 0 0 1 0.8697634339332581 -0.17271536588668823 -0.0783851146697998 0.10498046875 0.15292781591415405 0.9826992750167847 -0.013776659965515137 0 0.07051551342010498 0 0.9967074990272522 0 0 0 0 1 0.7891234159469604 0.1642131805419922 -0.07587164640426636 0.10498046875 -0.13083505630493164 0.9904260635375977 0.012579560279846191 0 0.06169617176055908 0 0.9971111416816711 0 0 0 0 1 0.684471845626831 0.41416871547698975 -0.06680488586425781 0.10498046875 -0.30751633644104004 0.9221301078796387 0.03000497817993164 0 0.05511045455932617 0 0.9971444606781006 0 0 0 0 1 0.7047232389450073 0.4118971824645996 -0.06274139881134033 0.10498046875 -0.311450719833374 0.9317432641983032 0.027736186981201172 0 0.052976787090301514 0 0.9976780414581299 0 0 0 0 1 0.7935810089111328 0.34654200077056885 -0.058837890625 0.10498046875 -0.2843940258026123 0.9676074981689453 0.0210723876953125 0 0.05279541015625 0 0.9979180693626404 0 0 0 0 1 0.8896021842956543 0.2583150267601013 -0.053674519062042236 0.10498046875 -0.22863292694091797 1.005628764629364 0.013787329196929932 0 0.050981998443603516 0 0.9984152913093567 0 0 0 0 1 0.9317528009414673 0.18047714233398438 -0.046176910400390625 0.10498046875 -0.16249620914459229 1.0344108939170837 0.008056640625 0 0.04438018798828125 0 0.9989736676216125 0 0 0 0 1 </float_array>
        <technique_common>
          <accessor source="#anim0-joint2-matrix-array" count="55" stride="16">
            <param name="TRANSFORM" type="float4x4"/>
          </accessor>
        </technique_common>
      </source>
      <source id="anim0-joint2-interpolation">
        <Name_array id="anim0-joint2-interpolation-array" count="55">LINEAR LINEAR LINEAR LINEAR LINEAR LINEAR LINEAR LINEAR LINEAR LINEAR LINEAR LINEAR LINEAR LINEAR LINEAR LINEAR LINEAR LINEAR LINEAR LINEAR LINEAR LINEAR LINEAR LINEAR LINEAR LINEAR LINEAR LINEAR LINEAR LINEAR LINEAR LINEAR LINEAR LINEAR LINEAR LINEAR LINEAR LINEAR LINEAR LINEAR LINEAR LINEAR LINEAR LINEAR LINEAR LINEAR LINEAR LINEAR LINEAR LINEAR LINEAR LINEAR LINEAR LINEAR LINEAR </Name_array>
        <technique_common>
          <accessor source="#anim0-joint2-interpolation-array" count="55">
            <param name="INTERPOLATION" type="name"/>
          </accessor>
        </technique_common>
      </source>
      <sampler id="anim0-joint2-sampler">
        <input semantic="INPUT" source="#anim0-joint2-time"/>
        <input semantic="OUTPUT" source="#anim0-joint2-matrix"/>
        <input semantic="INTERPOLATION" source="#anim0-joint2-interpolation"/>
        </sampler>
      <channel source="#anim0-joint2-sampler" target="joint2/transform"/>
    </animation>
    <animation id="anim0-joint3">
      <source id="anim0-joint3-time">
        <float_array id="anim0-joint3-time-array" count="55">0 0.016666666666666666 0.03333333333333333 0.05 0.06666666666666667 0.08333333333333333 0.1 0.11666666666666667 0.13333333333333333 0.15 0.16666666666666666 0.18333333333333332 0.2 0.21666666666666667 0.23333333333333334 0.25 0.26666666666666666 0.2833333333333333 0.3 0.31666666666666665 0.3333333333333333 0.35 0.36666666666666664 0.3833333333333333 0.4 0.4166666666666667 0.43333333333333335 0.45 0.4666666666666667 0.48333333333333334 0.5 0.5166666666666666 0.5333333333333333 0.55 0.5666666666666667 0.5833333333333334 0.6 0.6166666666666667 0.6333333333333333 0.65 0.6666666666666666 0.6833333333333333 0.7 0.7166666666666667 0.7333333333333333 0.75 0.7666666666666666 0.7833333333333333 0.8 0.8166666666666667 0.8333333333333334 0.85 0.8666666666666667 0.8833333333333333 0.9 </float_array>
        <technique_common>
          <accessor source="#anim0-joint3-time-array" count="55">
            <param name="TIME" type="float"/>
          </accessor>
        </technique_common>
      </source>
      <source id="anim0-joint3-matrix">
        <float_array id="anim0-joint3-matrix-array" count="880">0 1.6669921875 0 0 -0.757080078125 0 0 -0.046142578125 0 0 2.488037109375 0 0 0 0 1 0 1.61865234375 0 0 -0.765869140625 0 0 -0.046142578125 0 0 2.45849609375 0 0 0 0 1 0 1.593017578125 0 0 -0.7744140625 0 0 -0.046142578125 0 0 2.406005859375 0 0 0 0 1 0 1.58544921875 0 0 -0.78271484375 0 0 -0.046142578125 0 0 2.337646484375 0 0 0 0 1 0 1.59130859375 0 0 -0.79052734375 0 0 -0.046142578125 0 0 2.26025390625 0 0 0 0 1 0 1.6064453125 0 0 -0.79833984375 0 0 -0.046142578125 0 0 2.18115234375 0 0 0 0 1 0 1.626220703125 0 0 -0.8056640625 0 0 -0.046142578125 0 0 2.107177734375 0 0 0 0 1 0 1.645751953125 0 0 -0.812744140625 0 0 -0.046142578125 0 0 2.045654296875 0 0 0 0 1 0 1.660888671875 0 0 -0.8193359375 0 0 -0.046142578125 0 0 2.003662109375 0 0 0 0 1 0 1.6669921875 0 0 -0.825927734375 0 0 -0.046142578125 0 0 1.988037109375 0 0 0 0 1 0 1.6572265625 0 0 -0.83203125 0 0 -0.046142578125 0 0 1.9736328125 0 0 0 0 1 0 1.629638671875 0 0 -0.838134765625 0 0 -0.046142578125 0 0 1.93310546875 0 0 0 0 1 0 1.58740234375 0 0 -0.84375 0 0 -0.046142578125 0 0 1.87109375 0 0 0 0 1 0 1.533203125 0 0 -0.84912109375 0 0 -0.046142578125 0 0 1.791748046875 0 0 0 0 1 0 1.470458984375 0 0 -0.85400390625 0 0 -0.046142578125 0 0 1.699462890625 0 0 0 0 1 0 1.401611328125 0 0 -0.85888671875 0 0 -0.046142578125 0 0 1.598388671875 0 0 0 0 1 0 1.330078125 0 0 -0.863525390625 0 0 -0.046142578125 0 0 1.4931640625 0 0 0 0 1 0 1.258544921875 0 0 -0.86767578125 0 0 -0.046142578125 0 0 1.3876953125 0 0 0 0 1 0 1.190185546875 0 0 -0.87158203125 0 0 -0.046142578125 0 0 1.28662109375 0 0 0 0 1 0 1.1279296875 0 0 -0.87548828125 0 0 -0.046142578125 0 0 1.19384765625 0 0 0 0 1 0 1.074462890625 0 0 -0.87890625 0 0 -0.046142578125 0 0 1.1142578125 0 0 0 0 1 0 1.033203125 0 0 -0.882080078125 0 0 -0.046142578125 0 0 1.0517578125 0 0 0 0 1 0 1.006591796875 0 0 -0.885009765625 0 0 -0.046142578125 0 0 1.010986328125 0 0 0 0 1 0 0.995849609375 0 0 -0.887451171875 0 0 -0.046142578125 0 0 0.99267578125 0 0 0 0 1 0 0.98779296875 0 0 -0.889892578125 0 0 -0.046142578125 0 0 0.98046875 0 0 0 0 1 0 0.980712890625 0 0 -0.89208984375 0 0 -0.046142578125 0 0 0.97119140625 0 0 0 0 1 0 0.974853515625 0 0 -0.89404296875 0 0 -0.046142578125 0 0 0.96484375 0 0 0 0 1 0 0.970947265625 0 0 -0.8955078125 0 0 -0.046142578125 0 0 0.96142578125 0 0 0 0 1 0 0.96875 0 0 -0.89697265625 0 0 -0.046142578125 0 0 0.960693359375 0 0 0 0 1 0 0.968994140625 0 0 -0.89794921875 0 0 -0.046142578125 0 0 0.962890625 0 0 0 0 1 0 0.971923828125 0 0 -0.89892578125 0 0 -0.046142578125 0 0 0.968017578125 0 0 0 0 1 0 0.977783203125 0 0 -0.8994140625 0 0 -0.046142578125 0 0 0.975830078125 0 0 0 0 1 0 0.987060546875 0 0 -0.89990234375 0 0 -0.046142578125 0 0 0.986572265625 0 0 0 0 1 0 1 0 0 -0.89990234375 0 0 -0.046142578125 0 0 1 0 0 0 0 1 -0.12706077098846436 1.2548766732215881 0 0 -1.2007390260696411 -0.13278955221176147 0 -0.046142578125 0 0 1.272705078125 0 0 0 0 1 -0.3137698173522949 1.5183202028274536 0 0 -1.4939467906951904 -0.31888890266418457 0 -0.046142578125 0 0 1.562744140625 0 0 0 0 1 -0.5149831771850586 1.7321527004241943 0 0 -1.7246663570404053 -0.5172185897827148 0 -0.046142578125 0 0 1.814697265625 0 0 0 0 1 -0.6581840515136719 1.8583282828330994 0 0 -1.857637882232666 -0.6584286689758301 0 -0.046142578125 0 0 1.97314453125 0 0 0 0 1 -0.6889405846595764 1.8836918473243713 0 0 -1.8836918473243713 -0.6889405846595764 0 -0.046142578125 0 0 2.0048828125 0 0 0 0 1 -0.6902694702148438 1.885494589805603 0 0 -1.885494589805603 -0.6902694702148438 0 -0.046142578125 0 0 2.00732421875 0 0 0 0 1 -0.68408203125 1.87939453125 0 0 -1.87939453125 -0.68408203125 0 -0.046142578125 0 0 2 0 0 0 0 1 -0.6050671935081482 1.8606327772140503 0 0 -1.8184772729873657 -0.6190937161445618 0 -0.046142578125 0 0 1.96142578125 0 0 0 0 1 -0.43816065788269043 1.8226335048675537 0 0 -1.6724398136138916 -0.4775097370147705 0 -0.046142578125 0 0 1.885009765625 0 0 0 0 1 -0.255770206451416 1.763380765914917 0 0 -1.468040943145752 -0.30722594261169434 0 -0.046142578125 0 0 1.79052734375 0 0 0 0 1 -0.11169373989105225 1.691122055053711 0 0 -1.2485218048095703 -0.15128910541534424 0 -0.046142578125 0 0 1.697998046875 0 0 0 0 1 -0.027225494384765625 1.6272881627082825 0 0 -1.0720038414001465 -0.04132795333862305 0 -0.046142578125 0 0 1.6279296875 0 0 0 0 1 0 1.60009765625 0 0 -1 0 0 -0.046142578125 0 0 1.60009765625 0 0 0 0 1 0 1.7783203125 0 0 -0.685302734375 0 0 -0.046142578125 0 0 2.0185546875 0 0 0 0 1 0 2.145751953125 0 0 -0.541748046875 0 0 -0.046142578125 0 0 2.31884765625 0 0 0 0 1 0 2.4501953125 0 0 -0.501953125 0 0 -0.046142578125 0 0 2.47900390625 0 0 0 0 1 0 2.474365234375 0 0 -0.510498046875 0 0 -0.046142578125 0 0 2.483154296875 0 0 0 0 1 0 2.304443359375 0 0 -0.577392578125 0 0 -0.046142578125 0 0 2.37255859375 0 0 0 0 1 0 2.052001953125 0 0 -0.669921875 0 0 -0.046142578125 0 0 2.211181640625 0 0 0 0 1 0 1.808837890625 0 0 -0.744140625 0 0 -0.046142578125 0 0 2.06201171875 0 0 0 0 1 0 1.666748046875 0 0 -0.757080078125 0 0 -0.046142578125 0 0 1.988037109375 0 0 0 0 1 </float_array>
        <technique_common>
          <accessor source="#anim0-joint3-matrix-array" count="55" stride="16">
            <param name="TRANSFORM" type="float4x4"/>
          </accessor>
        </technique_common>
      </source>
      <source id="anim0-joint3-interpolation">
        <Name_array id="anim0-joint3-interpolation-array" count="55">LINEAR LINEAR LINEAR LINEAR LINEAR LINEAR LINEAR LINEAR LINEAR LINEAR LINEAR LINEAR LINEAR LINEAR LINEAR LINEAR LINEAR LINEAR LINEAR LINEAR LINEAR LINEAR LINEAR LINEAR LINEAR LINEAR LINEAR LINEAR LINEAR LINEAR LINEAR LINEAR LINEAR LINEAR LINEAR LINEAR LINEAR LINEAR LINEAR LINEAR LINEAR LINEAR LINEAR LINEAR LINEAR LINEAR LINEAR LINEAR LINEAR LINEAR LINEAR LINEAR LINEAR LINEAR LINEAR </Name_array>
        <technique_common>
          <accessor source="#anim0-joint3-interpolation-array" count="55">
            <param name="INTERPOLATION" type="name"/>
          </accessor>
        </technique_common>
      </source>
      <sampler id="anim0-joint3-sampler">
        <input semantic="INPUT" source="#anim0-joint3-time"/>
        <input semantic="OUTPUT" source="#anim0-joint3-matrix"/>
        <input semantic="INTERPOLATION" source="#anim0-joint3-interpolation"/>
        </sampler>
      <channel source="#anim0-joint3-sampler" target="joint3/transform"/>
    </animation>
    <animation id="anim1-joint0">
      <source id="anim1-joint0-time">
        <float_array id="anim1-joint0-time-array" count="48">0 0.016666666666666666 0.03333333333333333 0.05 0.06666666666666667 0.08333333333333333 0.1 0.11666666666666667 0.13333333333333333 0.15 0.16666666666666666 0.18333333333333332 0.2 0.21666666666666667 0.23333333333333334 0.25 0.26666666666666666 0.2833333333333333 0.3 0.31666666666666665 0.3333333333333333 0.35 0.36666666666666664 0.3833333333333333 0.4 0.4166666666666667 0.43333333333333335 0.45 0.4666666666666667 0.48333333333333334 0.5 0.5166666666666666 0.5333333333333333 0.55 0.5666666666666667 0.5833333333333334 0.6 0.6166666666666667 0.6333333333333333 0.65 0.6666666666666666 0.6833333333333333 0.7 0.7166666666666667 0.7333333333333333 0.75 0.7666666666666666 0.7833333333333333 </float_array>
        <technique_common>
          <accessor source="#anim1-joint0-time-array" count="48">
            <param name="TIME" type="float"/>
          </accessor>
        </technique_common>
      </source>
      <source id="anim1-joint0-matrix">
        <float_array id="anim1-joint0-matrix-array" count="768">0 0 -1 0 0 1 0 0.166015625 1 0 0 0 0 0 0 1 0 0 -1 0 0 1 0 0.166015625 1 0 0 0 0 0 0 1 0 0 -1 0 0 1 0 0.166015625 1 0 0 0 0 0 0 1 0 0 -1 0 0 1 0 0.166015625 1 0 0 0 0 0 0 1 0 0 -1 0 0 1 0 0.166015625 1 0 0 0 0 0 0 1 0 0 -1 0 0 1 0 0.166015625 1 0 0 0 0 0 0 1 0 0 -1 0 0 1 0 0.166015625 1 0 0 0 0 0 0 1 0 0 -1 0 0 1 0 0.166015625 1 0 0 0 0 0 0 1 0 0 -1 0 0 1 0 0.166015625 1 0 0 0 0 0 0 1 0 0 -1 0 0 1 0 0.166015625 1 0 0 0 0 0 0 1 0 0 -1 0 0 1 0 0.166015625 1 0 0 0 0 0 0 1 0 0 -1 0 0 1 0 0.166015625 1 0 0 0 0 0 0 1 0 0 -1 0 0 1 0 0.166015625 1 0 0 0 0 0 0 1 0 0 -1 0 0 1 0 0.166015625 1 0 0 0 0 0 0 1 0 0 -1 0 0 1 0 0.166015625 1 0 0 0 0 0 0 1 0 0 -1 0 0 1 0 0.166015625 1 0 0 0 0 0 0 1 0 0 -1 0 0 1 0 0.166015625 1 0 0 0 0 0 0 1 0 0 -1 0 0 1 0 0.166015625 1 0 0 0 0 0 0 1 0 0 -1 0 0 1 0 0.166015625 1 0 0 0 0 0 0 1 0 0 -1 0 0 1 0 0.166015625 1 0 0 0 0 0 0 1 0 0 -1 0 0 1 0 0.166015625 1 0 0 0 0 0 0 1 0 0 -1 0 0 1 0 0.166015625 1 0 0 0 0 0 0 1 0 0 -1 0 0 1 0 0.166015625 1 0 0 0 0 0 0 1 0 0 -1 0 0 1 0 0.166015625 1 0 0 0 0 0 0 1 0 0 -1 0 0 1 0 0.166015625 1 0 0 0 0 0 0 1 0 0 -1 0 0 1 0 0.166015625 1 0 0 0 0 0 0 1 0 0 -1 0 0 1 0 0.166015625 1 0 0 0 0 0 0 1 0 0 -1 0 0 1 0 0.166015625 1 0 0 0 0 0 0 1 0 0 -1 0 0 1 0 0.166015625 1 0 0 0 0 0 0 1 0 0 -1 0 0 1 0 0.166015625 1 0 0 0 0 0 0 1 0 0 -1 0 0 1 0 0.166015625 1 0 0 0 0 0 0 1 0 0 -1 0 0 1 0 0.166015625 1 0 0 0 0 0 0 1 0 0 -1 0 0 1 0 0.166015625 1 0 0 0 0 0 0 1 0 0 -1 0 0 1 0 0.166015625 1 0 0 0 0 0 0 1 0 0 -1 0 0 1 0 0.166015625 1 0 0 0 0 0 0 1 0 0 -1 0 0 1 0 0.166015625 1 0 0 0 0 0 0 1 0 0 -1 0 0 1 0 0.166015625 1 0 0 0 0 0 0 1 0 0 -1 0 0 1 0 0.166015625 1 0 0 0 0 0 0 1 0 0 -1 0 0 1 0 0.166015625 1 0 0 0 0 0 0 1 0 0 -1 0 0 1 0 0.166015625 1 0 0 0 0 0 0 1 0 0 -1 0 0 1 0 0.166015625 1 0 0 0 0 0 0 1 0 0 -1 0 0 1 0 0.166015625 1 0 0 0 0 0 0 1 0 0 -1 0 0 1 0 0.166015625 1 0 0 0 0 0 0 1 0 0 -1 0 0 1 0 0.166015625 1 0 0 0 0 0 0 1 0 0 -1 0 0 1 0 0.166015625 1 0 0 0 0 0 0 1 0 0 -1 0 0 1 0 0.166015625 1 0 0 0 0 0 0 1 0 0 -1 0 0 1 0 0.166015625 1 0 0 0 0 0 0 1 0 0 -1 0 0 1 0 0.166015625 1 0 0 0 0 0 0 1 </float_array>
        <technique_common>
          <accessor source="#anim1-joint0-matrix-array" count="48" stride="16">
            <param name="TRANSFORM" type="float4x4"/>
          </accessor>
        </technique_common>
      </source>
      <source id="anim1-joint0-interpolation">
        <Name_array id="anim1-joint0-interpolation-array" count="48">LINEAR LINEAR LINEAR LINEAR LINEAR LINEAR LINEAR LINEAR LINEAR LINEAR LINEAR LINEAR LINEAR LINEAR LINEAR LINEAR LINEAR LINEAR LINEAR LINEAR LINEAR LINEAR LINEAR LINEAR LINEAR LINEAR LINEAR LINEAR LINEAR LINEAR LINEAR LINEAR LINEAR LINEAR LINEAR LINEAR LINEAR LINEAR LINEAR LINEAR LINEAR LINEAR LINEAR LINEAR LINEAR LINEAR LINEAR LINEAR </Name_array>
        <technique_common>
          <accessor source="#anim1-joint0-interpolation-array" count="48">
            <param name="INTERPOLATION" type="name"/>
          </accessor>
        </technique_common>
      </source>
      <sampler id="anim1-joint0-sampler">
        <input semantic="INPUT" source="#anim1-joint0-time"/>
        <input semantic="OUTPUT" source="#anim1-joint0-matrix"/>
        <input semantic="INTERPOLATION" source="#anim1-joint0-interpolation"/>
        </sampler>
      <channel source="#anim1-joint0-sampler" target="joint0/transform"/>
    </animation>
    <animation id="anim1-joint1">
      <source id="anim1-joint1-time">
        <float_array id="anim1-joint1-time-array" count="48">0 0.016666666666666666 0.03333333333333333 0.05 0.06666666666666667 0.08333333333333333 0.1 0.11666666666666667 0.13333333333333333 0.15 0.16666666666666666 0.18333333333333332 0.2 0.21666666666666667 0.23333333333333334 0.25 0.26666666666666666 0.2833333333333333 0.3 0.31666666666666665 0.3333333333333333 0.35 0.36666666666666664 0.3833333333333333 0.4 0.4166666666666667 0.43333333333333335 0.45 0.4666666666666667 0.48333333333333334 0.5 0.5166666666666666 0.5333333333333333 0.55 0.5666666666666667 0.5833333333333334 0.6 0.6166666666666667 0.6333333333333333 0.65 0.6666666666666666 0.6833333333333333 0.7 0.7166666666666667 0.7333333333333333 0.75 0.7666666666666666 0.7833333333333333 </float_array>
        <technique_common>
          <accessor source="#anim1-joint1-time-array" count="48">
            <param name="TIME" type="float"/>
          </accessor>
        </technique_common>
      </source>
      <source id="anim1-joint1-matrix">
        <float_array id="anim1-joint1-matrix-array" count="768">-0.6951627731323242 -1.021236777305603 0.011267244815826416 0 1.8468575477600098 -0.38446247577667236 -0.029928863048553467 0.058837890625 0.06315279006958008 0 0.9992735981941223 0 0 0 0 1 -0.7866305112838745 -1.0114809274673462 0.008068323135375977 0 1.8908137083053589 -0.42096006870269775 -0.01938652992248535 0.058837890625 0.04300713539123535 0 0.9999063014984131 0 0 0 0 1 -0.8749451637268066 -1.0021187663078308 0.005700945854187012 0 1.9480304718017578 -0.4499746561050415 -0.012696325778961182 0.058837890625 0.02972102165222168 0 0.9999940395355225 0 0 0 0 1 -0.9421119689941406 -0.9970107674598694 0.016282916069030758 0 2.0227056741714478 -0.46426922082901 -0.034967303276062005 0.058837890625 0.08614218235015868 0 0.9991492033004761 0 0 0 0 1 -0.9740061163902283 -0.9979568719863892 0.04214000701904297 0 2.1112024784088135 -0.46047163009643555 -0.09132790565490723 0.058837890625 0.23508524894714355 0 0.9947724342346191 0 0 0 0 1 -0.9732211232185364 -1.0015854239463806 0.07303130626678467 0 2.1982505321502686 -0.4434255361557007 -0.1649591326713562 0.058837890625 0.44096285104751587 0 0.9835230112075806 0 0 0 0 1 -0.9391958713531494 -1.0069493651390076 0.09881150722503661 0 2.277612268924713 -0.41506415605545044 -0.23971760272979728 0.058837890625 0.661423087120056 0 0.9657768607139587 0 0 0 0 1 -0.8773406744003296 -1.0129960179328918 0.11115342378616333 0 2.357934057712555 -0.377069890499115 -0.2986130118370056 0.058837890625 0.8455905318260193 0 0.9480111002922058 0 0 0 0 1 -0.7982079386711121 -1.0182833671569824 0.10571873188018799 0 2.4577285647392273 -0.33088982105255127 -0.32533979415893555 0.058837890625 0.9405292868614197 0 0.9398776292800903 0 0 0 0 1 -0.7121395468711853 -1.0216131210327148 0.07703304290771484 0 2.615330755710602 -0.27841025590896606 -0.2826690673828125 0.058837890625 0.8304834365844727 0 0.9562278389930725 0 0 0 0 1 -0.6058399677276611 -1.0219126343727112 0.03535807132720947 0 2.800058960914612 -0.2210782766342163 -0.16343921422958374 0.058837890625 0.48594892024993896 0 0.9858253598213196 0 0 0 0 1 -0.46310192346572876 -1.0189026594161987 0 0 2.9231051206588745 -0.16142278909683228 0 0.058837890625 0 0 1 0 0 0 0 1 -0.29213428497314486 -1.01188063621521 -0.01657664775848386 0 2.934488892555237 -0.10079085826873789 0.16641974449157684 0.058837890625 -0.5002799630165091 0 0.985846996307373 0 0 0 0 1 -0.11790072917938232 -1.0009753108024597 -0.012087821960449219 0 2.865500330924988 -0.04133027791976929 0.2927541732788086 0.058837890625 -0.8787631988525391 0 0.9562443494796753 0 0 0 0 1 0.04445594549179077 -0.9865754842758179 0.005427896976470947 0 2.804368495941162 0.01565992832183838 0.3419575095176697 0.058837890625 -1.0210291743278503 0 0.9394600987434387 0 0 0 0 1 0.19890761375427246 -0.9695509672164917 0.020599365234375 0 2.815695822238922 0.06833839416503906 0.2922534942626953 0.058837890625 -0.8648157119750977 0 0.9562665224075317 0 0 0 0 1 0.3456997871398926 -0.9507488012313843 0.020210444927215576 0 2.83998042345047 0.11574536561965942 0.16601145267486572 0.058837890625 -0.48525482416152954 0 0.9859892129898071 0 0 0 0 1 0.46954643726348877 -0.931194543838501 0 0 2.79719477891922 0.15631341934204102 0 0.058837890625 0 0 1 0 0 0 0 1 0.553019106388092 -0.91255784034729 -0.03401070833206177 0 2.66338312625885 0.1895662546157837 -0.16372501850128174 0.058837890625 0.4614105820655823 0 0.9858270287513733 0 0 0 0 1 0.5946922302246094 -0.8959676027297974 -0.06823539733886719 0 2.483752965927124 0.2146003246307373 -0.28488636016845703 0.058837890625 0.7824897766113281 0 0.9561356902122498 0 0 0 0 1 0.6121311187744141 -0.8829649686813354 -0.08651232719421387 0 2.3404273986816406 0.23082304000854492 -0.33093470335006714 0.058837890625 0.880488395690918 0 0.939802885055542 0 0 0 0 1 0.622624397277832 -0.8739328980445862 -0.07717609405517578 0 2.2793362140655518 0.2386670708656311 -0.28259754180908203 0.058837890625 0.7239818572998047 0 0.9560827016830444 0 0 0 0 1 0.6313388347625732 -0.8679329752922058 -0.04532039165496826 0 2.2431572675704956 0.2443331480026245 -0.16098946332931519 0.058837890625 0.39530813694000244 0 0.9859073758125305 0 0 0 0 1 0.6235910654067993 -0.8647499084472656 0 0 2.166332244873047 0.2489231824874878 0 0.058837890625 0 0 1 0 0 0 0 1 0.5927455425262452 -0.8645741939544678 0.04687190055847151 0 2.029577493667603 0.2524240016937256 0.16054034233093203 0.058837890625 -0.3586843609809864 0 0.9858589172363281 0 0 0 0 1 0.5496278405189514 -0.8655538558959961 0.08268356323242188 0 1.8687346577644348 0.2546653747558594 0.2810239791870117 0.058837890625 -0.5968809127807617 0 0.9559770226478577 0 0 0 0 1 0.5136756896972656 -0.8685982823371887 0.09661656618118286 0 1.7430980205535889 0.25578218698501587 0.3280954957008362 0.058837890625 -0.6614518761634827 0 0.9396483898162842 0 0 0 0 1 0.4941431283950806 -0.8727893233299255 0.08239746093749988 0 1.6851087808609009 0.25577545166015625 0.2811670303344722 0.058837890625 -0.5380868911743155 0 0.9561897516250611 0 0 0 0 1 0.48004835844039917 -0.8783795833587646 0.04658609628677368 0 1.6552067399024963 0.25476133823394775 0.1606220006942749 0.058837890625 -0.2922961115837097 0 0.9860760569572449 0 0 0 0 1 0.4576415419578552 -0.8853655457496643 0 0 1.6052092909812927 0.2524157166481018 0 0.058837890625 0 0 1 0 0 0 0 1 0.4246300458908081 -0.8935245275497437 -0.044912099838256836 0 1.5224063396453857 0.24908185005187988 -0.1611119508743286 0.058837890625 0.26808440685272217 0 0.9860658645629883 0 0 0 0 1 0.3882572054862978 -0.9021781086921692 -0.07667541503906238 0 1.4318168163299563 0.2446584701538086 -0.2827405929565425 0.058837890625 0.4545450210571283 0 0.9561264514923097 0 0 0 0 1 0.3603249192237854 -0.9124916195869446 -0.08642882108688354 0 1.3790853023529053 0.23831158876419067 -0.33093470335006714 0.058837890625 0.5188234448432922 0 0.9396831393241882 0 0 0 0 1 0.34367358684539795 -0.9242488741874695 -0.07016658782958984 0 1.393013834953308 0.22798293828964233 -0.2844572067260742 0.058837890625 0.4396677017211914 0 0.9561021327972412 0 0 0 0 1 0.32807159423828125 -0.9370079040527344 -0.03707289695739746 0 1.4419039487838745 0.21302032470703125 -0.16307175159454346 0.058837890625 0.25081366300582886 0 0.9859764575958252 0 0 0 0 1 0.29987794160842896 -0.9510331153869629 0 0 1.4693652987480164 0.1940932273864746 0 0.058837890625 0 0 1 0 0 0 0 1 0.2575300931930542 -0.9656276702880859 0.029111206531524658 0 1.4568949937820435 0.17067241668701172 0.16470491886138916 0.058837890625 -0.2509361505508423 0 0.9861264824867249 0 0 0 0 1 0.20734697580337524 -0.9800804257392883 0.04227161407470703 0 1.4220699667930603 0.14291328191757202 0.28989315032958984 0.058837890625 -0.4403829574584961 0 0.9560161828994751 0 0 0 0 1 0.1573392152786255 -0.9946244359016418 0.03799527883529663 0 1.409420371055603 0.11116534471511841 0.33995336294174194 0.058837890625 -0.5162347555160522 0 0.93971848487854 0 0 0 0 1 0.10645395517349243 -1.0085147619247437 0.02466946840286255 0 1.429524540901184 0.07529914379119873 0.33040910959243774 0.058837890625 -0.5033380389213562 0 0.9436085820198059 0 0 0 0 1 0.05058109760284424 -1.020741581916809 0.01047825813293457 0 1.4619810581207275 0.035404324531555176 0.30209851264953613 0.058837890625 -0.46384739875793457 0 0.9533141851425171 0 0 0 0 1 -0.011779367923736572 -1.031242311000824 -0.0020236968994140625 0 1.5031993389129639 -0.008058547973632813 0.2589699625968933 0.058837890625 -0.40315836668014526 0 0.9656436443328857 0 0 0 0 1 -0.0816723108291626 -1.0397344827651978 -0.010866165161132813 0 1.549451470375061 -0.05491018295288086 0.20575284957885742 0.058837890625 -0.3266892433166504 0 0.9785798788070679 0 0 0 0 1 -0.16008567810058594 -1.0458934307098389 -0.0147857666015625 0 1.5968942642211914 -0.10469198226928711 0.14771270751953125 0.058837890625 -0.2409210205078125 0 0.9889073371887207 0 0 0 0 1 -0.24665594100952148 -1.0484124422073364 -0.01348114013671875 0 1.6446447372436523 -0.15735244750976563 0.08982253074645996 0.058837890625 -0.15166282653808594 0 0.995968222618103 0 0 0 0 1 -0.3424711227416992 -1.0477107763290405 -0.0077533721923828125 0 1.6916892528533936 -0.2121516466140747 0.03829002380371094 0.058837890625 -0.06748199462890625 0 0.9992313981056213 0 0 0 0 1 -0.44834136962890625 -1.043224573135376 0.000548243522644043 0 1.7402839660644531 -0.26876115798950195 -0.0021280646324157715 0.058837890625 0.003948211669921875 0 1.0002596974372864 0 0 0 0 1 -0.5651397705078125 -1.0344003438949585 0.008297920227050781 0 1.7912912368774414 -0.3262624740600586 -0.026308178901672363 0.058837890625 0.051835060119628906 0 0.9996148347854614 0 0 0 0 1 </float_array>
        <technique_common>
          <accessor source="#anim1-joint1-matrix-array" count="48" stride="16">
            <param name="TRANSFORM" type="float4x4"/>
          </accessor>
        </technique_common>
      </source>
      <source id="anim1-joint1-interpolation">
        <Name_array id="anim1-joint1-interpolation-array" count="48">LINEAR LINEAR LINEAR LINEAR LINEAR LINEAR LINEAR LINEAR LINEAR LINEAR LINEAR LINEAR LINEAR LINEAR LINEAR LINEAR LINEAR LINEAR LINEAR LINEAR LINEAR LINEAR LINEAR LINEAR LINEAR LINEAR LINEAR LINEAR LINEAR LINEAR LINEAR LINEAR LINEAR LINEAR LINEAR LINEAR LINEAR LINEAR LINEAR LINEAR LINEAR LINEAR LINEAR LINEAR LINEAR LINEAR LINEAR LINEAR </Name_array>
        <technique_common>
          <accessor source="#anim1-joint1-interpolation-array" count="48">
            <param name="INTERPOLATION" type="name"/>
          </accessor>
        </technique_common>
      </source>
      <sampler id="anim1-joint1-sampler">
        <input semantic="INPUT" source="#anim1-joint1-time"/>
        <input semantic="OUTPUT" source="#anim1-joint1-matrix"/>
        <input semantic="INTERPOLATION" source="#anim1-joint1-interpolation"/>
        </sampler>
      <channel source="#anim1-joint1-sampler" target="joint1/transform"/>
    </animation>
    <animation id="anim1-joint2">
      <source id="anim1-joint2-time">
        <float_array id="anim1-joint2-time-array" count="48">0 0.016666666666666666 0.03333333333333333 0.05 0.06666666666666667 0.08333333333333333 0.1 0.11666666666666667 0.13333333333333333 0.15 0.16666666666666666 0.18333333333333332 0.2 0.21666666666666667 0.23333333333333334 0.25 0.26666666666666666 0.2833333333333333 0.3 0.31666666666666665 0.3333333333333333 0.35 0.36666666666666664 0.3833333333333333 0.4 0.4166666666666667 0.43333333333333335 0.45 0.4666666666666667 0.48333333333333334 0.5 0.5166666666666666 0.5333333333333333 0.55 0.5666666666666667 0.5833333333333334 0.6 0.6166666666666667 0.6333333333333333 0.65 0.6666666666666666 0.6833333333333333 0.7 0.7166666666666667 0.7333333333333333 0.75 0.7666666666666666 0.7833333333333333 </float_array>
        <technique_common>
          <accessor source="#anim1-joint2-time-array" count="48">
            <param name="TIME" type="float"/>
          </accessor>
        </technique_common>
      </source>
      <source id="anim1-joint2-matrix">
        <float_array id="anim1-joint2-matrix-array" count="768">0.9317528009414673 0.18047714233398438 -0.046176910400390625 0.10498046875 -0.16249620914459229 1.0344108939170837 0.008056640625 0 0.04438018798828125 0 0.9989736676216125 0 0 0 0 1 0.9279956817626953 0.12537622451782227 -0.03878593444824219 0.10498046875 -0.11029082536697388 1.0535229444503784 0.00461578369140625 0 0.03653526306152344 0 0.9990966320037842 0 0 0 0 1 0.9215181469917297 0.05401337146759033 -0.03048032522201538 0.10498046875 -0.0464252233505249 1.0726636052131653 0.0015348196029663086 0 0.028170645236968994 0 0.9996017813682556 0 0 0 0 1 0.9116640090942383 -0.026783287525176967 -0.022211372852325443 0.10498046875 0.02249097824096677 1.0859164595603943 -0.0005478262901306144 0 0.020264148712158207 0 0.9998757243156433 0 0 0 0 1 0.8991748094558716 -0.10887479782104492 -0.015062808990478516 0.10498046875 0.08980715274810791 1.090353012084961 -0.001504063606262207 0 0.013680696487426758 0 0.9998887181282043 0 0 0 0 1 0.8874002695083618 -0.18339842557907104 -0.009870469570159912 0.10498046875 0.15009766817092896 1.0845479369163513 -0.0016691088676452637 0 0.009010255336761475 0 0.9999257922172546 0 0 0 0 1 0.8795993328094482 -0.24123787879943842 -0.008098125457763674 0.10498046875 0.19810795783996576 1.0710961818695068 -0.0018239021301269531 0 0.007484078407287599 0 1.0000476837158203 0 0 0 0 1 0.8775467872619629 -0.27489709854125977 -0.032369375228881836 0.10498046875 0.22835707664489746 1.0559031963348389 -0.008427143096923828 0 0.030344247817993164 0 0.9995317459106445 0 0 0 0 1 0.8809046745300293 -0.27917420864105225 -0.09316295385360718 0.10498046875 0.2354893684387207 1.044132649898529 -0.024909377098083496 0 0.08833646774291992 0 0.9954391121864319 0 0 0 0 1 0.8842589855194092 -0.2677499055862427 -0.17204999923706055 0.10498046875 0.22910964488983154 1.0337179899215698 -0.04456377029418945 0 0.1649770736694336 0 0.9840564131736755 0 0 0 0 1 0.8855530023574829 -0.24716347455978394 -0.2506370544433594 0.10498046875 0.21361923217773438 1.0241466760635376 -0.06048774719238281 0 0.24308395385742188 0 0.9662247896194458 0 0 0 0 1 0.8896512985229492 -0.21917724609375 -0.3109700679779053 0.10498046875 0.19194531440734863 1.0157241821289063 -0.06710243225097656 0 0.3053781986236572 0 0.9481191635131836 0 0 0 0 1 0.9046837091445922 -0.18520712852478033 -0.33644610643386835 0.10498046875 0.16631269454956057 1.008377730846405 -0.061794519424438484 0 0.33477598428726185 0 0.939895749092102 0 0 0 0 1 0.9451210498809814 -0.14671939611434937 -0.28989315032958984 0.10498046875 0.13829255104064941 1.0027887225151062 -0.04241466522216797 0 0.2926826477050781 0 0.9561542272567749 0 0 0 0 1 1.0003366470336914 -0.10475707054138184 -0.16633808612823486 0.10498046875 0.10486596822738647 0.9994854927062988 -0.01743406057357788 0 0.17062515020370483 0 0.9859175086021423 0 0 0 0 1 1.0402114391326904 -0.060073256492614746 0 0.10498046875 0.06258058547973633 0.9985347390174866 0 0 0 0 1 0 0 0 0 1 1.0488989353179932 -0.013444125652313232 0.16719549894332886 0.10498046875 0.014026880264282227 1.0009762644767761 0.002245604991912842 0 -0.17793357372283936 0 0.9857761859893799 0 0 0 0 1 1.0374521017074585 0.03490495681762695 0.29282569885253906 0.10498046875 -0.03604841232299805 1.0063443183898926 -0.010156631469726563 0 -0.31807422637939453 0 0.9562509059906006 0 0 0 0 1 1.0364406108856201 0.08438587188720703 0.3408719301223755 0.10498046875 -0.08618992567062378 1.0131268501281738 -0.02839207649230957 0 -0.37853318452835083 0 0.9397871494293213 0 0 0 0 1 1.068117916584015 0.13387572765350342 0.2904653549194336 0.10498046875 -0.14028847217559814 1.0200175046920776 -0.038123130798339844 0 -0.3300905227661133 0 0.956099808216095 0 0 0 0 1 1.1114740371704102 0.18282508850097656 0.16466408967971802 0.10498046875 -0.19791841506958008 1.0269269943237305 -0.02931535243988037 0 -0.1914888620376587 0 0.9860725402832031 0 0 0 0 1 1.1335901021957397 0.22980451583862305 0 0.10498046875 -0.25234997272491455 1.0323128700256348 0 0 0 0 1 0 0 0 0 1 1.1207208037376404 0.273377001285553 -0.1616835594177246 0.10498046875 -0.29560625553131104 1.0359549522399902 0.042666494846343994 0 0.1965925097465515 0 0.9858697652816772 0 0 0 0 1 1.086807906627655 0.31201601028442383 -0.2805948257446289 0.10498046875 -0.3265349268913269 1.038200855255127 0.08432865142822266 0 0.3476858139038086 0 0.9562913179397583 0 0 0 0 1 1.0658905506134033 0.3435893654823302 -0.3246717453002928 0.10498046875 -0.3529632091522216 1.0379762649536135 0.10747236013412467 0 0.40867888927459695 0 0.939608931541443 0 0 0 0 1 1.080643653869629 0.36708927154541016 -0.27616024017333984 0.10498046875 -0.3829536437988281 1.03606116771698 0.09784698486328125 0 0.3513336181640625 0 0.9560760855674744 0 0 0 0 1 1.1097204685211182 0.38094377517700195 -0.15690654516220093 0.10498046875 -0.40984660387039185 1.031689167022705 0.05793660879135132 0 0.20067542791366577 0 0.9860077500343323 0 0 0 0 1 1.1200697422027586 0.39002984762191767 0.0000000000000005532374519167781 0.10498046875 -0.42690223455429077 1.0233271121978758 -0.0000000000000002165662075804273 0 -0.0000000000000007120720113947205 0 1 0 0 0 0 1 1.097707748413086 0.39591532945632935 0.1557224988937378 0.10498046875 -0.42974090576171875 1.011400580406189 -0.06095796823501587 0 -0.19998133182525635 0 0.9857616424560547 0 0 0 0 1 1.0576057434082031 0.39916038513183594 0.27201175689697266 0.10498046875 -0.4232168197631836 0.9973764419555664 -0.10886192321777344 0 -0.3490447998046875 0 0.9561907052993774 0 0 0 0 1 1.032279133796692 0.40003538131713867 0.31673866510391235 0.10498046875 -0.4204401969909668 0.982093334197998 -0.1290169358253479 0 -0.40567266941070557 0 0.9396901726722717 0 0 0 0 1 1.042163372039795 0.3991062641143799 0.27079582214355485 0.10498046875 -0.4303961992263794 0.9667410850524902 -0.11179447174072271 0 -0.3454685211181643 0 0.9561780095100402 0 0 0 0 1 1.0658589601516724 0.39697742462158203 0.15433430671691895 0.10498046875 -0.44441771507263184 0.952141284942627 -0.0643467903137207 0 -0.1958984136581421 0 0.9856917858123779 0 0 0 0 1 1.0718284249305725 0.39398860931396484 0 0.10498046875 -0.44950389862060547 0.9394538998603821 0 0 0 0 1 0 0 0 0 1 1.0474061965942383 0.3910081386566162 -0.15417098999023438 0.10498046875 -0.44028759002685547 0.9297523498535156 0.06483674049377441 0 0.19271373748779297 0 0.9860556125640869 0 0 0 0 1 1.0062113404273987 0.38796329498291016 -0.27008056640625 0.10498046875 -0.422435998916626 0.923675537109375 0.11343955993652344 0 0.3343820571899414 0 0.9560294151306152 0 0 0 0 1 0.9793327450752258 0.3857421875 -0.31556957960128784 0.10498046875 -0.4092733860015869 0.922607421875 0.13193964958190918 0 0.3863827586174011 0 0.9396045804023743 0 0 0 0 1 0.9868696331977844 0.3829631209373474 -0.26975059509277344 0.10498046875 -0.40903687477111816 0.9236025810241699 0.11184954643249512 0 0.3261387348175049 0 0.9565231800079346 0 0 0 0 1 1.0075580477714539 0.37896525859832764 -0.15157997608184814 0.10498046875 -0.41283202171325684 0.9248411655426025 0.06211179494857788 0 0.18081611394882202 0 0.9864572286605835 0 0 0 0 1 1.0103269815444946 0.37408483028411865 0.005433082580566406 0.10498046875 -0.4078018069267273 0.9267933368682861 -0.002192974090576172 0 -0.006384372711181641 0 0.9998615384101868 0 0 0 0 1 0.9843707084655762 0.3680741786956787 0.1618328094482422 0.10498046875 -0.38981080055236816 0.9294605255126953 -0.0640871524810791 0 -0.18716168403625488 0 0.9846317768096924 0 0 0 0 1 0.9435970783233643 0.3616809844970703 0.2779363989830017 0.10498046875 -0.3654303550720215 0.9332835674285889 -0.10771036148071289 0 -0.315998911857605 0 0.9544988870620728 0 0 0 0 1 0.9184288382530212 0.3540616035461426 0.3199954032897949 0.10498046875 -0.3466106057167053 0.9382877349853516 -0.120749831199646 0 -0.357322633266449 0 0.939616322517395 0 0 0 0 1 0.9190455675125122 0.34609371423721313 0.2895294427871704 0.10498046875 -0.33657312393188477 0.9446958303451538 -0.10607045888900757 0 -0.31723272800445557 0 0.9513243436813354 0 0 0 0 1 0.9288809299468994 0.3351854085922241 0.221099853515625 0.10498046875 -0.32660412788391113 0.9537234306335449 -0.07770538330078125 0 -0.2373504638671875 0 0.9722093343734741 0 0 0 0 1 0.937715470790863 0.3159298896789551 0.13276147842407227 0.10498046875 -0.30624741315841675 0.9671627283096313 -0.04336738586425781 0 -0.13913702964782715 0 0.9902011156082153 0 0 0 0 1 0.9402644634246826 0.2855229377746582 0.04431760311126709 0.10498046875 -0.27250921726226807 0.985304594039917 -0.012842416763305664 0 -0.045218825340270996 0 0.9989190101623535 0 0 0 0 1 0.9365661144256592 0.2414395809173584 -0.022790908813476563 0.10498046875 -0.2243807315826416 1.0080229043960571 0.005458831787109375 0 0.022579193115234375 0 0.999595046043396 0 0 0 0 1 </float_array>
        <technique_common>
          <accessor source="#anim1-joint2-matrix-array" count="48" stride="16">
            <param name="TRANSFORM" type="float4x4"/>
          </accessor>
        </technique_common>
      </source>
      <source id="anim1-joint2-interpolation">
        <Name_array id="anim1-joint2-interpolation-array" count="48">LINEAR LINEAR LINEAR LINEAR LINEAR LINEAR LINEAR LINEAR LINEAR LINEAR LINEAR LINEAR LINEAR LINEAR LINEAR LINEAR LINEAR LINEAR LINEAR LINEAR LINEAR LINEAR LINEAR LINEAR LINEAR LINEAR LINEAR LINEAR LINEAR LINEAR LINEAR LINEAR LINEAR LINEAR LINEAR LINEAR LINEAR LINEAR LINEAR LINEAR LINEAR LINEAR LINEAR LINEAR LINEAR LINEAR LINEAR LINEAR </Name_array>
        <technique_common>
          <accessor source="#anim1-joint2-interpolation-array" count="48">
            <param name="INTERPOLATION" type="name"/>
          </accessor>
        </technique_common>
      </source>
      <sampler id="anim1-joint2-sampler">
        <input semantic="INPUT" source="#anim1-joint2-time"/>
        <input semantic="OUTPUT" source="#anim1-joint2-matrix"/>
        <input semantic="INTERPOLATION" source="#anim1-joint2-interpolation"/>
        </sampler>
      <channel source="#anim1-joint2-sampler" target="joint2/transform"/>
    </animation>
    <animation id="anim1-joint3">
      <source id="anim1-joint3-time">
        <float_array id="anim1-joint3-time-array" count="48">0 0.016666666666666666 0.03333333333333333 0.05 0.06666666666666667 0.08333333333333333 0.1 0.11666666666666667 0.13333333333333333 0.15 0.16666666666666666 0.18333333333333332 0.2 0.21666666666666667 0.23333333333333334 0.25 0.26666666666666666 0.2833333333333333 0.3 0.31666666666666665 0.3333333333333333 0.35 0.36666666666666664 0.3833333333333333 0.4 0.4166666666666667 0.43333333333333335 0.45 0.4666666666666667 0.48333333333333334 0.5 0.5166666666666666 0.5333333333333333 0.55 0.5666666666666667 0.5833333333333334 0.6 0.6166666666666667 0.6333333333333333 0.65 0.6666666666666666 0.6833333333333333 0.7 0.7166666666666667 0.7333333333333333 0.75 0.7666666666666666 0.7833333333333333 </float_array>
        <technique_common>
          <accessor source="#anim1-joint3-time-array" count="48">
            <param name="TIME" type="float"/>
          </accessor>
        </technique_common>
      </source>
      <source id="anim1-joint3-matrix">
        <float_array id="anim1-joint3-matrix-array" count="768">0 1.360595703125 0 0 -0.847412109375 0 0 -0.046142578125 0 0 2.272216796875 0 0 0 0 1 0 1.310302734375 0 0 -0.87353515625 0 0 -0.046142578125 0 0 2.206787109375 0 0 0 0 1 0 1.253662109375 0 0 -0.90673828125 0 0 -0.046142578125 0 0 2.12353515625 0 0 0 0 1 0 1.1945800781250002 0 0 -0.94580078125 0 0 -0.046142578125 0 0 2.02587890625 0 0 0 0 1 0 1.136962890625 0 0 -0.989990234375 0 0 -0.046142578125 0 0 1.91748046875 0 0 0 0 1 0 1.084716796875 0 0 -1.037841796875 0 0 -0.046142578125 0 0 1.801513671875 0 0 0 0 1 0 1.04150390625 0 0 -1.08837890625 0 0 -0.046142578125 0 0 1.681884765625 0 0 0 0 1 0 1.01123046875 0 0 -1.140869140625 0 0 -0.046142578125 0 0 1.5615234375 0 0 0 0 1 0 0.996826171875 0 0 -1.19384765625 0 0 -0.046142578125 0 0 1.4443359375 0 0 0 0 1 0 0.98828125 0 0 -1.246337890625 0 0 -0.046142578125 0 0 1.333740234375 0 0 0 0 1 0 0.981689453125 0 0 -1.29736328125 0 0 -0.046142578125 0 0 1.233154296875 0 0 0 0 1 0 0.97705078125 0 0 -1.345703125 0 0 -0.046142578125 0 0 1.14599609375 0 0 0 0 1 0 0.974365234375 0 0 -1.390380859375 0 0 -0.046142578125 0 0 1.075927734375 0 0 0 0 1 0 0.973876953125 0 0 -1.430419921875 0 0 -0.046142578125 0 0 1.0263671875 0 0 0 0 1 0 0.97509765625 0 0 -1.464599609375 0 0 -0.046142578125 0 0 1.0009765625 0 0 0 0 1 0 0.978515625 0 0 -1.491943359375 0 0 -0.046142578125 0 0 0.991455078125 0 0 0 0 1 0 0.98388671875 0 0 -1.512451171875 0 0 -0.046142578125 0 0 0.98388671875 0 0 0 0 1 0 0.991455078125 0 0 -1.529052734375 0 0 -0.046142578125 0 0 0.978515625 0 0 0 0 1 0 1.0009765625 0 0 -1.5419921875 0 0 -0.046142578125 0 0 0.974853515625 0 0 0 0 1 0 1.046142578125 0 0 -1.551513671875 0 0 -0.046142578125 0 0 0.972900390625 0 0 0 0 1 0 1.1435546875 0 0 -1.557373046875 0 0 -0.046142578125 0 0 0.972900390625 0 0 0 0 1 0 1.281494140625 0 0 -1.559814453125 0 0 -0.046142578125 0 0 0.974853515625 0 0 0 0 1 0 1.44873046875 0 0 -1.558349609375 0 0 -0.046142578125 0 0 0.978515625 0 0 0 0 1 0 1.63427734375 0 0 -1.553466796875 0 0 -0.046142578125 0 0 0.984130859375 0 0 0 0 1 0 1.8264160156249993 0 0 -1.544921875 0 0 -0.046142578125 0 0 0.9914550781249999 0 0 0 0 1 0 2.01416015625 0 0 -1.53271484375 0 0 -0.046142578125 0 0 1.00048828125 0 0 0 0 1 0 2.18603515625 0 0 -1.516845703125 0 0 -0.046142578125 0 0 1.046875 0 0 0 0 1 0 2.330810546875 0 0 -1.4973144531249998 0 0 -0.046142578125 0 0 1.1516113281250007 0 0 0 0 1 0 2.437255859375 0 0 -1.461181640625 0 0 -0.046142578125 0 0 1.301513671875 0 0 0 0 1 0 2.49365234375 0 0 -1.40380859375 0 0 -0.046142578125 0 0 1.482666015625 0 0 0 0 1 0 2.498046875 0 0 -1.330078125 0 0 -0.046142578125 0 0 1.681640625 0 0 0 0 1 0 2.486083984375 0 0 -1.2453613281250002 0 0 -0.046142578125 0 0 1.8852539062499993 0 0 0 0 1 0 2.46337890625 0 0 -1.154296875 0 0 -0.046142578125 0 0 2.080078125 0 0 0 0 1 0 2.430908203125 0 0 -1.061767578125 0 0 -0.046142578125 0 0 2.252197265625 0 0 0 0 1 0 2.3896484375 0 0 -0.972900390625 0 0 -0.046142578125 0 0 2.388427734375 0 0 0 0 1 0 2.340087890625 0 0 -0.892578125 0 0 -0.046142578125 0 0 2.47509765625 0 0 0 0 1 0 2.283447265625 0 0 -0.825927734375 0 0 -0.046142578125 0 0 2.5 0 0 0 0 1 0 2.220703125 0 0 -0.77734375 0 0 -0.046142578125 0 0 2.5029296875 0 0 0 0 1 0 2.152099609375 0 0 -0.75244140625 0 0 -0.046142578125 0 0 2.508544921875 0 0 0 0 1 0 2.0791015625 0 0 -0.749755859375 0 0 -0.046142578125 0 0 2.514892578125 0 0 0 0 1 0 2.002197265625 0 0 -0.74951171875 0 0 -0.046142578125 0 0 2.52001953125 0 0 0 0 1 0 1.92236328125 0 0 -0.75 0 0 -0.046142578125 0 0 2.521728515625 0 0 0 0 1 0 1.84033203125 0 0 -0.752197265625 0 0 -0.046142578125 0 0 2.51806640625 0 0 0 0 1 0 1.75732421875 0 0 -0.757568359375 0 0 -0.046142578125 0 0 2.506591796875 0 0 0 0 1 0 1.673583984375 0 0 -0.76708984375 0 0 -0.046142578125 0 0 2.48583984375 0 0 0 0 1 0 1.59033203125 0 0 -0.781494140625 0 0 -0.046142578125 0 0 2.453369140625 0 0 0 0 1 0 1.508544921875 0 0 -0.802490234375 0 0 -0.046142578125 0 0 2.4072265625 0 0 0 0 1 0 1.4287109375 0 0 -0.83056640625 0 0 -0.046142578125 0 0 2.34521484375 0 0 0 0 1 </float_array>
        <technique_common>
          <accessor source="#anim1-joint3-matrix-array" count="48" stride="16">
            <param name="TRANSFORM" type="float4x4"/>
          </accessor>
        </technique_common>
      </source>
      <source id="anim1-joint3-interpolation">
        <Name_array id="anim1-joint3-interpolation-array" count="48">LINEAR LINEAR LINEAR LINEAR LINEAR LINEAR LINEAR LINEAR LINEAR LINEAR LINEAR LINEAR LINEAR LINEAR LINEAR LINEAR LINEAR LINEAR LINEAR LINEAR LINEAR LINEAR LINEAR LINEAR LINEAR LINEAR LINEAR LINEAR LINEAR LINEAR LINEAR LINEAR LINEAR LINEAR LINEAR LINEAR LINEAR LINEAR LINEAR LINEAR LINEAR LINEAR LINEAR LINEAR LINEAR LINEAR LINEAR LINEAR </Name_array>
        <technique_common>
          <accessor source="#anim1-joint3-interpolation-array" count="48">
            <param name="INTERPOLATION" type="name"/>
          </accessor>
        </technique_common>
      </source>
      <sampler id="anim1-joint3-sampler">
        <input semantic="INPUT" source="#anim1-joint3-time"/>
        <input semantic="OUTPUT" source="#anim1-joint3-matrix"/>
        <input semantic="INTERPOLATION" source="#anim1-joint3-interpolation"/>
        </sampler>
      <channel source="#anim1-joint3-sampler" target="joint3/transform"/>
    </animation>
    <animation id="anim2-joint0">
      <source id="anim2-joint0-time">
        <float_array id="anim2-joint0-time-array" count="12">0 0.016666666666666666 0.03333333333333333 0.05 0.06666666666666667 0.08333333333333333 0.1 0.11666666666666667 0.13333333333333333 0.15 0.16666666666666666 0.18333333333333332 </float_array>
        <technique_common>
          <accessor source="#anim2-joint0-time-array" count="12">
            <param name="TIME" type="float"/>
          </accessor>
        </technique_common>
      </source>
      <source id="anim2-joint0-matrix">
        <float_array id="anim2-joint0-matrix-array" count="192">0 0 -1 0 0 1 0 0.166015625 1 0 0 0 0 0 0 1 0 0 -1 0 0 1 0 0.166015625 1 0 0 0 0 0 0 1 0 0 -1 0 0 1 0 0.166015625 1 0 0 0 0 0 0 1 0 0 -1 0 0 1 0 0.166015625 1 0 0 0 0 0 0 1 0 0 -1 0 0 1 0 0.166015625 1 0 0 0 0 0 0 1 0 0 -1 0 0 1 0 0.166015625 1 0 0 0 0 0 0 1 0 0 -1 0 0 1 0 0.166015625 1 0 0 0 0 0 0 1 0 0 -1 0 0 1 0 0.166015625 1 0 0 0 0 0 0 1 0 0 -1 0 0 1 0 0.166015625 1 0 0 0 0 0 0 1 0 0 -1 0 0 1 0 0.166015625 1 0 0 0 0 0 0 1 0 0 -1 0 0 1 0 0.166015625 1 0 0 0 0 0 0 1 0 0 -1 0 0 1 0 0.166015625 1 0 0 0 0 0 0 1 </float_array>
        <technique_common>
          <accessor source="#anim2-joint0-matrix-array" count="12" stride="16">
            <param name="TRANSFORM" type="float4x4"/>
          </accessor>
        </technique_common>
      </source>
      <source id="anim2-joint0-interpolation">
        <Name_array id="anim2-joint0-interpolation-array" count="12">LINEAR LINEAR LINEAR LINEAR LINEAR LINEAR LINEAR LINEAR LINEAR LINEAR LINEAR LINEAR </Name_array>
        <technique_common>
          <accessor source="#anim2-joint0-interpolation-array" count="12">
            <param name="INTERPOLATION" type="name"/>
          </accessor>
        </technique_common>
      </source>
      <sampler id="anim2-joint0-sampler">
        <input semantic="INPUT" source="#anim2-joint0-time"/>
        <input semantic="OUTPUT" source="#anim2-joint0-matrix"/>
        <input semantic="INTERPOLATION" source="#anim2-joint0-interpolation"/>
        </sampler>
      <channel source="#anim2-joint0-sampler" target="joint0/transform"/>
    </animation>
    <animation id="anim2-joint1">
      <source id="anim2-joint1-time">
        <float_array id="anim2-joint1-time-array" count="12">0 0.016666666666666666 0.03333333333333333 0.05 0.06666666666666667 0.08333333333333333 0.1 0.11666666666666667 0.13333333333333333 0.15 0.16666666666666666 0.18333333333333332 </float_array>
        <technique_common>
          <accessor source="#anim2-joint1-time-array" count="12">
            <param name="TIME" type="float"/>
          </accessor>
        </technique_common>
      </source>
      <source id="anim2-joint1-matrix">
        <float_array id="anim2-joint1-matrix-array" count="192">-0.6951627731323242 -1.021236777305603 0.011267244815826416 0 1.8468575477600098 -0.38446247577667236 -0.029928863048553467 0.058837890625 0.06315279006958008 0 0.9992735981941223 0 0 0 0 1 -1.0205855965614319 -0.9426054954528809 0.00686943945765961 0 2.392374575138092 -0.4020082354545593 -0.016107061528600752 0.058837890625 0.04890173673629761 0 0.9313570128142601 0 0 0 0 1 -1.1877787113189697 -0.8944641351699829 0.009710481957881711 0 2.756819725036621 -0.3854137063026428 -0.022535985888680443 0.058837890625 0.08285123109817505 0 0.8890821921522729 0 0 0 0 1 -0.7401165962219238 -0.9462922811508179 0.01693398682982661 0 2.9800223112106323 -0.23496615886688232 -0.06819918708060868 0.058837890625 0.24896198511123657 0 0.8666713663260452 0 0 0 0 1 0.366790771484375 -0.9555884599685669 -0.01972365760593675 0 3.0753402709960938 0.11395633220672607 -0.1653940525429789 0.058837890625 0.6079788208007813 0 0.8485121986304875 0 0 0 0 1 1.013246476650238 -0.8612186908721924 -0.07304487693181727 0 2.8046963810920715 0.3109956383705139 -0.2022781207342632 0.058837890625 0.7932702898979187 0 0.8084774956951151 0 0 0 0 1 0.29217445850372314 -0.8104090690612793 0.012352804653346539 0 2.679486036300659 0.08836483955383301 0.11328968591988087 0.058837890625 -0.40731382369995117 0 0.7541293411049992 0 0 0 0 1 -0.45124077796936035 -0.6191003322601318 0.04404190689092502 0 1.7945789098739624 -0.1555544137954712 -0.17528502421919256 0.058837890625 0.5598028898239136 0 0.597417980665341 0 0 0 0 1 -0.12323588132858276 -0.38170433044433594 0.013274796874611638 0 0.8005273342132568 -0.058745503425598145 -0.08625421789474785 0.058837890625 0.17584890127182007 0 0.40196321897383314 0 0 0 0 1 0 -0.25 0 0 0.25 0 0 0.058837890625 0 0 0.25 0 0 0 0 1 0 -0.687255859375 0 0 0.978759765625 0 0 0.058837890625 0 0 0.6826171875 0 0 0 0 1 0 -0.955078125 0 0 1.49560546875 0 0 0.058837890625 0 0 0.955078125 0 0 0 0 1 </float_array>
        <technique_common>
          <accessor source="#anim2-joint1-matrix-array" count="12" stride="16">
            <param name="TRANSFORM" type="float4x4"/>
          </accessor>
        </technique_common>
      </source>
      <source id="anim2-joint1-interpolation">
        <Name_array id="anim2-joint1-interpolation-array" count="12">LINEAR LINEAR LINEAR LINEAR LINEAR LINEAR LINEAR LINEAR LINEAR LINEAR LINEAR LINEAR </Name_array>
        <technique_common>
          <accessor source="#anim2-joint1-interpolation-array" count="12">
            <param name="INTERPOLATION" type="name"/>
          </accessor>
        </technique_common>
      </source>
      <sampler id="anim2-joint1-sampler">
        <input semantic="INPUT" source="#anim2-joint1-time"/>
        <input semantic="OUTPUT" source="#anim2-joint1-matrix"/>
        <input semantic="INTERPOLATION" source="#anim2-joint1-interpolation"/>
        </sampler>
      <channel source="#anim2-joint1-sampler" target="joint1/transform"/>
    </animation>
    <animation id="anim2-joint2">
      <source id="anim2-joint2-time">
        <float_array id="anim2-joint2-time-array" count="12">0 0.016666666666666666 0.03333333333333333 0.05 0.06666666666666667 0.08333333333333333 0.1 0.11666666666666667 0.13333333333333333 0.15 0.16666666666666666 0.18333333333333332 </float_array>
        <technique_common>
          <accessor source="#anim2-joint2-time-array" count="12">
            <param name="TIME" type="float"/>
          </accessor>
        </technique_common>
      </source>
      <source id="anim2-joint2-matrix">
        <float_array id="anim2-joint2-matrix-array" count="192">0.9317528009414673 0.18047714233398438 -0.046176910400390625 0.10498046875 -0.16249620914459229 1.0344108939170837 0.008056640625 0 0.04438018798828125 0 0.9989736676216125 0 0 0 0 1 1.5485539436340332 0.08522582054138184 -0.04158384050242603 0.10498046875 -0.13563144207000732 0.9712886810302734 0.00364877816173248 0 0.07256472110748291 0 0.894232186867157 0 0 0 0 1 1.993157982826233 0.026807785034179688 -0.07392103332676925 0.10498046875 -0.05863666534423828 0.9145922660827637 0.0021667132386937737 0 0.17248952388763428 0 0.8549118995142635 0 0 0 0 1 1.9937835335731506 0.06930232048034668 -0.15439135185442865 0.10498046875 -0.15031510591506958 0.9189307689666748 0.011643618112429976 0 0.36313748359680176 0 0.852495709550567 0 0 0 0 1 1.8462951183319092 0.21591782569885254 -0.3061885616625659 0.10498046875 -0.44825077056884766 0.8895993232727051 0.07431611823267303 0 0.743598222732544 0 0.8050405254471116 0 0 0 0 1 1.5007004141807556 0.29613757133483887 -0.440985951849143 0.10498046875 -0.5438557267189026 0.8169239163398743 0.15985883894609287 0 1.1062034964561462 0 0.676844674613676 0 0 0 0 1 1.508173942565918 0.082247793674469 0.28411618631798774 0.10498046875 -0.16568899154663086 0.7492461204528809 -0.03118858921516221 0 -0.661543607711792 0 0.6555338600592222 0 0 0 0 1 1.030317485332489 -0.1309274435043335 -0.12155013671144843 0.10498046875 0.2588508725166321 0.5210859775543213 -0.030540542909875512 0 0.27089667320251465 0 0.4914814043440856 0 0 0 0 1 0.3584098815917969 -0.029521286487579346 -0.038187327329069376 0.10498046875 0.055174827575683594 0.1918172836303711 -0.005877150426385924 0 0.07873058319091797 0 0.1779611640085932 0 0 0 0 1 0.0009765625 0 0 0.10498046875 0 0.0009765625 0 0 0 0 0.0009765625 0 0 0 0 1 0.0009765625 0 0 0.10498046875 0 0.0009765625 0 0 0 0 0.0009765625 0 0 0 0 1 0.0009765625 0 0 0.10498046875 0 0.0009765625 0 0 0 0 0.0009765625 0 0 0 0 1 </float_array>
        <technique_common>
          <accessor source="#anim2-joint2-matrix-array" count="12" stride="16">
            <param name="TRANSFORM" type="float4x4"/>
          </accessor>
        </technique_common>
      </source>
      <source id="anim2-joint2-interpolation">
        <Name_array id="anim2-joint2-interpolation-array" count="12">LINEAR LINEAR LINEAR LINEAR LINEAR LINEAR LINEAR LINEAR LINEAR LINEAR LINEAR LINEAR </Name_array>
        <technique_common>
          <accessor source="#anim2-joint2-interpolation-array" count="12">
            <param name="INTERPOLATION" type="name"/>
          </accessor>
        </technique_common>
      </source>
      <sampler id="anim2-joint2-sampler">
        <input semantic="INPUT" source="#anim2-joint2-time"/>
        <input semantic="OUTPUT" source="#anim2-joint2-matrix"/>
        <input semantic="INTERPOLATION" source="#anim2-joint2-interpolation"/>
        </sampler>
      <channel source="#anim2-joint2-sampler" target="joint2/transform"/>
    </animation>
    <animation id="anim2-joint3">
      <source id="anim2-joint3-time">
        <float_array id="anim2-joint3-time-array" count="12">0 0.016666666666666666 0.03333333333333333 0.05 0.06666666666666667 0.08333333333333333 0.1 0.11666666666666667 0.13333333333333333 0.15 0.16666666666666666 0.18333333333333332 </float_array>
        <technique_common>
          <accessor source="#anim2-joint3-time-array" count="12">
            <param name="TIME" type="float"/>
          </accessor>
        </technique_common>
      </source>
      <source id="anim2-joint3-matrix">
        <float_array id="anim2-joint3-matrix-array" count="192">0 1.666748046875 0 0 -0.7568359375 0 0 -0.046142578125 0 0 1.988037109375 0 0 0 0 1 0 1.62841796875 0 0 -0.768310546875 0 0 -0.046142578125 0 0 1.992431640625 0 0 0 0 1 0 1.6962890625 0 0 -0.773193359375 0 0 -0.046142578125 0 0 2.04638671875 0 0 0 0 1 0 1.83740234375 0 0 -0.7734375 0 0 -0.046142578125 0 0 2.1337890625 0 0 0 0 1 0 2.01904296875 0 0 -0.7705078125 0 0 -0.046142578125 0 0 2.238037109375 0 0 0 0 1 0 2.2080078125 0 0 -0.765869140625 0 0 -0.046142578125 0 0 2.3427734375 0 0 0 0 1 0 2.371826171875 0 0 -0.760986328125 0 0 -0.046142578125 0 0 2.431640625 0 0 0 0 1 0 2.477783203125 0 0 -0.757568359375 0 0 -0.046142578125 0 0 2.48828125 0 0 0 0 1 0 2.351806640625 0 0 -0.7568359375 0 0 -0.046142578125 0 0 2.351806640625 0 0 0 0 1 0 1.234375 0 0 -0.7568359375 0 0 -0.046142578125 0 0 1.234375 0 0 0 0 1 0 1.3623046875 0 0 -0.7568359375 0 0 -0.046142578125 0 0 1.37646484375 0 0 0 0 1 0 2.650390625 0 0 -0.7568359375 0 0 -0.046142578125 0 0 2.702880859375 0 0 0 0 1 </float_array>
        <technique_common>
          <accessor source="#anim2-joint3-matrix-array" count="12" stride="16">
            <param name="TRANSFORM" type="float4x4"/>
          </accessor>
        </technique_common>
      </source>
      <source id="anim2-joint3-interpolation">
        <Name_array id="anim2-joint3-interpolation-array" count="12">LINEAR LINEAR LINEAR LINEAR LINEAR LINEAR LINEAR LINEAR LINEAR LINEAR LINEAR LINEAR </Name_array>
        <technique_common>
          <accessor source="#anim2-joint3-interpolation-array" count="12">
            <param name="INTERPOLATION" type="name"/>
          </accessor>
        </technique_common>
      </source>
      <sampler id="anim2-joint3-sampler">
        <input semantic="INPUT" source="#anim2-joint3-time"/>
        <input semantic="OUTPUT" source="#anim2-joint3-matrix"/>
        <input semantic="INTERPOLATION" source="#anim2-joint3-interpolation"/>
        </sampler>
      <channel source="#anim2-joint3-sampler" target="joint3/transform"/>
    </animation>
    <animation id="anim3-joint0">
      <source id="anim3-joint0-time">
        <float_array id="anim3-joint0-time-array" count="36">0 0.016666666666666666 0.03333333333333333 0.05 0.06666666666666667 0.08333333333333333 0.1 0.11666666666666667 0.13333333333333333 0.15 0.16666666666666666 0.18333333333333332 0.2 0.21666666666666667 0.23333333333333334 0.25 0.26666666666666666 0.2833333333333333 0.3 0.31666666666666665 0.3333333333333333 0.35 0.36666666666666664 0.3833333333333333 0.4 0.4166666666666667 0.43333333333333335 0.45 0.4666666666666667 0.48333333333333334 0.5 0.5166666666666666 0.5333333333333333 0.55 0.5666666666666667 0.5833333333333334 </float_array>
        <technique_common>
          <accessor source="#anim3-joint0-time-array" count="36">
            <param name="TIME" type="float"/>
          </accessor>
        </technique_common>
      </source>
      <source id="anim3-joint0-matrix">
        <float_array id="anim3-joint0-matrix-array" count="576">0 0 -1 0 0 1 0 0.166015625 1 0 0 0 0 0 0 1 0 0 -1 0 0 1 0 0.166015625 1 0 0 0 0 0 0 1 0 0 -1 0 0 1 0 0.166015625 1 0 0 0 0 0 0 1 0 0 -1 0 0 1 0 0.166015625 1 0 0 0 0 0 0 1 0 0 -1 0 0 1 0 0.166015625 1 0 0 0 0 0 0 1 0 0 -1 0 0 1 0 0.166015625 1 0 0 0 0 0 0 1 0 0 -1 0 0 1 0 0.166015625 1 0 0 0 0 0 0 1 0 0 -1 0 0 1 0 0.166015625 1 0 0 0 0 0 0 1 0 0 -1 0 0 1 0 0.166015625 1 0 0 0 0 0 0 1 0 0 -1 0 0 1 0 0.166015625 1 0 0 0 0 0 0 1 0 0 -1 0 0 1 0 0.166015625 1 0 0 0 0 0 0 1 0 0 -1 0 0 1 0 0.166015625 1 0 0 0 0 0 0 1 0 0 -1 0 0 1 0 0.166015625 1 0 0 0 0 0 0 1 0 0 -1 0 0 1 0 0.166015625 1 0 0 0 0 0 0 1 0 0 -1 0 0 1 0 0.166015625 1 0 0 0 0 0 0 1 0 0 -1 0 0 1 0 0.166015625 1 0 0 0 0 0 0 1 0 0 -1 0 0 1 0 0.166015625 1 0 0 0 0 0 0 1 0 0 -1 0 0 1 0 0.166015625 1 0 0 0 0 0 0 1 0 0 -1 0 0 1 0 0.166015625 1 0 0 0 0 0 0 1 0 0 -1 0 0 1 0 0.166015625 1 0 0 0 0 0 0 1 0 0 -1 0 0 1 0 0.166015625 1 0 0 0 0 0 0 1 0 0 -1 0 0 1 0 0.166015625 1 0 0 0 0 0 0 1 0 0 -1 0 0 1 0 0.166015625 1 0 0 0 0 0 0 1 0 0 -1 0 0 1 0 0.166015625 1 0 0 0 0 0 0 1 0 0 -1 0 0 1 0 0.166015625 1 0 0 0 0 0 0 1 0 0 -1 0 0 1 0 0.166015625 1 0 0 0 0 0 0 1 0 0 -1 0 0 1 0 0.166015625 1 0 0 0 0 0 0 1 0 0 -1 0 0 1 0 0.166015625 1 0 0 0 0 0 0 1 0 0 -1 0 0 1 0 0.166015625 1 0 0 0 0 0 0 1 0 0 -1 0 0 1 0 0.166015625 1 0 0 0 0 0 0 1 0 0 -1 0 0 1 0 0.166015625 1 0 0 0 0 0 0 1 0 0 -1 0 0 1 0 0.166015625 1 0 0 0 0 0 0 1 0 0 -1 0 0 1 0 0.166015625 1 0 0 0 0 0 0 1 0 0 -1 0 0 1 0 0.166015625 1 0 0 0 0 0 0 1 0 0 -1 0 0 1 0 0.166015625 1 0 0 0 0 0 0 1 0 0 -1 0 0 1 0 0.166015625 1 0 0 0 0 0 0 1 </float_array>
        <technique_common>
          <accessor source="#anim3-joint0-matrix-array" count="36" stride="16">
            <param name="TRANSFORM" type="float4x4"/>
          </accessor>
        </technique_common>
      </source>
      <source id="anim3-joint0-interpolation">
        <Name_array id="anim3-joint0-interpolation-array" count="36">LINEAR LINEAR LINEAR LINEAR LINEAR LINEAR LINEAR LINEAR LINEAR LINEAR LINEAR LINEAR LINEAR LINEAR LINEAR LINEAR LINEAR LINEAR LINEAR LINEAR LINEAR LINEAR LINEAR LINEAR LINEAR LINEAR LINEAR LINEAR LINEAR LINEAR LINEAR LINEAR LINEAR LINEAR LINEAR LINEAR </Name_array>
        <technique_common>
          <accessor source="#anim3-joint0-interpolation-array" count="36">
            <param name="INTERPOLATION" type="name"/>
          </accessor>
        </technique_common>
      </source>
      <sampler id="anim3-joint0-sampler">
        <input semantic="INPUT" source="#anim3-joint0-time"/>
        <input semantic="OUTPUT" source="#anim3-joint0-matrix"/>
        <input semantic="INTERPOLATION" source="#anim3-joint0-interpolation"/>
        </sampler>
      <channel source="#anim3-joint0-sampler" target="joint0/transform"/>
    </animation>
    <animation id="anim3-joint1">
      <source id="anim3-joint1-time">
        <float_array id="anim3-joint1-time-array" count="36">0 0.016666666666666666 0.03333333333333333 0.05 0.06666666666666667 0.08333333333333333 0.1 0.11666666666666667 0.13333333333333333 0.15 0.16666666666666666 0.18333333333333332 0.2 0.21666666666666667 0.23333333333333334 0.25 0.26666666666666666 0.2833333333333333 0.3 0.31666666666666665 0.3333333333333333 0.35 0.36666666666666664 0.3833333333333333 0.4 0.4166666666666667 0.43333333333333335 0.45 0.4666666666666667 0.48333333333333334 0.5 0.5166666666666666 0.5333333333333333 0.55 0.5666666666666667 0.5833333333333334 </float_array>
        <technique_common>
          <accessor source="#anim3-joint1-time-array" count="36">
            <param name="TIME" type="float"/>
          </accessor>
        </technique_common>
      </source>
      <source id="anim3-joint1-matrix">
        <float_array id="anim3-joint1-matrix-array" count="576">0 -0.379638671875 0 0 1.35302734375 0 0 0.058837890625 0 0 0.379638671875 0 0 0 0 1 0 -0.34423828125 0 0 1.1318359375 0 0 0.058837890625 0 0 0.34423828125 0 0 0 0 1 0 -0.31298828125 0 0 0.9326171875 0 0 0.058837890625 0 0 0.31298828125 0 0 0 0 1 0 -0.287109375 0 0 0.76318359375 0 0 0.058837890625 0 0 0.287109375 0 0 0 0 1 0 -0.26708984375 0 0 0.632080078125 0 0 0.058837890625 0 0 0.26708984375 0 0 0 0 1 0 -0.25439453125 0 0 0.54736328125 0 0 0.058837890625 0 0 0.25439453125 0 0 0 0 1 0 -0.25 0 0 0.517333984375 0 0 0.058837890625 0 0 0.25 0 0 0 0 1 0 -0.25439453125 0 0 0.521484375 0 0 0.058837890625 0 0 0.25439453125 0 0 0 0 1 0 -0.26708984375 0 0 0.532958984375 0 0 0.058837890625 0 0 0.26708984375 0 0 0 0 1 0 -0.287109375 0 0 0.551513671875 0 0 0.058837890625 0 0 0.287109375 0 0 0 0 1 0 -0.31298828125 0 0 0.576416015625 0 0 0.058837890625 0 0 0.31298828125 0 0 0 0 1 0 -0.34423828125 0 0 0.607177734375 0 0 0.058837890625 0 0 0.34423828125 0 0 0 0 1 0 -0.379638671875 0 0 0.64306640625 0 0 0.058837890625 0 0 0.379638671875 0 0 0 0 1 0 -0.41796875 0 0 0.68359375 0 0 0.058837890625 0 0 0.41796875 0 0 0 0 1 0 -0.45849609375 0 0 0.728515625 0 0 0.058837890625 0 0 0.45849609375 0 0 0 0 1 0 -0.5 0 0 0.77685546875 0 0 0.058837890625 0 0 0.5 0 0 0 0 1 0 -0.54150390625 0 0 0.828125 0 0 0.058837890625 0 0 0.54150390625 0 0 0 0 1 0 -0.58203125 0 0 0.881591796875 0 0 0.058837890625 0 0 0.58203125 0 0 0 0 1 0 -0.620361328125 0 0 0.937255859375 0 0 0.058837890625 0 0 0.620361328125 0 0 0 0 1 0 -0.65576171875 0 0 0.993896484375 0 0 0.058837890625 0 0 0.65576171875 0 0 0 0 1 0 -0.68701171875 0 0 1.05126953125 0 0 0.058837890625 0 0 0.68701171875 0 0 0 0 1 0 -0.712890625 0 0 1.108642578125 0 0 0.058837890625 0 0 0.712890625 0 0 0 0 1 0 -0.73291015625 0 0 1.16552734375 0 0 0.058837890625 0 0 0.73291015625 0 0 0 0 1 0 -0.74560546875 0 0 1.221435546875 0 0 0.058837890625 0 0 0.74560546875 0 0 0 0 1 0 -0.75 0 0 1.275634765625 0 0 0.058837890625 0 0 0.75 0 0 0 0 1 0 -0.74560546875 0 0 1.324951171875 0 0 0.058837890625 0 0 0.74560546875 0 0 0 0 1 0 -0.73291015625 0 0 1.366455078125 0 0 0.058837890625 0 0 0.73291015625 0 0 0 0 1 0 -0.712890625 0 0 1.401123046875 0 0 0.058837890625 0 0 0.712890625 0 0 0 0 1 0 -0.68701171875 0 0 1.429443359375 0 0 0.058837890625 0 0 0.68701171875 0 0 0 0 1 0 -0.6557617187499999 0 0 1.4519042968750002 0 0 0.058837890625 0 0 0.6557617187499999 0 0 0 0 1 0 -0.620361328125 0 0 1.468994140625 0 0 0.058837890625 0 0 0.620361328125 0 0 0 0 1 0 -0.58203125 0 0 1.48193359375 0 0 0.058837890625 0 0 0.58203125 0 0 0 0 1 0 -0.54150390625 0 0 1.49072265625 0 0 0.058837890625 0 0 0.54150390625 0 0 0 0 1 0 -0.5 0 0 1.496337890625 0 0 0.058837890625 0 0 0.5 0 0 0 0 1 0 -0.45849609375 0 0 1.499267578125 0 0 0.058837890625 0 0 0.45849609375 0 0 0 0 1 0 -0.41796875 0 0 1.5 0 0 0.058837890625 0 0 0.41796875 0 0 0 0 1 </float_array>
        <technique_common>
          <accessor source="#anim3-joint1-matrix-array" count="36" stride="16">
            <param name="TRANSFORM" type="float4x4"/>
          </accessor>
        </technique_common>
      </source>
      <source id="anim3-joint1-interpolation">
        <Name_array id="anim3-joint1-interpolation-array" count="36">LINEAR LINEAR LINEAR LINEAR LINEAR LINEAR LINEAR LINEAR LINEAR LINEAR LINEAR LINEAR LINEAR LINEAR LINEAR LINEAR LINEAR LINEAR LINEAR LINEAR LINEAR LINEAR LINEAR LINEAR LINEAR LINEAR LINEAR LINEAR LINEAR LINEAR LINEAR LINEAR LINEAR LINEAR LINEAR LINEAR </Name_array>
        <technique_common>
          <accessor source="#anim3-joint1-interpolation-array" count="36">
            <param name="INTERPOLATION" type="name"/>
          </accessor>
        </technique_common>
      </source>
      <sampler id="anim3-joint1-sampler">
        <input semantic="INPUT" source="#anim3-joint1-time"/>
        <input semantic="OUTPUT" source="#anim3-joint1-matrix"/>
        <input semantic="INTERPOLATION" source="#anim3-joint1-interpolation"/>
        </sampler>
      <channel source="#anim3-joint1-sampler" target="joint1/transform"/>
    </animation>
    <animation id="anim3-joint2">
      <source id="anim3-joint2-time">
        <float_array id="anim3-joint2-time-array" count="36">0 0.016666666666666666 0.03333333333333333 0.05 0.06666666666666667 0.08333333333333333 0.1 0.11666666666666667 0.13333333333333333 0.15 0.16666666666666666 0.18333333333333332 0.2 0.21666666666666667 0.23333333333333334 0.25 0.26666666666666666 0.2833333333333333 0.3 0.31666666666666665 0.3333333333333333 0.35 0.36666666666666664 0.3833333333333333 0.4 0.4166666666666667 0.43333333333333335 0.45 0.4666666666666667 0.48333333333333334 0.5 0.5166666666666666 0.5333333333333333 0.55 0.5666666666666667 0.5833333333333334 </float_array>
        <technique_common>
          <accessor source="#anim3-joint2-time-array" count="36">
            <param name="TIME" type="float"/>
          </accessor>
        </technique_common>
      </source>
      <source id="anim3-joint2-matrix">
        <float_array id="anim3-joint2-matrix-array" count="576">0.0009765625 0 0 0.10498046875 0 0.0009765625 0 0 0 0 0.0009765625 0 0 0 0 1 0.0009765625 0 0 0.10498046875 0 0.0009765625 0 0 0 0 0.0009765625 0 0 0 0 1 0.0009765625 0 0 0.10498046875 0 0.0009765625 0 0 0 0 0.0009765625 0 0 0 0 1 0.0009765625 0 0 0.10498046875 0 0.0009765625 0 0 0 0 0.0009765625 0 0 0 0 1 0.0009765625 0 0 0.10498046875 0 0.0009765625 0 0 0 0 0.0009765625 0 0 0 0 1 0.0009765625 0 0 0.10498046875 0 0.0009765625 0 0 0 0 0.0009765625 0 0 0 0 1 0.0009765625 0 0 0.10498046875 0 0.0009765625 0 0 0 0 0.0009765625 0 0 0 0 1 0.0009765625 0 0 0.10498046875 0 0.0009765625 0 0 0 0 0.0009765625 0 0 0 0 1 0.0009765625 0 0 0.10498046875 0 0.0009765625 0 0 0 0 0.0009765625 0 0 0 0 1 0.0009765625 0 0 0.10498046875 0 0.0009765625 0 0 0 0 0.0009765625 0 0 0 0 1 0.0009765625 0 0 0.10498046875 0 0.0009765625 0 0 0 0 0.0009765625 0 0 0 0 1 0.0009765625 0 0 0.10498046875 0 0.0009765625 0 0 0 0 0.0009765625 0 0 0 0 1 0.0009765625 0 0 0.10498046875 0 0.0009765625 0 0 0 0 0.0009765625 0 0 0 0 1 0.0009765625 0 0 0.10498046875 0 0.0009765625 0 0 0 0 0.0009765625 0 0 0 0 1 0.0009765625 0 0 0.10498046875 0 0.0009765625 0 0 0 0 0.0009765625 0 0 0 0 1 0.0009765625 0 0 0.10498046875 0 0.0009765625 0 0 0 0 0.0009765625 0 0 0 0 1 0.0009765625 0 0 0.10498046875 0 0.0009765625 0 0 0 0 0.0009765625 0 0 0 0 1 0.0009765625 0 0 0.10498046875 0 0.0009765625 0 0 0 0 0.0009765625 0 0 0 0 1 0.0009765625 0 0 0.10498046875 0 0.0009765625 0 0 0 0 0.0009765625 0 0 0 0 1 0.0009765625 0 0 0.10498046875 0 0.0009765625 0 0 0 0 0.0009765625 0 0 0 0 1 0.0009765625 0 0 0.10498046875 0 0.0009765625 0 0 0 0 0.0009765625 0 0 0 0 1 0.0009765625 0 0 0.10498046875 0 0.0009765625 0 0 0 0 0.0009765625 0 0 0 0 1 0.0009765625 0 0 0.10498046875 0 0.0009765625 0 0 0 0 0.0009765625 0 0 0 0 1 0.0009765625 0 0 0.10498046875 0 0.0009765625 0 0 0 0 0.0009765625 0 0 0 0 1 0.0009765625 0 0 0.10498046875 0 0.0009765625 0 0 0 0 0.0009765625 0 0 0 0 1 0.0009765625 0 0 0.10498046875 0 0.0009765625 0 0 0 0 0.0009765625 0 0 0 0 1 0.0009765625 0 0 0.10498046875 0 0.0009765625 0 0 0 0 0.0009765625 0 0 0 0 1 0.0009765625 0 0 0.10498046875 0 0.0009765625 0 0 0 0 0.0009765625 0 0 0 0 1 0.0009765625 0 0 0.10498046875 0 0.0009765625 0 0 0 0 0.0009765625 0 0 0 0 1 0.0009765625 0 0 0.10498046875 0 0.0009765625 0 0 0 0 0.0009765625 0 0 0 0 1 0.0009765625 0 0 0.10498046875 0 0.0009765625 0 0 0 0 0.0009765625 0 0 0 0 1 0.0009765625 0 0 0.10498046875 0 0.0009765625 0 0 0 0 0.0009765625 0 0 0 0 1 0.0009765625 0 0 0.10498046875 0 0.0009765625 0 0 0 0 0.0009765625 0 0 0 0 1 0.0009765625 0 0 0.10498046875 0 0.0009765625 0 0 0 0 0.0009765625 0 0 0 0 1 0.0009765625 0 0 0.10498046875 0 0.0009765625 0 0 0 0 0.0009765625 0 0 0 0 1 0.0009765625 0 0 0.10498046875 0 0.0009765625 0 0 0 0 0.0009765625 0 0 0 0 1 </float_array>
        <technique_common>
          <accessor source="#anim3-joint2-matrix-array" count="36" stride="16">
            <param name="TRANSFORM" type="float4x4"/>
          </accessor>
        </technique_common>
      </source>
      <source id="anim3-joint2-interpolation">
        <Name_array id="anim3-joint2-interpolation-array" count="36">LINEAR LINEAR LINEAR LINEAR LINEAR LINEAR LINEAR LINEAR LINEAR LINEAR LINEAR LINEAR LINEAR LINEAR LINEAR LINEAR LINEAR LINEAR LINEAR LINEAR LINEAR LINEAR LINEAR LINEAR LINEAR LINEAR LINEAR LINEAR LINEAR LINEAR LINEAR LINEAR LINEAR LINEAR LINEAR LINEAR </Name_array>
        <technique_common>
          <accessor source="#anim3-joint2-interpolation-array" count="36">
            <param name="INTERPOLATION" type="name"/>
          </accessor>
        </technique_common>
      </source>
      <sampler id="anim3-joint2-sampler">
        <input semantic="INPUT" source="#anim3-joint2-time"/>
        <input semantic="OUTPUT" source="#anim3-joint2-matrix"/>
        <input semantic="INTERPOLATION" source="#anim3-joint2-interpolation"/>
        </sampler>
      <channel source="#anim3-joint2-sampler" target="joint2/transform"/>
    </animation>
    <animation id="anim3-joint3">
      <source id="anim3-joint3-time">
        <float_array id="anim3-joint3-time-array" count="36">0 0.016666666666666666 0.03333333333333333 0.05 0.06666666666666667 0.08333333333333333 0.1 0.11666666666666667 0.13333333333333333 0.15 0.16666666666666666 0.18333333333333332 0.2 0.21666666666666667 0.23333333333333334 0.25 0.26666666666666666 0.2833333333333333 0.3 0.31666666666666665 0.3333333333333333 0.35 0.36666666666666664 0.3833333333333333 0.4 0.4166666666666667 0.43333333333333335 0.45 0.4666666666666667 0.48333333333333334 0.5 0.5166666666666666 0.5333333333333333 0.55 0.5666666666666667 0.5833333333333334 </float_array>
        <technique_common>
          <accessor source="#anim3-joint3-time-array" count="36">
            <param name="TIME" type="float"/>
          </accessor>
        </technique_common>
      </source>
      <source id="anim3-joint3-matrix">
        <float_array id="anim3-joint3-matrix-array" count="576">0 3.4443359375 0 0 -0.7568359375 0 0 -0.046142578125 0 0 3.5 0 0 0 0 1 0 3.474365234375 0 0 -0.80908203125 0 0 -0.046142578125 0 0 3.484375 0 0 0 0 1 0 3.493408203125 0 0 -0.8681640625 0 0 -0.046142578125 0 0 3.43994140625 0 0 0 0 1 0 3.5 0 0 -0.932373046875 0 0 -0.046142578125 0 0 3.370361328125 0 0 0 0 1 0 3.484375 0 0 -1.000732421875 0 0 -0.046142578125 0 0 3.279052734375 0 0 0 0 1 0 3.43994140625 0 0 -1.072509765625 0 0 -0.046142578125 0 0 3.169921875 0 0 0 0 1 0 3.370361328125 0 0 -1.14599609375 0 0 -0.046142578125 0 0 3.04638671875 0 0 0 0 1 0 3.279052734375 0 0 -1.22021484375 0 0 -0.046142578125 0 0 2.911865234375 0 0 0 0 1 0 3.169921875 0 0 -1.2939453125 0 0 -0.046142578125 0 0 2.770263671875 0 0 0 0 1 0 3.04638671875 0 0 -1.366455078125 0 0 -0.046142578125 0 0 2.625 0 0 0 0 1 0 2.911865234375 0 0 -1.43603515625 0 0 -0.046142578125 0 0 2.479736328125 0 0 0 0 1 0 2.770263671875 0 0 -1.501708984375 0 0 -0.046142578125 0 0 2.338134765625 0 0 0 0 1 0 2.625 0 0 -1.5625 0 0 -0.046142578125 0 0 2.20361328125 0 0 0 0 1 0 2.479736328125 0 0 -1.6171875 0 0 -0.046142578125 0 0 2.080078125 0 0 0 0 1 0 2.338134765625 0 0 -1.664306640625 0 0 -0.046142578125 0 0 1.970947265625 0 0 0 0 1 0 2.20361328125 0 0 -1.703125 0 0 -0.046142578125 0 0 1.879638671875 0 0 0 0 1 0 2.080078125 0 0 -1.732177734375 0 0 -0.046142578125 0 0 1.81005859375 0 0 0 0 1 0 1.970947265625 0 0 -1.75048828125 0 0 -0.046142578125 0 0 1.765625 0 0 0 0 1 0 1.879638671875 0 0 -1.7568359375 0 0 -0.046142578125 0 0 1.75 0 0 0 0 1 0 1.81005859375 0 0 -1.7509765625 0 0 -0.046142578125 0 0 1.765625 0 0 0 0 1 0 1.765625 0 0 -1.733642578125 0 0 -0.046142578125 0 0 1.81005859375 0 0 0 0 1 0 1.75 0 0 -1.7060546875 0 0 -0.046142578125 0 0 1.879638671875 0 0 0 0 1 0 1.76953125 0 0 -1.669189453125 0 0 -0.046142578125 0 0 1.970947265625 0 0 0 0 1 0 1.82421875 0 0 -1.6240234375 0 0 -0.046142578125 0 0 2.080078125 0 0 0 0 1 0 1.90966796875 0 0 -1.57177734375 0 0 -0.046142578125 0 0 2.20361328125 0 0 0 0 1 0 2.02001953125 0 0 -1.51318359375 0 0 -0.046142578125 0 0 2.338134765625 0 0 0 0 1 0 2.150634765625 0 0 -1.44970703125 0 0 -0.046142578125 0 0 2.479736328125 0 0 0 0 1 0 2.29638671875 0 0 -1.3818359375 0 0 -0.046142578125 0 0 2.625 0 0 0 0 1 0 2.4521484375 0 0 -1.31103515625 0 0 -0.046142578125 0 0 2.770263671875 0 0 0 0 1 0 2.6127929687500004 0 0 -1.2382812499999998 0 0 -0.046142578125 0 0 2.9118652343750004 0 0 0 0 1 0 2.77294921875 0 0 -1.164306640625 0 0 -0.046142578125 0 0 3.04638671875 0 0 0 0 1 0 2.927978515625 0 0 -1.09033203125 0 0 -0.046142578125 0 0 3.169921875 0 0 0 0 1 0 3.072509765625 0 0 -1.017578125 0 0 -0.046142578125 0 0 3.279052734375 0 0 0 0 1 0 3.20166015625 0 0 -0.94677734375 0 0 -0.046142578125 0 0 3.370361328125 0 0 0 0 1 0 3.31005859375 0 0 -0.87890625 0 0 -0.046142578125 0 0 3.43994140625 0 0 0 0 1 0 3.392578125 0 0 -0.8154296875 0 0 -0.046142578125 0 0 3.484375 0 0 0 0 1 </float_array>
        <technique_common>
          <accessor source="#anim3-joint3-matrix-array" count="36" stride="16">
            <param name="TRANSFORM" type="float4x4"/>
          </accessor>
        </technique_common>
      </source>
      <source id="anim3-joint3-interpolation">
        <Name_array id="anim3-joint3-interpolation-array" count="36">LINEAR LINEAR LINEAR LINEAR LINEAR LINEAR LINEAR LINEAR LINEAR LINEAR LINEAR LINEAR LINEAR LINEAR LINEAR LINEAR LINEAR LINEAR LINEAR LINEAR LINEAR LINEAR LINEAR LINEAR LINEAR LINEAR LINEAR LINEAR LINEAR LINEAR LINEAR LINEAR LINEAR LINEAR LINEAR LINEAR </Name_array>
        <technique_common>
          <accessor source="#anim3-joint3-interpolation-array" count="36">
            <param name="INTERPOLATION" type="name"/>
          </accessor>
        </technique_common>
      </source>
      <sampler id="anim3-joint3-sampler">
        <input semantic="INPUT" source="#anim3-joint3-time"/>
        <input semantic="OUTPUT" source="#anim3-joint3-matrix"/>
        <input semantic="INTERPOLATION" source="#anim3-joint3-interpolation"/>
        </sampler>
      <channel source="#anim3-joint3-sampler" target="joint3/transform"/>
    </animation>
    <animation id="anim4-joint0">
      <source id="anim4-joint0-time">
        <float_array id="anim4-joint0-time-array" count="33">0 0.016666666666666666 0.03333333333333333 0.05 0.06666666666666667 0.08333333333333333 0.1 0.11666666666666667 0.13333333333333333 0.15 0.16666666666666666 0.18333333333333332 0.2 0.21666666666666667 0.23333333333333334 0.25 0.26666666666666666 0.2833333333333333 0.3 0.31666666666666665 0.3333333333333333 0.35 0.36666666666666664 0.3833333333333333 0.4 0.4166666666666667 0.43333333333333335 0.45 0.4666666666666667 0.48333333333333334 0.5 0.5166666666666666 0.5333333333333333 </float_array>
        <technique_common>
          <accessor source="#anim4-joint0-time-array" count="33">
            <param name="TIME" type="float"/>
          </accessor>
        </technique_common>
      </source>
      <source id="anim4-joint0-matrix">
        <float_array id="anim4-joint0-matrix-array" count="528">0 0 -1 0 0 1 0 0.166015625 1 0 0 0 0 0 0 1 0 0 -1 0 0 1 0 0.166015625 1 0 0 0 0 0 0 1 0 0 -1 0 0 1 0 0.166015625 1 0 0 0 0 0 0 1 0 0 -1 0 0 1 0 0.166015625 1 0 0 0 0 0 0 1 0 0 -1 0 0 1 0 0.166015625 1 0 0 0 0 0 0 1 0 0 -1 0 0 1 0 0.166015625 1 0 0 0 0 0 0 1 0 0 -1 0 0 1 0 0.166015625 1 0 0 0 0 0 0 1 0 0 -1 0 0 1 0 0.166015625 1 0 0 0 0 0 0 1 0 0 -1 0 0 1 0 0.166015625 1 0 0 0 0 0 0 1 0 0 -1 0 0 1 0 0.166015625 1 0 0 0 0 0 0 1 0 0 -1 0 0 1 0 0.166015625 1 0 0 0 0 0 0 1 0 0 -1 0 0 1 0 0.166015625 1 0 0 0 0 0 0 1 0 0 -1 0 0 1 0 0.166015625 1 0 0 0 0 0 0 1 0 0 -1 0 0 1 0 0.166015625 1 0 0 0 0 0 0 1 0 0 -1 0 0 1 0 0.166015625 1 0 0 0 0 0 0 1 0 0 -1 0 0 1 0 0.166015625 1 0 0 0 0 0 0 1 0 0 -1 0 0 1 0 0.166015625 1 0 0 0 0 0 0 1 0 0 -1 0 0 1 0 0.166015625 1 0 0 0 0 0 0 1 0 0 -1 0 0 1 0 0.166015625 1 0 0 0 0 0 0 1 0 0 -1 0 0 1 0 0.166015625 1 0 0 0 0 0 0 1 0 0 -1 0 0 1 0 0.166015625 1 0 0 0 0 0 0 1 0 0 -1 0 0 1 0 0.166015625 1 0 0 0 0 0 0 1 0 0 -1 0 0 1 0 0.166015625 1 0 0 0 0 0 0 1 0 0 -1 0 0 1 0 0.166015625 1 0 0 0 0 0 0 1 0 0 -1 0 0 1 0 0.166015625 1 0 0 0 0 0 0 1 0 0 -1 0 0 1 0 0.166015625 1 0 0 0 0 0 0 1 0 0 -1 0 0 1 0 0.166015625 1 0 0 0 0 0 0 1 0 0 -1 0 0 1 0 0.166015625 1 0 0 0 0 0 0 1 0 0 -1 0 0 1 0 0.166015625 1 0 0 0 0 0 0 1 0 0 -1 0 0 1 0 0.166015625 1 0 0 0 0 0 0 1 0 0 -1 0 0 1 0 0.166015625 1 0 0 0 0 0 0 1 0 0 -1 0 0 1 0 0.166015625 1 0 0 0 0 0 0 1 0 0 -1 0 0 1 0 0.166015625 1 0 0 0 0 0 0 1 </float_array>
        <technique_common>
          <accessor source="#anim4-joint0-matrix-array" count="33" stride="16">
            <param name="TRANSFORM" type="float4x4"/>
          </accessor>
        </technique_common>
      </source>
      <source id="anim4-joint0-interpolation">
        <Name_array id="anim4-joint0-interpolation-array" count="33">LINEAR LINEAR LINEAR LINEAR LINEAR LINEAR LINEAR LINEAR LINEAR LINEAR LINEAR LINEAR LINEAR LINEAR LINEAR LINEAR LINEAR LINEAR LINEAR LINEAR LINEAR LINEAR LINEAR LINEAR LINEAR LINEAR LINEAR LINEAR LINEAR LINEAR LINEAR LINEAR LINEAR </Name_array>
        <technique_common>
          <accessor source="#anim4-joint0-interpolation-array" count="33">
            <param name="INTERPOLATION" type="name"/>
          </accessor>
        </technique_common>
      </source>
      <sampler id="anim4-joint0-sampler">
        <input semantic="INPUT" source="#anim4-joint0-time"/>
        <input semantic="OUTPUT" source="#anim4-joint0-matrix"/>
        <input semantic="INTERPOLATION" source="#anim4-joint0-interpolation"/>
        </sampler>
      <channel source="#anim4-joint0-sampler" target="joint0/transform"/>
    </animation>
    <animation id="anim4-joint1">
      <source id="anim4-joint1-time">
        <float_array id="anim4-joint1-time-array" count="33">0 0.016666666666666666 0.03333333333333333 0.05 0.06666666666666667 0.08333333333333333 0.1 0.11666666666666667 0.13333333333333333 0.15 0.16666666666666666 0.18333333333333332 0.2 0.21666666666666667 0.23333333333333334 0.25 0.26666666666666666 0.2833333333333333 0.3 0.31666666666666665 0.3333333333333333 0.35 0.36666666666666664 0.3833333333333333 0.4 0.4166666666666667 0.43333333333333335 0.45 0.4666666666666667 0.48333333333333334 0.5 0.5166666666666666 0.5333333333333333 </float_array>
        <technique_common>
          <accessor source="#anim4-joint1-time-array" count="33">
            <param name="TIME" type="float"/>
          </accessor>
        </technique_common>
      </source>
      <source id="anim4-joint1-matrix">
        <float_array id="anim4-joint1-matrix-array" count="528">0 -0.379638671875 0 0 1.35302734375 0 0 0.058837890625 0 0 0.379638671875 0 0 0 0 1 0 -0.38671875 0 0 1.192626953125 0 0 0.058837890625 0 0 0.38671875 0 0 0 0 1 0 -0.46484375 0 0 1.148193359375 0 0 0.058837890625 0 0 0.46484375 0 0 0 0 1 0 -0.58740234375 0 0 1.186279296875 0 0 0.058837890625 0 0 0.58740234375 0 0 0 0 1 0 -0.728515625 0 0 1.273681640625 0 0 0.058837890625 0 0 0.728515625 0 0 0 0 1 0 -0.86181640625 0 0 1.377197265625 0 0 0.058837890625 0 0 0.86181640625 0 0 0 0 1 0 -0.961181640625 0 0 1.4638671875 0 0 0.058837890625 0 0 0.961181640625 0 0 0 0 1 0 -1 0 0 1.5 0 0 0.058837890625 0 0 1 0 0 0 0 1 0 -0.9443359375 0 0 1.407470703125 0 0 0.058837890625 0 0 0.9443359375 0 0 0 0 1 0 -0.8056640625 0 0 1.176025390625 0 0 0.058837890625 0 0 0.8056640625 0 0 0 0 1 0 -0.625 0 0 0.875 0 0 0.058837890625 0 0 0.625 0 0 0 0 1 0 -0.4443359375 0 0 0.573974609375 0 0 0.058837890625 0 0 0.4443359375 0 0 0 0 1 0 -0.3056640625 0 0 0.342529296875 0 0 0.058837890625 0 0 0.3056640625 0 0 0 0 1 0 -0.25 0 0 0.25 0 0 0.058837890625 0 0 0.25 0 0 0 0 1 0 -0.327880859375 0 0 0.3798828125 0 0 0.058837890625 0 0 0.327880859375 0 0 0 0 1 0 -0.513916015625 0 0 0.68994140625 0 0 0.058837890625 0 0 0.513916015625 0 0 0 0 1 0 -0.736083984375 0 0 1.06005859375 0 0 0.058837890625 0 0 0.736083984375 0 0 0 0 1 0 -0.922119140625 0 0 1.3701171875 0 0 0.058837890625 0 0 0.922119140625 0 0 0 0 1 0 -1 0 0 1.5 0 0 0.058837890625 0 0 1 0 0 0 0 1 0 -0.95849609375 0 0 1.4306640625 0 0 0.058837890625 0 0 0.95849609375 0 0 0 0 1 0 -0.851318359375 0 0 1.252197265625 0 0 0.058837890625 0 0 0.851318359375 0 0 0 0 1 0 -0.704833984375 0 0 1.008056640625 0 0 0.058837890625 0 0 0.704833984375 0 0 0 0 1 0 -0.545166015625 0 0 0.741943359375 0 0 0.058837890625 0 0 0.545166015625 0 0 0 0 1 0 -0.398681640625 0 0 0.497802734375 0 0 0.058837890625 0 0 0.398681640625 0 0 0 0 1 0 -0.29150390625 0 0 0.3193359375 0 0 0.058837890625 0 0 0.29150390625 0 0 0 0 1 -0.0042724609375 -0.24993896484375 0.000002086162567138672 0 0.24993896484375 -0.0042724609375 -0.0001220405101776123 0.058837890625 0.0001220703125 0 0.24995096027851105 0 0 0 0 1 -0.0999755859375 -0.341860294342041 0.000046304252464324236 0 1.621826171875 -0.021073579788208008 -0.0007511578733101487 0.058837890625 0.003570556640625 0 0.3424891175236553 0 0 0 0 1 -0.372802734375 -0.5694904327392578 0.0003656872868305072 0 2.9765625 -0.07132643461227417 -0.00291975075379014 0.058837890625 0.015380859375 0 0.5739048520190408 0 0 0 0 1 -0.5153405070304871 -0.858123779296875 0.0016251727938652039 0 2.5908921360969543 -0.170684814453125 -0.008170612156391144 0.058837890625 0.025154292583465576 0 0.8748682588338852 0 0 0 0 1 -0.4901420474052429 -1.1341065168380737 0.004711050656624138 0 1.787683367729187 -0.3112332820892334 -0.01716665137792006 0.058837890625 0.028059840202331543 0 1.1759732387727126 0 0 0 0 1 -0.34454965591430664 -1.331874132156372 0.010329764045309275 0 1.0084062814712524 -0.4549539089202881 -0.030240306223277003 0.058837890625 0.02420175075531006 0 1.4070730560342781 0 0 0 0 1 -0.25659888982772827 -1.3978271484375 0.017404496669769287 0 0.6592085957527161 -0.544189453125 -0.04470589756965637 0.058837890625 0.022635996341705322 0 1.4992265403270721 0 0 0 0 1 -0.511138916015625 -1.2024319767951965 0.014852091306238435 0 1.2628725171089172 -0.48673635721206665 -0.036690559980343096 0.058837890625 0.04359322786331177 0 1.2370495219220174 0 0 0 0 1 </float_array>
        <technique_common>
          <accessor source="#anim4-joint1-matrix-array" count="33" stride="16">
            <param name="TRANSFORM" type="float4x4"/>
          </accessor>
        </technique_common>
      </source>
      <source id="anim4-joint1-interpolation">
        <Name_array id="anim4-joint1-interpolation-array" count="33">LINEAR LINEAR LINEAR LINEAR LINEAR LINEAR LINEAR LINEAR LINEAR LINEAR LINEAR LINEAR LINEAR LINEAR LINEAR LINEAR LINEAR LINEAR LINEAR LINEAR LINEAR LINEAR LINEAR LINEAR LINEAR LINEAR LINEAR LINEAR LINEAR LINEAR LINEAR LINEAR LINEAR </Name_array>
        <technique_common>
          <accessor source="#anim4-joint1-interpolation-array" count="33">
            <param name="INTERPOLATION" type="name"/>
          </accessor>
        </technique_common>
      </source>
      <sampler id="anim4-joint1-sampler">
        <input semantic="INPUT" source="#anim4-joint1-time"/>
        <input semantic="OUTPUT" source="#anim4-joint1-matrix"/>
        <input semantic="INTERPOLATION" source="#anim4-joint1-interpolation"/>
        </sampler>
      <channel source="#anim4-joint1-sampler" target="joint1/transform"/>
    </animation>
    <animation id="anim4-joint2">
      <source id="anim4-joint2-time">
        <float_array id="anim4-joint2-time-array" count="33">0 0.016666666666666666 0.03333333333333333 0.05 0.06666666666666667 0.08333333333333333 0.1 0.11666666666666667 0.13333333333333333 0.15 0.16666666666666666 0.18333333333333332 0.2 0.21666666666666667 0.23333333333333334 0.25 0.26666666666666666 0.2833333333333333 0.3 0.31666666666666665 0.3333333333333333 0.35 0.36666666666666664 0.3833333333333333 0.4 0.4166666666666667 0.43333333333333335 0.45 0.4666666666666667 0.48333333333333334 0.5 0.5166666666666666 0.5333333333333333 </float_array>
        <technique_common>
          <accessor source="#anim4-joint2-time-array" count="33">
            <param name="TIME" type="float"/>
          </accessor>
        </technique_common>
      </source>
      <source id="anim4-joint2-matrix">
        <float_array id="anim4-joint2-matrix-array" count="528">0.0009765625 0 0 0.10498046875 0 0.0009765625 0 0 0 0 0.0009765625 0 0 0 0 1 0.0009765625 0 0 0.10498046875 0 0.0009765625 0 0 0 0 0.0009765625 0 0 0 0 1 0.0009765625 0 0 0.10498046875 0 0.0009765625 0 0 0 0 0.0009765625 0 0 0 0 1 0.0009765625 0 0 0.10498046875 0 0.0009765625 0 0 0 0 0.0009765625 0 0 0 0 1 0.0009765625 0 0 0.10498046875 0 0.0009765625 0 0 0 0 0.0009765625 0 0 0 0 1 0.0009765625 0 0 0.10498046875 0 0.0009765625 0 0 0 0 0.0009765625 0 0 0 0 1 0.0009765625 0 0 0.10498046875 0 0.0009765625 0 0 0 0 0.0009765625 0 0 0 0 1 0.0009765625 0 0 0.10498046875 0 0.0009765625 0 0 0 0 0.0009765625 0 0 0 0 1 0.0009765625 0 0 0.10498046875 0 0.0009765625 0 0 0 0 0.0009765625 0 0 0 0 1 0.0009765625 0 0 0.10498046875 0 0.0009765625 0 0 0 0 0.0009765625 0 0 0 0 1 0.0009765625 0 0 0.10498046875 0 0.0009765625 0 0 0 0 0.0009765625 0 0 0 0 1 0.0009765625 0 0 0.10498046875 0 0.0009765625 0 0 0 0 0.0009765625 0 0 0 0 1 0.0009765625 0 0 0.10498046875 0 0.0009765625 0 0 0 0 0.0009765625 0 0 0 0 1 0.0009765625 0 0 0.10498046875 0 0.0009765625 0 0 0 0 0.0009765625 0 0 0 0 1 0.0009765625 0 0 0.10498046875 0 0.0009765625 0 0 0 0 0.0009765625 0 0 0 0 1 0.0009765625 0 0 0.10498046875 0 0.0009765625 0 0 0 0 0.0009765625 0 0 0 0 1 0.0009765625 0 0 0.10498046875 0 0.0009765625 0 0 0 0 0.0009765625 0 0 0 0 1 0.0009765625 0 0 0.10498046875 0 0.0009765625 0 0 0 0 0.0009765625 0 0 0 0 1 0.0009765625 0 0 0.10498046875 0 0.0009765625 0 0 0 0 0.0009765625 0 0 0 0 1 0.0009765625 0 0 0.10498046875 0 0.0009765625 0 0 0 0 0.0009765625 0 0 0 0 1 0.0009765625 0 0 0.10498046875 0 0.0009765625 0 0 0 0 0.0009765625 0 0 0 0 1 0.0009765625 0 0 0.10498046875 0 0.0009765625 0 0 0 0 0.0009765625 0 0 0 0 1 0.0009765625 0 0 0.10498046875 0 0.0009765625 0 0 0 0 0.0009765625 0 0 0 0 1 0.0009765625 0 0 0.10498046875 0 0.0009765625 0 0 0 0 0.0009765625 0 0 0 0 1 0.0009765625 0 0 0.10498046875 0 0.0009765625 0 0 0 0 0.0009765625 0 0 0 0 1 0.0009765625 0 -0.0000007152557373046875 0.10498046875 0 0.0009765625 0 0 0.0000007152557373046875 0 0.0009765625 0 0 0 0 1 1.5001219511032104 0.00023221969604492188 -0.0005991187936160713 0.10498046875 -0.0014653205871582031 0.23773491382598877 0.0000005852198228240013 0 0.004029631614685059 0 0.2230358000670094 0 0 0 0 1 2.999267578125 0.003143787384033203 -0.0037227122811600566 0.10498046875 -0.013916015625 0.6775689125061035 0.000017272657714784145 0 0.017578125 0 0.6352014571602922 0 0 0 0 1 2.6551133394241333 0.011387228965759277 -0.0087922798411455 0.10498046875 -0.03306734561920166 0.9143275022506714 0.00010950092109851539 0 0.027231931686401367 0 0.8573802499158774 0 0 0 0 1 1.8975105285644531 0.02785778045654297 -0.015998748131096363 0.10498046875 -0.04959297180175781 1.066145896911621 0.00041803810745477676 0 0.0296630859375 0 1.0241188269719714 0 0 0 0 1 1.139441728591919 0.06418168544769287 -0.029589847283205017 0.10498046875 -0.05432546138763428 1.3464988470077515 0.0014104180445428938 0 0.025351881980895996 0 1.3329396363405976 0 0 0 0 1 0.7943946123123169 0.1168212890625 -0.0441817045211792 0.10498046875 -0.062080323696136475 1.49560546875 0.003451019525527954 0 0.023547708988189697 0 1.4995916783809662 0 0 0 0 1 0.8616237640380859 0.15195876359939575 -0.04634355747839436 0.10498046875 -0.10325068235397339 1.269027292728424 0.005549376073759049 0 0.03286212682723999 0 1.2325339596136473 0 0 0 0 1 </float_array>
        <technique_common>
          <accessor source="#anim4-joint2-matrix-array" count="33" stride="16">
            <param name="TRANSFORM" type="float4x4"/>
          </accessor>
        </technique_common>
      </source>
      <source id="anim4-joint2-interpolation">
        <Name_array id="anim4-joint2-interpolation-array" count="33">LINEAR LINEAR LINEAR LINEAR LINEAR LINEAR LINEAR LINEAR LINEAR LINEAR LINEAR LINEAR LINEAR LINEAR LINEAR LINEAR LINEAR LINEAR LINEAR LINEAR LINEAR LINEAR LINEAR LINEAR LINEAR LINEAR LINEAR LINEAR LINEAR LINEAR LINEAR LINEAR LINEAR </Name_array>
        <technique_common>
          <accessor source="#anim4-joint2-interpolation-array" count="33">
            <param name="INTERPOLATION" type="name"/>
          </accessor>
        </technique_common>
      </source>
      <sampler id="anim4-joint2-sampler">
        <input semantic="INPUT" source="#anim4-joint2-time"/>
        <input semantic="OUTPUT" source="#anim4-joint2-matrix"/>
        <input semantic="INTERPOLATION" source="#anim4-joint2-interpolation"/>
        </sampler>
      <channel source="#anim4-joint2-sampler" target="joint2/transform"/>
    </animation>
    <animation id="anim4-joint3">
      <source id="anim4-joint3-time">
        <float_array id="anim4-joint3-time-array" count="33">0 0.016666666666666666 0.03333333333333333 0.05 0.06666666666666667 0.08333333333333333 0.1 0.11666666666666667 0.13333333333333333 0.15 0.16666666666666666 0.18333333333333332 0.2 0.21666666666666667 0.23333333333333334 0.25 0.26666666666666666 0.2833333333333333 0.3 0.31666666666666665 0.3333333333333333 0.35 0.36666666666666664 0.3833333333333333 0.4 0.4166666666666667 0.43333333333333335 0.45 0.4666666666666667 0.48333333333333334 0.5 0.5166666666666666 0.5333333333333333 </float_array>
        <technique_common>
          <accessor source="#anim4-joint3-time-array" count="33">
            <param name="TIME" type="float"/>
          </accessor>
        </technique_common>
      </source>
      <source id="anim4-joint3-matrix">
        <float_array id="anim4-joint3-matrix-array" count="528">0 3.4443359375 0 0 -0.7568359375 0 0 -0.046142578125 0 0 3.5 0 0 0 0 1 0 3.211669921875 0 0 -0.724853515625 0 0 -0.046142578125 0 0 3.239990234375 0 0 0 0 1 0 2.606689453125 0 0 -0.71240234375 0 0 -0.046142578125 0 0 2.6201171875 0 0 0 0 1 0 1.87353515625 0 0 -0.71435546875 0 0 -0.046142578125 0 0 1.8798828125 0 0 0 0 1 0 1.256591796875 0 0 -0.724853515625 0 0 -0.046142578125 0 0 1.260009765625 0 0 0 0 1 0 1 0 0 -0.739013671875 0 0 -0.046142578125 0 0 1 0 0 0 0 1 0 1.185302734375 0 0 -0.75146484375 0 0 -0.046142578125 0 0 1.185302734375 0 0 0 0 1 0 1.648193359375 0 0 -0.7568359375 0 0 -0.046142578125 0 0 1.648193359375 0 0 0 0 1 0 2.25 0 0 -0.7568359375 0 0 -0.046142578125 0 0 2.25 0 0 0 0 1 0 2.851806640625 0 0 -0.7568359375 0 0 -0.046142578125 0 0 2.851806640625 0 0 0 0 1 0 3.314697265625 0 0 -0.7568359375 0 0 -0.046142578125 0 0 3.314697265625 0 0 0 0 1 0 3.5 0 0 -0.7568359375 0 0 -0.046142578125 0 0 3.5 0 0 0 0 1 0 3.239990234375 0 0 -0.7568359375 0 0 -0.046142578125 0 0 3.239990234375 0 0 0 0 1 0 2.6201171875 0 0 -0.7568359375 0 0 -0.046142578125 0 0 2.6201171875 0 0 0 0 1 0 1.8798828125 0 0 -0.7568359375 0 0 -0.046142578125 0 0 1.8798828125 0 0 0 0 1 0 1.260009765625 0 0 -0.7568359375 0 0 -0.046142578125 0 0 1.260009765625 0 0 0 0 1 0 1 0 0 -0.7568359375 0 0 -0.046142578125 0 0 1 0 0 0 0 1 0 1.185302734375 0 0 -0.7568359375 0 0 -0.046142578125 0 0 1.185302734375 0 0 0 0 1 0 1.648193359375 0 0 -0.7568359375 0 0 -0.046142578125 0 0 1.648193359375 0 0 0 0 1 0 2.25 0 0 -0.757080078125 0 0 -0.046142578125 0 0 2.25 0 0 0 0 1 0 2.851806640625 0 0 -0.757080078125 0 0 -0.046142578125 0 0 2.851806640625 0 0 0 0 1 0 3.314697265625 0 0 -0.757080078125 0 0 -0.046142578125 0 0 3.314697265625 0 0 0 0 1 0 3.5 0 0 -0.757080078125 0 0 -0.046142578125 0 0 3.5 0 0 0 0 1 0 3.231689453125 0 0 -0.95703125 0 0 -0.046142578125 0 0 3.231689453125 0 0 0 0 1 0 2.5869140625 0 0 -1.43798828125 0 0 -0.046142578125 0 0 2.5869140625 0 0 0 0 1 0 1.806640625 0 0 -2.020751953125 0 0 -0.046142578125 0 0 1.806640625 0 0 0 0 1 0 1.130615234375 0 0 -2.526123046875 0 0 -0.046142578125 0 0 1.130615234375 0 0 0 0 1 0 0.800048828125 0 0 -2.77490234375 0 0 -0.046142578125 0 0 0.800048828125 0 0 0 0 1 0 0.800048828125 0 0 -2.77490234375 0 0 -0.046142578125 0 0 0.800048828125 0 0 0 0 1 0 1.671630859375 0 0 -2.18408203125 0 0 -0.046142578125 0 0 1.87158203125 0 0 0 0 1 0 2.51220703125 0 0 -1.150390625 0 0 -0.046142578125 0 0 2.912109375 0 0 0 0 1 0 2.073974609375 0 0 -0.60009765625 0 0 -0.046142578125 0 0 2.4462890625 0 0 0 0 1 0 1.666748046875 0 0 -0.6806640625 0 0 -0.046142578125 0 0 1.988037109375 0 0 0 0 1 </float_array>
        <technique_common>
          <accessor source="#anim4-joint3-matrix-array" count="33" stride="16">
            <param name="TRANSFORM" type="float4x4"/>
          </accessor>
        </technique_common>
      </source>
      <source id="anim4-joint3-interpolation">
        <Name_array id="anim4-joint3-interpolation-array" count="33">LINEAR LINEAR LINEAR LINEAR LINEAR LINEAR LINEAR LINEAR LINEAR LINEAR LINEAR LINEAR LINEAR LINEAR LINEAR LINEAR LINEAR LINEAR LINEAR LINEAR LINEAR LINEAR LINEAR LINEAR LINEAR LINEAR LINEAR LINEAR LINEAR LINEAR LINEAR LINEAR LINEAR </Name_array>
        <technique_common>
          <accessor source="#anim4-joint3-interpolation-array" count="33">
            <param name="INTERPOLATION" type="name"/>
          </accessor>
        </technique_common>
      </source>
      <sampler id="anim4-joint3-sampler">
        <input semantic="INPUT" source="#anim4-joint3-time"/>
        <input semantic="OUTPUT" source="#anim4-joint3-matrix"/>
        <input semantic="INTERPOLATION" source="#anim4-joint3-interpolation"/>
        </sampler>
      <channel source="#anim4-joint3-sampler" target="joint3/transform"/>
    </animation>
    <animation id="anim5-joint0">
      <source id="anim5-joint0-time">
        <float_array id="anim5-joint0-time-array" count="32">0 0.016666666666666666 0.03333333333333333 0.05 0.06666666666666667 0.08333333333333333 0.1 0.11666666666666667 0.13333333333333333 0.15 0.16666666666666666 0.18333333333333332 0.2 0.21666666666666667 0.23333333333333334 0.25 0.26666666666666666 0.2833333333333333 0.3 0.31666666666666665 0.3333333333333333 0.35 0.36666666666666664 0.3833333333333333 0.4 0.4166666666666667 0.43333333333333335 0.45 0.4666666666666667 0.48333333333333334 0.5 0.5166666666666666 </float_array>
        <technique_common>
          <accessor source="#anim5-joint0-time-array" count="32">
            <param name="TIME" type="float"/>
          </accessor>
        </technique_common>
      </source>
      <source id="anim5-joint0-matrix">
        <float_array id="anim5-joint0-matrix-array" count="512">0 0 -1 0 0 1 0 0.166015625 1 0 0 0 0 0 0 1 0 0 -1 0 0 1 0 0.166015625 1 0 0 0 0 0 0 1 0 0 -1 0 0 1 0 0.166015625 1 0 0 0 0 0 0 1 0 0 -1 0 0 1 0 0.166015625 1 0 0 0 0 0 0 1 0 0 -1 0 0 1 0 0.166015625 1 0 0 0 0 0 0 1 0 0 -1 0 0 1 0 0.166015625 1 0 0 0 0 0 0 1 0 0 -1 0 0 1 0 0.166015625 1 0 0 0 0 0 0 1 0 0 -1 0 0 1 0 0.166015625 1 0 0 0 0 0 0 1 0 0 -1 0 0 1 0 0.166015625 1 0 0 0 0 0 0 1 0 0 -1 0 0 1 0 0.166015625 1 0 0 0 0 0 0 1 0 0 -1 0 0 1 0 0.166015625 1 0 0 0 0 0 0 1 0 0 -1 0 0 1 0 0.166015625 1 0 0 0 0 0 0 1 0 0 -1 0 0 1 0 0.166015625 1 0 0 0 0 0 0 1 0 0 -1 0 0 1 0 0.166015625 1 0 0 0 0 0 0 1 0 0 -1 0 0 1 0 0.166015625 1 0 0 0 0 0 0 1 0 0 -1 0 0 1 0 0.166015625 1 0 0 0 0 0 0 1 0 0 -1 0 0 1 0 0.166015625 1 0 0 0 0 0 0 1 0 0 -1 0 0 1 0 0.166015625 1 0 0 0 0 0 0 1 0 0 -1 0 0 1 0 0.166015625 1 0 0 0 0 0 0 1 0 0 -1 0 0 1 0 0.166015625 1 0 0 0 0 0 0 1 0 0 -1 0 0 1 0 0.166015625 1 0 0 0 0 0 0 1 0 0 -1 0 0 1 0 0.166015625 1 0 0 0 0 0 0 1 0 0 -1 0 0 1 0 0.166015625 1 0 0 0 0 0 0 1 0 0 -1 0 0 1 0 0.166015625 1 0 0 0 0 0 0 1 0 0 -1 0 0 1 0 0.166015625 1 0 0 0 0 0 0 1 0 0 -1 0 0 1 0 0.166015625 1 0 0 0 0 0 0 1 0 0 -1 0 0 1 0 0.166015625 1 0 0 0 0 0 0 1 0 0 -1 0 0 1 0 0.166015625 1 0 0 0 0 0 0 1 0 0 -1 0 0 1 0 0.166015625 1 0 0 0 0 0 0 1 0 0 -1 0 0 1 0 0.166015625 1 0 0 0 0 0 0 1 0 0 -1 0 0 1 0 0.166015625 1 0 0 0 0 0 0 1 0 0 -1 0 0 1 0 0.166015625 1 0 0 0 0 0 0 1 </float_array>
        <technique_common>
          <accessor source="#anim5-joint0-matrix-array" count="32" stride="16">
            <param name="TRANSFORM" type="float4x4"/>
          </accessor>
        </technique_common>
      </source>
      <source id="anim5-joint0-interpolation">
        <Name_array id="anim5-joint0-interpolation-array" count="32">LINEAR LINEAR LINEAR LINEAR LINEAR LINEAR LINEAR LINEAR LINEAR LINEAR LINEAR LINEAR LINEAR LINEAR LINEAR LINEAR LINEAR LINEAR LINEAR LINEAR LINEAR LINEAR LINEAR LINEAR LINEAR LINEAR LINEAR LINEAR LINEAR LINEAR LINEAR LINEAR </Name_array>
        <technique_common>
          <accessor source="#anim5-joint0-interpolation-array" count="32">
            <param name="INTERPOLATION" type="name"/>
          </accessor>
        </technique_common>
      </source>
      <sampler id="anim5-joint0-sampler">
        <input semantic="INPUT" source="#anim5-joint0-time"/>
        <input semantic="OUTPUT" source="#anim5-joint0-matrix"/>
        <input semantic="INTERPOLATION" source="#anim5-joint0-interpolation"/>
        </sampler>
      <channel source="#anim5-joint0-sampler" target="joint0/transform"/>
    </animation>
    <animation id="anim5-joint1">
      <source id="anim5-joint1-time">
        <float_array id="anim5-joint1-time-array" count="32">0 0.016666666666666666 0.03333333333333333 0.05 0.06666666666666667 0.08333333333333333 0.1 0.11666666666666667 0.13333333333333333 0.15 0.16666666666666666 0.18333333333333332 0.2 0.21666666666666667 0.23333333333333334 0.25 0.26666666666666666 0.2833333333333333 0.3 0.31666666666666665 0.3333333333333333 0.35 0.36666666666666664 0.3833333333333333 0.4 0.4166666666666667 0.43333333333333335 0.45 0.4666666666666667 0.48333333333333334 0.5 0.5166666666666666 </float_array>
        <technique_common>
          <accessor source="#anim5-joint1-time-array" count="32">
            <param name="TIME" type="float"/>
          </accessor>
        </technique_common>
      </source>
      <source id="anim5-joint1-matrix">
        <float_array id="anim5-joint1-matrix-array" count="512">-0.6951627731323242 -1.021236777305603 0.011267244815826416 0 1.8468575477600098 -0.38446247577667236 -0.029928863048553467 0.058837890625 0.06315279006958008 0 0.9992735981941223 0 0 0 0 1 -0.8520795106887817 -1.0041303634643555 0.006605267524719238 0 1.9303155541419983 -0.44324302673339844 -0.014963686466217041 0.058837890625 0.03451591730117798 0 0.9999111294746399 0 0 0 0 1 -0.95086669921875 -0.9969635009765625 0 0 2.0390625 -0.4649094343185425 0 0.058837890625 0 0 1 0 0 0 0 1 -0.9895648956298828 -0.9990386962890625 -0.0067729949951171875 0 2.175175666809082 -0.454498291015625 0.014887809753417969 0.058837890625 -0.03909248113632202 0 0.9998321533203125 0 0 0 0 1 -0.9846310615539551 -1.0047179460525513 -0.012477517127990723 0 2.324395179748535 -0.42575955390930176 0.029444754123687744 0.058837890625 -0.08076810836791992 0 0.9994909763336182 0 0 0 0 1 -0.9336737394332886 -1.0120981931686401 -0.0165252685546875 0 2.4792210459709167 -0.3812861442565918 0.043865203857421875 0.058837890625 -0.12431716918945313 0 0.9989026188850403 0 0 0 0 1 -0.837249755859375 -1.0184844732284546 -0.018225789070129395 0 2.630584716796875 -0.3243597745895386 0.057228684425354004 0.058837890625 -0.16609954833984375 0 0.9982233047485352 0 0 0 0 1 -0.6986260414123535 -1.0215542316436768 -0.017396986484527588 0 2.7672577500343323 -0.2580254077911377 0.06887680292129517 0.058837890625 -0.20330017805099487 0 0.9973127245903015 0 0 0 0 1 -0.5246143341064453 -1.0199177265167236 -0.01426243782043457 0 2.8789286613464355 -0.1857616901397705 0.0783073902130127 0.058837890625 -0.23363971710205078 0 0.996935248374939 0 0 0 0 1 -0.32482588291168213 -1.0125865936279297 -0.009298503398895264 0 2.9547502398490906 -0.11115574836730957 0.08470582962036133 0.058837890625 -0.2541798949241638 0 0.9965578317642212 0 0 0 0 1 -0.11279296875 -0.999267578125 -0.0032982230186462402 0 2.98681640625 -0.037841796875 0.08709436655044556 0.058837890625 -0.261474609375 0 0.9962990283966064 0 0 0 0 1 0.09540849924087524 -0.9809660911560059 0.0027458667755126953 0 2.9707730412483215 0.03162860870361328 0.08516347408294678 0.058837890625 -0.2541798949241638 0 0.9963940382003784 0 0 0 0 1 0.28524112701416016 -0.9589101076126099 0.00775301456451416 0 2.9126129150390625 0.09384477138519287 0.07922065258026123 0.058837890625 -0.23363971710205078 0 0.997050404548645 0 0 0 0 1 0.4436275362968445 -0.9347376823425293 0.011031389236450195 0 2.819654703140259 0.14693355560302734 0.07017767429351807 0.058837890625 -0.20330017805099487 0 0.9973952770233154 0 0 0 0 1 0.5604171752929688 -0.9118291139602661 0.01219940185546875 0 2.702831268310547 0.18914031982421875 0.05881226062774658 0.058837890625 -0.16609954833984375 0 0.9981747269630432 0 0 0 0 1 0.6312981247901917 -0.8919975757598877 0.01116943359375 0 2.5731064081192017 0.21885108947753906 0.04552459716796875 0.058837890625 -0.12431716918945313 0 0.9989840984344482 0 0 0 0 1 0.6535434722900391 -0.8776326179504395 0.008276700973510742 0 2.437840461730957 0.23515939712524414 0.030889272689819336 0.058837890625 -0.08076810836791992 0 0.9993090629577637 0 0 0 0 1 0.6435672640800476 -0.8690786361694336 0.004404842853546143 0 2.3012051582336426 0.24298954010009766 0.015754401683807373 0.058837890625 -0.03909248113632202 0 0.999908983707428 0 0 0 0 1 0.6229248046875 -0.8647499084472656 0 0 2.162109375 0.24914288520812988 0 0.058837890625 0 0 1 0 0 0 0 1 0.59295254945755 -0.8659944534301758 -0.004596531391143799 0 2.0245903730392456 0.25356388092041016 -0.015698492527008057 0.058837890625 0.03451591730117798 0 0.9997863173484802 0 0 0 0 1 0.5577692985534668 -0.8716427087783813 -0.009041905403137207 0 1.8931374549865723 0.2569005489349365 -0.03067845106124878 0.058837890625 0.06315279006958008 0 0.9995096325874329 0 0 0 0 1 0.5197219848632813 -0.8812344074249268 -0.013195037841796875 0 1.7712053060531616 0.2585402727127075 -0.04497528076171875 0.058837890625 0.08662033081054688 0 0.9988210201263428 0 0 0 0 1 0.48101806640625 -0.8945518732070923 -0.016686201095581055 0 1.663238525390625 0.25870394706726074 -0.05769789218902588 0.058837890625 0.10416412353515625 0 0.998344898223877 0 0 0 0 1 0.44440752267837524 -0.9107108116149902 -0.01932227611541748 0 1.572826623916626 0.25736474990844727 -0.06837379932403564 0.058837890625 0.11640197038650513 0 0.9976385831832886 0 0 0 0 1 0.41135644912719727 -0.9292749166488647 -0.02098560333251953 0 1.504105567932129 0.2540159225463867 -0.07677233219146729 0.058837890625 0.12451457977294922 0 0.9967206716537476 0 0 0 0 1 0.3758785128593445 -0.9505355358123779 -0.021197259426116943 0 1.4638894200325012 0.24416327476501465 -0.08252161741256714 0.058837890625 0.12924295663833618 0 0.9963414669036865 0 0 0 0 1 0.302490234375 -0.979248046875 -0.01764017343521118 0 1.46337890625 0.202392578125 -0.08534950017929077 0.058837890625 0.1307373046875 0 0.9961551427841187 0 0 0 0 1 0.19256830215454102 -1.0103485584259033 -0.010858654975891113 0 1.499070167541504 0.1298060417175293 -0.08451861143112183 0.058837890625 0.12924295663833618 0 0.9964981079101563 0 0 0 0 1 0.050798892974853516 -1.0361149311065674 -0.0025843381881713867 0 1.5587239265441895 0.03365981578826904 -0.07955098152160645 0.058837890625 0.12451457977294922 0 0.9969057440757751 0 0 0 0 1 -0.11920201778411865 -1.0508811473846436 0.005186140537261963 0 1.6300275921821594 -0.0769188404083252 -0.07085412740707397 0.058837890625 0.11640197038650513 0 0.99751216173172 0 0 0 0 1 -0.30910491943359375 -1.0516250133514404 0.01073312759399414 0 1.7034645080566406 -0.19101476669311523 -0.05909085273742676 0.058837890625 0.10416412353515625 0 0.9982019662857056 0 0 0 0 1 -0.5070898532867432 -1.039823293685913 0.012874603271484375 0 1.774814486503601 -0.297054648399353 -0.04506683349609375 0.058837890625 0.08662033081054688 0 0.9987707138061523 0 0 0 0 1 </float_array>
        <technique_common>
          <accessor source="#anim5-joint1-matrix-array" count="32" stride="16">
            <param name="TRANSFORM" type="float4x4"/>
          </accessor>
        </technique_common>
      </source>
      <source id="anim5-joint1-interpolation">
        <Name_array id="anim5-joint1-interpolation-array" count="32">LINEAR LINEAR LINEAR LINEAR LINEAR LINEAR LINEAR LINEAR LINEAR LINEAR LINEAR LINEAR LINEAR LINEAR LINEAR LINEAR LINEAR LINEAR LINEAR LINEAR LINEAR LINEAR LINEAR LINEAR LINEAR LINEAR LINEAR LINEAR LINEAR LINEAR LINEAR LINEAR </Name_array>
        <technique_common>
          <accessor source="#anim5-joint1-interpolation-array" count="32">
            <param name="INTERPOLATION" type="name"/>
          </accessor>
        </technique_common>
      </source>
      <sampler id="anim5-joint1-sampler">
        <input semantic="INPUT" source="#anim5-joint1-time"/>
        <input semantic="OUTPUT" source="#anim5-joint1-matrix"/>
        <input semantic="INTERPOLATION" source="#anim5-joint1-interpolation"/>
        </sampler>
      <channel source="#anim5-joint1-sampler" target="joint1/transform"/>
    </animation>
    <animation id="anim5-joint2">
      <source id="anim5-joint2-time">
        <float_array id="anim5-joint2-time-array" count="32">0 0.016666666666666666 0.03333333333333333 0.05 0.06666666666666667 0.08333333333333333 0.1 0.11666666666666667 0.13333333333333333 0.15 0.16666666666666666 0.18333333333333332 0.2 0.21666666666666667 0.23333333333333334 0.25 0.26666666666666666 0.2833333333333333 0.3 0.31666666666666665 0.3333333333333333 0.35 0.36666666666666664 0.3833333333333333 0.4 0.4166666666666667 0.43333333333333335 0.45 0.4666666666666667 0.48333333333333334 0.5 0.5166666666666666 </float_array>
        <technique_common>
          <accessor source="#anim5-joint2-time-array" count="32">
            <param name="TIME" type="float"/>
          </accessor>
        </technique_common>
      </source>
      <source id="anim5-joint2-matrix">
        <float_array id="anim5-joint2-matrix-array" count="512">0.9317528009414673 0.18047714233398438 -0.046176910400390625 0.10498046875 -0.16249620914459229 1.0344108939170837 0.008056640625 0 0.04438018798828125 0 0.9989736676216125 0 0 0 0 1 0.9245634078979492 0.08294391632080078 -0.031888723373413086 0.10498046875 -0.07202625274658203 1.0652294158935547 0.0024830102920532227 0 0.029671192169189453 0 0.9996898174285889 0 0 0 0 1 0.9126189351081848 -0.021975398063659668 -0.01635342836380005 0.10498046875 0.0184975266456604 1.0842078924179077 -0.00033146142959594727 0 0.014931738376617432 0 0.9999223947525024 0 0 0 0 1 0.8975863456726074 -0.12278509140014648 0 0.10498046875 0.1012265682220459 1.0887479782104492 0 0 0 0 1 0 0 0 0 1 0.8836443424224854 -0.20707404613494873 0.016065895557403564 0.10498046875 0.16939079761505127 1.0804914236068726 0.0030789971351623535 0 -0.01472008228302002 0 0.9998647570610046 0 0 0 0 1 0.8764147758483887 -0.26269054412841797 0.03104543685913086 0.10498046875 0.2165675163269043 1.0636024475097656 0.007667660713195801 0 -0.028890371322631836 0 0.9992687702178955 0 0 0 0 1 0.8807497024536133 -0.28064966201782227 0.0452728271484375 0.10498046875 0.2360106110572815 1.04740571975708 0.0121307373046875 0 -0.042789459228515625 0 0.9987742900848389 0 0 0 0 1 0.8964776992797852 -0.26839399337768555 0.05813777446746826 0.10498046875 0.23261308670043945 1.0341906547546387 0.01508796215057373 0 -0.055718421936035156 0 0.9983928799629211 0 0 0 0 1 0.9192708730697632 -0.24097800254821777 0.06915432214736938 0.10498046875 0.21681571006774902 1.022105634212494 0.01630425453186035 0 -0.06726372241973877 0 0.997663676738739 0 0 0 0 1 0.947706937789917 -0.20226705074310303 0.07805478572845459 0.10498046875 0.18935203552246094 1.0118390321731567 0.015603184700012207 0 -0.07716095447540283 0 0.9969751834869385 0 0 0 0 1 0.9795710444450378 -0.15472412109375 0.08420658111572266 0.10498046875 0.15107691287994385 1.00372314453125 0.012980461120605469 0 -0.08476823568344116 0 0.9962148666381836 0 0 0 0 1 1.0129904747009277 -0.10127317905426025 0.0867113471031189 0.10498046875 0.1025465726852417 0.9992450475692749 0.00878816843032837 0 -0.0890733003616333 0 0.9962465167045593 0 0 0 0 1 1.0451779961585999 -0.04345703125 0.08512187004089355 0.10498046875 0.04537564516067505 0.9990234375 0.0037027597427368164 0 -0.08946949243545532 0 0.9962671995162964 0 0 0 0 1 1.074196696281433 0.01741015911102295 0.07957041263580322 0.10498046875 -0.018683969974517822 1.004149317741394 -0.0013796091079711914 0 -0.08578836917877197 0 0.9966391921043396 0 0 0 0 1 1.0987757444381714 0.0803375244140625 0.0708194375038147 0.10498046875 -0.087135910987854 1.0124015808105469 -0.00561976432800293 0 -0.07850325107574463 0 0.997466504573822 0 0 0 0 1 1.1174005270004272 0.14382874965667725 0.059472084045410156 0.10498046875 -0.1573026180267334 1.021662712097168 -0.00837242603302002 0 -0.06788849830627441 0 0.9982713460922241 0 0 0 0 1 1.1294291019439697 0.20585674047470093 0.045970916748046875 0.10498046875 -0.22577321529388428 1.0297964215278625 -0.009189605712890625 0 -0.054050445556640625 0 0.9989863634109497 0 0 0 0 1 1.1357269287109375 0.26343822479248047 0.030998587608337402 0.10498046875 -0.2887974977493286 1.0354948043823242 -0.007886290550231934 0 -0.03749501705169678 0 0.9996920824050903 0 0 0 0 1 1.1362971067428589 0.3134803771972656 0.015658557415008545 0.10498046875 -0.3428307771682739 1.03813898563385 -0.0047283172607421875 0 -0.019416451454162598 0 0.9998627305030823 0 0 0 0 1 1.1331426501274109 0.3520374298095703 0 0.10498046875 -0.3844330310821533 1.0376543998718262 0 0 0 0 1 0 0 0 0 1 1.1272978782653809 0.37627851963043213 -0.01537102460861206 0.10498046875 -0.41043251752853394 1.0337587594985962 0.005594909191131592 0 0.01962810754776001 0 0.9997935891151428 0 0 0 0 1 1.1182444095611572 0.38841819763183594 -0.02990543842315674 0.10498046875 -0.4238695502281189 1.0245466232299805 0.011337518692016602 0 0.03826802968978882 0 0.9994561672210693 0 0 0 0 1 1.1047091484069824 0.3939685821533203 -0.043670654296875 0.10498046875 -0.4309293031692505 1.0103387832641602 0.01702880859375 0 0.05564117431640625 0 0.9989290237426758 0 0 0 0 1 1.087641716003418 0.3943748474121094 -0.05582106113433838 0.10498046875 -0.4319082498550415 0.9929795265197754 0.022170066833496094 0 0.07041049003601074 0 0.9982709884643555 0 0 0 0 1 1.0677778124809265 0.3904356360435486 -0.06594550609588623 0.10498046875 -0.4276178479194641 0.9746791124343872 0.026416361331939697 0 0.08192020654678345 0 0.9974493384361267 0 0 0 0 1 1.0462003946304321 0.383123517036438 -0.07389652729034424 0.10498046875 -0.41836977005004883 0.9579347372055054 0.02955472469329834 0 0.0899660587310791 0 0.9967690110206604 0 0 0 0 1 1.0237795114517212 0.3739166259765625 -0.07921409606933594 0.10498046875 -0.4051954746246338 0.9442138671875 0.03136944770812988 0 0.09414994716644287 0 0.9963736534118652 0 0 0 0 1 1.001039743423462 0.3636516332626343 -0.08124268054962158 0.10498046875 -0.3889423608779907 0.936225175857544 0.031556546688079834 0 0.09394615888595581 0 0.9963241815567017 0 0 0 0 1 0.9787808656692505 0.353271484375 -0.07971334457397461 0.10498046875 -0.3696705102920532 0.935546875 0.030100524425506592 0 0.08946949243545532 0 0.9964197874069214 0 0 0 0 1 0.9573508501052856 0.3435441255569458 -0.074790358543396 0.10498046875 -0.3483090400695801 0.9438267946243286 0.02722299098968506 0 0.08133864402770996 0 0.996852457523346 0 0 0 0 1 0.9426519274711609 0.3171348571777344 -0.06748920679092407 0.10498046875 -0.30992627143859863 0.9647941589355469 0.02218419313430786 0 0.07068067789077759 0 0.9973630309104919 0 0 0 0 1 0.9363458156585693 0.2609572410583496 -0.05810844898223877 0.10498046875 -0.24473750591278076 0.9982370138168335 0.015190601348876953 0 0.05822575092315674 0 0.9983093738555908 0 0 0 0 1 </float_array>
        <technique_common>
          <accessor source="#anim5-joint2-matrix-array" count="32" stride="16">
            <param name="TRANSFORM" type="float4x4"/>
          </accessor>
        </technique_common>
      </source>
      <source id="anim5-joint2-interpolation">
        <Name_array id="anim5-joint2-interpolation-array" count="32">LINEAR LINEAR LINEAR LINEAR LINEAR LINEAR LINEAR LINEAR LINEAR LINEAR LINEAR LINEAR LINEAR LINEAR LINEAR LINEAR LINEAR LINEAR LINEAR LINEAR LINEAR LINEAR LINEAR LINEAR LINEAR LINEAR LINEAR LINEAR LINEAR LINEAR LINEAR LINEAR </Name_array>
        <technique_common>
          <accessor source="#anim5-joint2-interpolation-array" count="32">
            <param name="INTERPOLATION" type="name"/>
          </accessor>
        </technique_common>
      </source>
      <sampler id="anim5-joint2-sampler">
        <input semantic="INPUT" source="#anim5-joint2-time"/>
        <input semantic="OUTPUT" source="#anim5-joint2-matrix"/>
        <input semantic="INTERPOLATION" source="#anim5-joint2-interpolation"/>
        </sampler>
      <channel source="#anim5-joint2-sampler" target="joint2/transform"/>
    </animation>
    <animation id="anim5-joint3">
      <source id="anim5-joint3-time">
        <float_array id="anim5-joint3-time-array" count="32">0 0.016666666666666666 0.03333333333333333 0.05 0.06666666666666667 0.08333333333333333 0.1 0.11666666666666667 0.13333333333333333 0.15 0.16666666666666666 0.18333333333333332 0.2 0.21666666666666667 0.23333333333333334 0.25 0.26666666666666666 0.2833333333333333 0.3 0.31666666666666665 0.3333333333333333 0.35 0.36666666666666664 0.3833333333333333 0.4 0.4166666666666667 0.43333333333333335 0.45 0.4666666666666667 0.48333333333333334 0.5 0.5166666666666666 </float_array>
        <technique_common>
          <accessor source="#anim5-joint3-time-array" count="32">
            <param name="TIME" type="float"/>
          </accessor>
        </technique_common>
      </source>
      <source id="anim5-joint3-matrix">
        <float_array id="anim5-joint3-matrix-array" count="512">0 1.360595703125 0 0 -0.847412109375 0 0 -0.046142578125 0 0 2.272216796875 0 0 0 0 1 0 1.27197265625 0 0 -0.8955078125 0 0 -0.046142578125 0 0 2.15234375 0 0 0 0 1 0 1.19140625 0 0 -0.9501953125 0 0 -0.046142578125 0 0 2.01708984375 0 0 0 0 1 0 1.121337890625 0 0 -1.009521484375 0 0 -0.046142578125 0 0 1.872314453125 0 0 0 0 1 0 1.064208984375 0 0 -1.072265625 0 0 -0.046142578125 0 0 1.722900390625 0 0 0 0 1 0 1.02294921875 0 0 -1.136474609375 0 0 -0.046142578125 0 0 1.574462890625 0 0 0 0 1 0 1 0 0 -1.200927734375 0 0 -0.046142578125 0 0 1.431884765625 0 0 0 0 1 0 0.988525390625 0 0 -1.263671875 0 0 -0.046142578125 0 0 1.30126953125 0 0 0 0 1 0 0.98046875 0 0 -1.323486328125 0 0 -0.046142578125 0 0 1.187255859375 0 0 0 0 1 0 0.9755859375 0 0 -1.37841796875 0 0 -0.046142578125 0 0 1.095458984375 0 0 0 0 1 0 0.973876953125 0 0 -1.42724609375 0 0 -0.046142578125 0 0 1.03125 0 0 0 0 1 0 0.975341796875 0 0 -1.46826171875 0 0 -0.046142578125 0 0 1 0 0 0 0 1 0 0.980224609375 0 0 -1.5 0 0 -0.046142578125 0 0 0.988525390625 0 0 0 0 1 0 0.988525390625 0 0 -1.5234375 0 0 -0.046142578125 0 0 0.980224609375 0 0 0 0 1 0 1 0 0 -1.541259765625 0 0 -0.046142578125 0 0 0.974853515625 0 0 0 0 1 0 1.06201171875 0 0 -1.552978515625 0 0 -0.046142578125 0 0 0.972900390625 0 0 0 0 1 0 1.205322265625 0 0 -1.55908203125 0 0 -0.046142578125 0 0 0.9736328125 0 0 0 0 1 0 1.406494140625 0 0 -1.55908203125 0 0 -0.046142578125 0 0 0.9775390625 0 0 0 0 1 0 1.641845703125 0 0 -1.55322265625 0 0 -0.046142578125 0 0 0.984375 0 0 0 0 1 0 1.887451171875 0 0 -1.54150390625 0 0 -0.046142578125 0 0 0.994140625 0 0 0 0 1 0 2.119873046875 0 0 -1.523681640625 0 0 -0.046142578125 0 0 1.0205078125 0 0 0 0 1 0 2.315185546875 0 0 -1.5 0 0 -0.046142578125 0 0 1.136474609375 0 0 0 0 1 0 2.449951171875 0 0 -1.438720703125 0 0 -0.046142578125 0 0 1.32861328125 0 0 0 0 1 0 2.5 0 0 -1.323974609375 0 0 -0.046142578125 0 0 1.56884765625 0 0 0 0 1 0 2.4501953125 0 0 -1.1787109375 0 0 -0.046142578125 0 0 1.82861328125 0 0 0 0 1 0 2.32177734375 0 0 -1.025634765625 0 0 -0.046142578125 0 0 2.080078125 0 0 0 0 1 0 2.14599609375 0 0 -0.8876953125 0 0 -0.046142578125 0 0 2.29443359375 0 0 0 0 1 0 1.9541015625 0 0 -0.788330078125 0 0 -0.046142578125 0 0 2.44384765625 0 0 0 0 1 0 1.77783203125 0 0 -0.75 0 0 -0.046142578125 0 0 2.5 0 0 0 0 1 0 1.64794921875 0 0 -0.758544921875 0 0 -0.046142578125 0 0 2.4873046875 0 0 0 0 1 0 1.5498046875 0 0 -0.7822265625 0 0 -0.046142578125 0 0 2.444091796875 0 0 0 0 1 0 1.4501953125 0 0 -0.8193359375 0 0 -0.046142578125 0 0 2.368408203125 0 0 0 0 1 </float_array>
        <technique_common>
          <accessor source="#anim5-joint3-matrix-array" count="32" stride="16">
            <param name="TRANSFORM" type="float4x4"/>
          </accessor>
        </technique_common>
      </source>
      <source id="anim5-joint3-interpolation">
        <Name_array id="anim5-joint3-interpolation-array" count="32">LINEAR LINEAR LINEAR LINEAR LINEAR LINEAR LINEAR LINEAR LINEAR LINEAR LINEAR LINEAR LINEAR LINEAR LINEAR LINEAR LINEAR LINEAR LINEAR LINEAR LINEAR LINEAR LINEAR LINEAR LINEAR LINEAR LINEAR LINEAR LINEAR LINEAR LINEAR LINEAR </Name_array>
        <technique_common>
          <accessor source="#anim5-joint3-interpolation-array" count="32">
            <param name="INTERPOLATION" type="name"/>
          </accessor>
        </technique_common>
      </source>
      <sampler id="anim5-joint3-sampler">
        <input semantic="INPUT" source="#anim5-joint3-time"/>
        <input semantic="OUTPUT" source="#anim5-joint3-matrix"/>
        <input semantic="INTERPOLATION" source="#anim5-joint3-interpolation"/>
        </sampler>
      <channel source="#anim5-joint3-sampler" target="joint3/transform"/>
    </animation>
    <animation id="anim6-joint0">
      <source id="anim6-joint0-time">
        <float_array id="anim6-joint0-time-array" count="32">0 0.016666666666666666 0.03333333333333333 0.05 0.06666666666666667 0.08333333333333333 0.1 0.11666666666666667 0.13333333333333333 0.15 0.16666666666666666 0.18333333333333332 0.2 0.21666666666666667 0.23333333333333334 0.25 0.26666666666666666 0.2833333333333333 0.3 0.31666666666666665 0.3333333333333333 0.35 0.36666666666666664 0.3833333333333333 0.4 0.4166666666666667 0.43333333333333335 0.45 0.4666666666666667 0.48333333333333334 0.5 0.5166666666666666 </float_array>
        <technique_common>
          <accessor source="#anim6-joint0-time-array" count="32">
            <param name="TIME" type="float"/>
          </accessor>
        </technique_common>
      </source>
      <source id="anim6-joint0-matrix">
        <float_array id="anim6-joint0-matrix-array" count="512">0 0 -1 0 0 1 0 0.10009765625 1 0 0 0 0 0 0 1 0 0 -1 0 0 1 0 0.10009765625 1 0 0 0 0 0 0 1 0 0 -1 0 0 1 0 0.10009765625 1 0 0 0 0 0 0 1 0 0 -1 0 0 1 0 0.10009765625 1 0 0 0 0 0 0 1 0 0 -1 0 0 1 0 0.10009765625 1 0 0 0 0 0 0 1 0 0 -1 0 0 1 0 0.10009765625 1 0 0 0 0 0 0 1 0 0 -1 0 0 1 0 0.10009765625 1 0 0 0 0 0 0 1 0 0 -1 0 0 1 0 0.10009765625 1 0 0 0 0 0 0 1 0 0 -1 0 0 1 0 0.10009765625 1 0 0 0 0 0 0 1 0 0 -1 0 0 1 0 0.10009765625 1 0 0 0 0 0 0 1 0 0 -1 0 0 1 0 0.10009765625 1 0 0 0 0 0 0 1 0 0 -1 0 0 1 0 0.10009765625 1 0 0 0 0 0 0 1 0 0 -1 0 0 1 0 0.10009765625 1 0 0 0 0 0 0 1 0 0 -1 0 0 1 0 0.10009765625 1 0 0 0 0 0 0 1 0 0 -1 0 0 1 0 0.10009765625 1 0 0 0 0 0 0 1 0 0 -1 0 0 1 0 0.10009765625 1 0 0 0 0 0 0 1 0 0 -1 0 0 1 0 0.10009765625 1 0 0 0 0 0 0 1 0 0 -1 0 0 1 0 0.10009765625 1 0 0 0 0 0 0 1 0 0 -1 0 0 1 0 0.10009765625 1 0 0 0 0 0 0 1 0 0 -1 0 0 1 0 0.10009765625 1 0 0 0 0 0 0 1 0 0 -1 0 0 1 0 0.10009765625 1 0 0 0 0 0 0 1 0 0 -1 0 0 1 0 0.10009765625 1 0 0 0 0 0 0 1 0 0 -1 0 0 1 0 0.10009765625 1 0 0 0 0 0 0 1 0 0 -1 0 0 1 0 0.10009765625 1 0 0 0 0 0 0 1 0 0 -1 0 0 1 0 0.10009765625 1 0 0 0 0 0 0 1 0 0 -1 0 0 1 0 0.10009765625 1 0 0 0 0 0 0 1 0 0 -1 0 0 1 0 0.10009765625 1 0 0 0 0 0 0 1 0 0 -1 0 0 1 0 0.10009765625 1 0 0 0 0 0 0 1 0 0 -1 0 0 1 0 0.10009765625 1 0 0 0 0 0 0 1 0 0 -1 0 0 1 0 0.10009765625 1 0 0 0 0 0 0 1 0 0 -1 0 0 1 0 0.10009765625 1 0 0 0 0 0 0 1 0 0 -1 0 0 1 0 0.10009765625 1 0 0 0 0 0 0 1 </float_array>
        <technique_common>
          <accessor source="#anim6-joint0-matrix-array" count="32" stride="16">
            <param name="TRANSFORM" type="float4x4"/>
          </accessor>
        </technique_common>
      </source>
      <source id="anim6-joint0-interpolation">
        <Name_array id="anim6-joint0-interpolation-array" count="32">LINEAR LINEAR LINEAR LINEAR LINEAR LINEAR LINEAR LINEAR LINEAR LINEAR LINEAR LINEAR LINEAR LINEAR LINEAR LINEAR LINEAR LINEAR LINEAR LINEAR LINEAR LINEAR LINEAR LINEAR LINEAR LINEAR LINEAR LINEAR LINEAR LINEAR LINEAR LINEAR </Name_array>
        <technique_common>
          <accessor source="#anim6-joint0-interpolation-array" count="32">
            <param name="INTERPOLATION" type="name"/>
          </accessor>
        </technique_common>
      </source>
      <sampler id="anim6-joint0-sampler">
        <input semantic="INPUT" source="#anim6-joint0-time"/>
        <input semantic="OUTPUT" source="#anim6-joint0-matrix"/>
        <input semantic="INTERPOLATION" source="#anim6-joint0-interpolation"/>
        </sampler>
      <channel source="#anim6-joint0-sampler" target="joint0/transform"/>
    </animation>
    <animation id="anim6-joint1">
      <source id="anim6-joint1-time">
        <float_array id="anim6-joint1-time-array" count="32">0 0.016666666666666666 0.03333333333333333 0.05 0.06666666666666667 0.08333333333333333 0.1 0.11666666666666667 0.13333333333333333 0.15 0.16666666666666666 0.18333333333333332 0.2 0.21666666666666667 0.23333333333333334 0.25 0.26666666666666666 0.2833333333333333 0.3 0.31666666666666665 0.3333333333333333 0.35 0.36666666666666664 0.3833333333333333 0.4 0.4166666666666667 0.43333333333333335 0.45 0.4666666666666667 0.48333333333333334 0.5 0.5166666666666666 </float_array>
        <technique_common>
          <accessor source="#anim6-joint1-time-array" count="32">
            <param name="TIME" type="float"/>
          </accessor>
        </technique_common>
      </source>
      <source id="anim6-joint1-matrix">
        <float_array id="anim6-joint1-matrix-array" count="512">-0.1565101146697998 -1.086779236793518 0.0011436939239501953 0 1.7300941944122314 -0.09831368923187256 -0.012642621994018555 0.058837890625 0.022055625915527344 0 0.999832272529602 0 0 0 0 1 -0.18157529830932617 -1.0920286178588867 0.0006630420684814453 0 1.795920729637146 -0.11040878295898438 -0.0065580010414123535 0.058837890625 0.011899352073669434 0 0.9998899102210999 0 0 0 0 1 -0.1959228515625 -1.094188928604126 0 0 1.86492919921875 -0.11495161056518555 0 0.058837890625 0 0 1 0 0 0 0 1 -0.20039522647857666 -1.0917606353759766 -0.0006791353225708008 0 1.9346212148666382 -0.11308860778808594 0.006556391716003418 0.058837890625 -0.012821495532989502 0 0.999901294708252 0 0 0 0 1 -0.19900918006896973 -1.08597993850708 -0.0012552738189697266 0 2.0028676986694336 -0.10790526866912842 0.012633323669433594 0.058837890625 -0.025551795959472656 0 1.0000348687171936 0 0 0 0 1 -0.1921067237854004 -1.0767900943756104 -0.0017394423484802246 0 2.0670480728149414 -0.1000744104385376 0.01871621608734131 0.058837890625 -0.039029598236083984 0 0.9997919201850891 0 0 0 0 1 -0.1786022186279297 -1.0651943683624268 -0.0020035505294799805 0 2.124481201171875 -0.08950555324554443 0.023844003677368164 0.058837890625 -0.051029205322265625 0 0.9997015595436096 0 0 0 0 1 -0.15973448753356934 -1.0508811473846436 -0.0020990967750549316 0 2.1739863753318787 -0.07743334770202637 0.028487741947174072 0.058837890625 -0.06229645013809204 0 0.9995314478874207 0 0 0 0 1 -0.1364450454711914 -1.0345964431762695 -0.0019676685333251953 0 2.2123589515686035 -0.06377649307250977 0.03191995620727539 0.058837890625 -0.07092976570129395 0 0.9993953704833984 0 0 0 0 1 -0.10836338996887207 -1.0173113346099854 -0.0016522407531738281 0 2.2378681898117065 -0.04923677444458008 0.03413796424865723 0.058837890625 -0.07662057876586914 0 0.9994091391563416 0 0 0 0 1 -0.076904296875 -0.99951171875 -0.0011932849884033203 0 2.24725341796875 -0.0341796875 0.03489506244659424 0.058837890625 -0.07855224609375 0 0.9994598627090454 0 0 0 0 1 -0.04378318786621094 -0.9812057018280029 -0.000667572021484375 0 2.240057349205017 -0.019168853759765625 0.034171342849731445 0.058837890625 -0.07662057876586914 0 0.9994050860404968 0 0 0 0 1 -0.01028752326965332 -0.9631437063217163 -0.00014835596084594727 0 2.2166905403137207 -0.004468798637390137 0.031974613666534424 0.058837890625 -0.07092976570129395 0 0.9992892146110535 0 0 0 0 1 0.02289527654647827 -0.9460580348968506 0.00029987096786499023 0 2.179843306541443 0.009934186935424805 0.02855747938156128 0.058837890625 -0.06229645013809204 0 0.9993779063224792 0 0 0 0 1 0.05363273620605469 -0.9309250116348267 0.000601649284362793 0 2.1317710876464844 0.023415207862854004 0.02391993999481201 0.058837890625 -0.051029205322265625 0 0.9999000430107117 0 0 0 0 1 0.0811004638671875 -0.9177843332290649 0.0007343292236328125 0 2.0741443634033203 0.035877227783203125 0.018785059452056885 0.058837890625 -0.039029598236083984 0 0.9998176097869873 0 0 0 0 1 0.10515546798706055 -0.907360315322876 0.0006632804870605469 0 2.00974702835083 0.047475576400756836 0.012676715850830078 0.058837890625 -0.025551795959472656 0 0.9998021125793457 0 0 0 0 1 0.12299138307571411 -0.9005813598632813 0.00041681528091430664 0 1.9412693977355957 0.05705738067626953 0.006578922271728516 0.058837890625 -0.012821495532989502 0 1.0000959038734436 0 0 0 0 1 0.13275146484375 -0.8977053165435791 0 0 1.87042236328125 0.06371378898620605 0 0.058837890625 0 0 1 0 0 0 0 1 0.13618147373199463 -0.8997001647949219 -0.000497281551361084 0 1.7998871803283691 0.06807231903076172 -0.0065724849700927734 0.058837890625 0.011899352073669434 0 0.9998403191566467 0 0 0 0 1 0.13403034210205078 -0.906029224395752 -0.0009794235229492188 0 1.7317907810211182 0.07010412216186523 -0.012658119201660156 0.058837890625 0.022055625915527344 0 0.9998576641082764 0 0 0 0 1 0.12710851430892944 -0.9157662391662598 -0.0014273524284362793 0 1.668759047985077 0.06973636150360107 -0.01874375343322754 0.058837890625 0.03147059679031372 0 0.9996708035469055 0 0 0 0 1 0.11647224426269531 -0.9286516904830933 -0.001723170280456543 0 1.6124496459960938 0.06706297397613525 -0.02386152744293213 0.058837890625 0.038692474365234375 0 0.9995797276496887 0 0 0 0 1 0.10344743728637695 -0.9442098140716553 -0.0018829107284545898 0 1.5651214122772217 0.0623774528503418 -0.028501689434051514 0.058837890625 0.04482722282409668 0 0.9994682669639587 0 0 0 0 1 0.08790850639343262 -0.9617325067520142 -0.0018349289894104004 0 1.5288598537445068 0.05527198314666748 -0.03192776441574097 0.058837890625 0.049004316329956055 0 0.9993891716003418 0 0 0 0 1 0.06997644901275635 -0.9804868698120117 -0.0015854835510253906 0 1.50596684217453 0.04552602767944336 -0.03414630889892578 0.058837890625 0.051561594009399414 0 0.9994678497314453 0 0 0 0 1 0.0457763671875 -0.99951171875 -0.0010654330253601074 0 1.49853515625 0.030517578125 -0.03489506244659424 0.058837890625 0.0523681640625 0 0.9994669556617737 0 0 0 0 1 0.01657336950302124 -1.018306016921997 -0.00037550926208496094 0 1.5074400305747986 0.011190176010131836 -0.034171342849731445 0.058837890625 0.051561594009399414 0 0.9991443157196045 0 0 0 0 1 -0.01645946502685547 -1.0363680124282837 0.00034356117248535156 0 1.5314784049987793 -0.011135578155517578 -0.031974613666534424 0.058837890625 0.049004316329956055 0 0.9993830919265747 0 0 0 0 1 -0.05210685729980469 -1.0531964302062988 0.0009484291076660156 0 1.5678033828735352 -0.03498649597167969 -0.02855050563812256 0.058837890625 0.04482722282409668 0 0.9996380805969238 0 0 0 0 1 -0.08883476257324219 -1.06728196144104 0.0013142824172973633 0 1.6144237518310547 -0.058713555335998535 -0.02389073371887207 0.058837890625 0.038692474365234375 0 0.9998461604118347 0 0 0 0 1 -0.12465626001358032 -1.0786384344100952 0.0013998150825500488 0 1.6691677570343018 -0.08053481578826904 -0.018748342990875244 0.058837890625 0.03147059679031372 0 0.9999373555183411 0 0 0 0 1 </float_array>
        <technique_common>
          <accessor source="#anim6-joint1-matrix-array" count="32" stride="16">
            <param name="TRANSFORM" type="float4x4"/>
          </accessor>
        </technique_common>
      </source>
      <source id="anim6-joint1-interpolation">
        <Name_array id="anim6-joint1-interpolation-array" count="32">LINEAR LINEAR LINEAR LINEAR LINEAR LINEAR LINEAR LINEAR LINEAR LINEAR LINEAR LINEAR LINEAR LINEAR LINEAR LINEAR LINEAR LINEAR LINEAR LINEAR LINEAR LINEAR LINEAR LINEAR LINEAR LINEAR LINEAR LINEAR LINEAR LINEAR LINEAR LINEAR </Name_array>
        <technique_common>
          <accessor source="#anim6-joint1-interpolation-array" count="32">
            <param name="INTERPOLATION" type="name"/>
          </accessor>
        </technique_common>
      </source>
      <sampler id="anim6-joint1-sampler">
        <input semantic="INPUT" source="#anim6-joint1-time"/>
        <input semantic="OUTPUT" source="#anim6-joint1-matrix"/>
        <input semantic="INTERPOLATION" source="#anim6-joint1-interpolation"/>
        </sampler>
      <channel source="#anim6-joint1-sampler" target="joint1/transform"/>
    </animation>
    <animation id="anim6-joint2">
      <source id="anim6-joint2-time">
        <float_array id="anim6-joint2-time-array" count="32">0 0.016666666666666666 0.03333333333333333 0.05 0.06666666666666667 0.08333333333333333 0.1 0.11666666666666667 0.13333333333333333 0.15 0.16666666666666666 0.18333333333333332 0.2 0.21666666666666667 0.23333333333333334 0.25 0.26666666666666666 0.2833333333333333 0.3 0.31666666666666665 0.3333333333333333 0.35 0.36666666666666664 0.3833333333333333 0.4 0.4166666666666667 0.43333333333333335 0.45 0.4666666666666667 0.48333333333333334 0.5 0.5166666666666666 </float_array>
        <technique_common>
          <accessor source="#anim6-joint2-time-array" count="32">
            <param name="TIME" type="float"/>
          </accessor>
        </technique_common>
      </source>
      <source id="anim6-joint2-matrix">
        <float_array id="anim6-joint2-matrix-array" count="512">0.999755859375 -0.013916015625 -0.018794238567352295 0.10498046875 0.013916015625 0.999755859375 -0.00026160478591918945 0 0.018798828125 0 0.99970543384552 0 0 0 0 1 0.999755859375 -0.02099609375 -0.01269221305847168 0.10498046875 0.02099609375 0.999755859375 -0.0002665519714355469 0 0.0126953125 0 0.9999526143074036 0 0 0 0 1 0.99951171875 -0.0263671875 -0.0065901875495910645 0.10498046875 0.0263671875 0.999755859375 -0.00017380714416503906 0 0.006591796875 0 0.9999629259109497 0 0 0 0 1 0.99951171875 -0.0302734375 0 0.10498046875 0.0302734375 0.99951171875 0 0 0 0 1 0 0 0 0 1 0.99951171875 -0.032958984375 0.006588578224182129 0.10498046875 0.032958984375 0.99951171875 0.00021725893020629883 0 -0.006591796875 0 1.0001099705696106 0 0 0 0 1 0.999267578125 -0.034423828125 0.01268911361694336 0.10498046875 0.034423828125 0.99951171875 0.00043702125549316406 0 -0.0126953125 0 0.9999646544456482 0 0 0 0 1 0.999267578125 -0.034912109375 0.01878964900970459 0.10498046875 0.034912109375 0.99951171875 0.0006563067436218262 0 -0.018798828125 0 0.9999985098838806 0 0 0 0 1 0.9990234375 -0.03466796875 0.023914098739624023 0.10498046875 0.03466796875 0.99951171875 0.0008294582366943359 0 -0.02392578125 0 0.9997375011444092 0 0 0 0 1 0.9990234375 -0.0341796875 0.02855050563812256 0.10498046875 0.0341796875 0.99951171875 0.0009763240814208984 0 -0.028564453125 0 0.9997038841247559 0 0 0 0 1 0.9990234375 -0.033447265625 0.03196680545806885 0.10498046875 0.033447265625 0.99951171875 0.0010697245597839355 0 -0.031982421875 0 0.9996543526649475 0 0 0 0 1 0.9990234375 -0.031982421875 0.03416299819946289 0.10498046875 0.031982421875 0.99951171875 0.001093149185180664 0 -0.0341796875 0 0.9995585083961487 0 0 0 0 1 0.9990234375 -0.0302734375 0.03489506244659424 0.10498046875 0.0302734375 0.99951171875 0.0010569095611572266 0 -0.034912109375 0 0.9994521141052246 0 0 0 0 1 0.9990234375 -0.02783203125 0.03416299819946289 0.10498046875 0.02783203125 0.99951171875 0.0009512901306152344 0 -0.0341796875 0 0.9993102550506592 0 0 0 0 1 0.999267578125 -0.02490234375 0.031974613666534424 0.10498046875 0.02490234375 0.999755859375 0.0007964372634887695 0 -0.031982421875 0 0.9996437430381775 0 0 0 0 1 0.999267578125 -0.021240234375 0.02855747938156128 0.10498046875 0.021240234375 0.999755859375 0.0006067156791687012 0 -0.028564453125 0 0.9994747638702393 0 0 0 0 1 0.99951171875 -0.016845703125 0.02391993999481201 0.10498046875 0.016845703125 0.999755859375 0.0004030466079711914 0 -0.02392578125 0 0.9995514750480652 0 0 0 0 1 0.999755859375 -0.01171875 0.018794238567352295 0.10498046875 0.01171875 0.999755859375 0.00022029876708984375 0 -0.018798828125 0 0.9996491074562073 0 0 0 0 1 0.999755859375 -0.005859375 0.01269221305847168 0.10498046875 0.005859375 0.999755859375 0.0000743865966796875 0 -0.0126953125 0 0.9995461106300354 0 0 0 0 1 0.999755859375 0.0009765625 0.0065901875495910645 0.10498046875 -0.0009765625 0.999755859375 -0.0000064373016357421875 0 -0.006591796875 0 0.9995127320289612 0 0 0 0 1 1 0.0087890625 0 0.10498046875 -0.0087890625 1 0 0 0 0 1 0 0 0 0 1 0.999755859375 0.017333984375 -0.0065901875495910645 0.10498046875 -0.017333984375 0.999755859375 0.00011426210403442383 0 0.006591796875 0 0.9998122453689575 0 0 0 0 1 0.99951171875 0.026123046875 -0.01269221305847168 0.10498046875 -0.026123046875 0.999755859375 0.00033164024353027344 0 0.0126953125 0 0.999950110912323 0 0 0 0 1 0.999267578125 0.033203125 -0.01878964900970459 0.10498046875 -0.033203125 0.99951171875 0.0006241798400878906 0 0.018798828125 0 0.9998821020126343 0 0 0 0 1 0.9990234375 0.03857421875 -0.023908257484436035 0.10498046875 -0.03857421875 0.999267578125 0.0009229183197021484 0 0.02392578125 0 0.9997797012329102 0 0 0 0 1 0.998779296875 0.0419921875 -0.028536558151245117 0.10498046875 -0.0419921875 0.9990234375 0.001199483871459961 0 0.028564453125 0 0.9995672702789307 0 0 0 0 1 0.99853515625 0.043212890625 -0.031951189041137695 0.10498046875 -0.043212890625 0.9990234375 0.0013820528984069824 0 0.031982421875 0 0.9994273781776428 0 0 0 0 1 0.99853515625 0.04150390625 -0.03414630889892578 0.10498046875 -0.04150390625 0.9990234375 0.0014185905456542969 0 0.0341796875 0 0.9992825984954834 0 0 0 0 1 0.998779296875 0.036865234375 -0.03488653898239136 0.10498046875 -0.036865234375 0.999267578125 0.0012870430946350098 0 0.034912109375 0 0.9994068145751953 0 0 0 0 1 0.9990234375 0.029052734375 -0.03416299819946289 0.10498046875 -0.029052734375 0.99951171875 0.0009930133819580078 0 0.0341796875 0 0.9993796944618225 0 0 0 0 1 0.999267578125 0.017333984375 -0.031974613666534424 0.10498046875 -0.017333984375 0.999755859375 0.0005543828010559082 0 0.031982421875 0 0.9993240833282471 0 0 0 0 1 0.99951171875 0.005126953125 -0.02855747938156128 0.10498046875 -0.005126953125 0.999755859375 0.00014644861221313477 0 0.028564453125 0 0.9992939829826355 0 0 0 0 1 0.999755859375 -0.00537109375 -0.02391993999481201 0.10498046875 0.00537109375 0.999755859375 -0.0001285076141357422 0 0.02392578125 0 0.9995406270027161 0 0 0 0 1 </float_array>
        <technique_common>
          <accessor source="#anim6-joint2-matrix-array" count="32" stride="16">
            <param name="TRANSFORM" type="float4x4"/>
          </accessor>
        </technique_common>
      </source>
      <source id="anim6-joint2-interpolation">
        <Name_array id="anim6-joint2-interpolation-array" count="32">LINEAR LINEAR LINEAR LINEAR LINEAR LINEAR LINEAR LINEAR LINEAR LINEAR LINEAR LINEAR LINEAR LINEAR LINEAR LINEAR LINEAR LINEAR LINEAR LINEAR LINEAR LINEAR LINEAR LINEAR LINEAR LINEAR LINEAR LINEAR LINEAR LINEAR LINEAR LINEAR </Name_array>
        <technique_common>
          <accessor source="#anim6-joint2-interpolation-array" count="32">
            <param name="INTERPOLATION" type="name"/>
          </accessor>
        </technique_common>
      </source>
      <sampler id="anim6-joint2-sampler">
        <input semantic="INPUT" source="#anim6-joint2-time"/>
        <input semantic="OUTPUT" source="#anim6-joint2-matrix"/>
        <input semantic="INTERPOLATION" source="#anim6-joint2-interpolation"/>
        </sampler>
      <channel source="#anim6-joint2-sampler" target="joint2/transform"/>
    </animation>
    <animation id="anim6-joint3">
      <source id="anim6-joint3-time">
        <float_array id="anim6-joint3-time-array" count="32">0 0.016666666666666666 0.03333333333333333 0.05 0.06666666666666667 0.08333333333333333 0.1 0.11666666666666667 0.13333333333333333 0.15 0.16666666666666666 0.18333333333333332 0.2 0.21666666666666667 0.23333333333333334 0.25 0.26666666666666666 0.2833333333333333 0.3 0.31666666666666665 0.3333333333333333 0.35 0.36666666666666664 0.3833333333333333 0.4 0.4166666666666667 0.43333333333333335 0.45 0.4666666666666667 0.48333333333333334 0.5 0.5166666666666666 </float_array>
        <technique_common>
          <accessor source="#anim6-joint3-time-array" count="32">
            <param name="TIME" type="float"/>
          </accessor>
        </technique_common>
      </source>
      <source id="anim6-joint3-matrix">
        <float_array id="anim6-joint3-matrix-array" count="512">0 1.64794921875 0 0 -0.7568359375 0 0 -0.046142578125 0 0 1.9873046875 0 0 0 0 1 0 1.55126953125 0 0 -0.7763671875 0 0 -0.046142578125 0 0 1.952392578125 0 0 0 0 1 0 1.45458984375 0 0 -0.80712890625 0 0 -0.046142578125 0 0 1.899169921875 0 0 0 0 1 0 1.360595703125 0 0 -0.847412109375 0 0 -0.046142578125 0 0 1.831298828125 0 0 0 0 1 0 1.27197265625 0 0 -0.8955078125 0 0 -0.046142578125 0 0 1.75146484375 0 0 0 0 1 0 1.19140625 0 0 -0.9501953125 0 0 -0.046142578125 0 0 1.6630859375 0 0 0 0 1 0 1.121337890625 0 0 -1.009521484375 0 0 -0.046142578125 0 0 1.569091796875 0 0 0 0 1 0 1.064208984375 0 0 -1.072265625 0 0 -0.046142578125 0 0 1.472900390625 0 0 0 0 1 0 1.02294921875 0 0 -1.136474609375 0 0 -0.046142578125 0 0 1.37744140625 0 0 0 0 1 0 1 0 0 -1.200927734375 0 0 -0.046142578125 0 0 1.2861328125 0 0 0 0 1 0 0.988525390625 0 0 -1.263671875 0 0 -0.046142578125 0 0 1.2021484375 0 0 0 0 1 0 0.98046875 0 0 -1.323486328125 0 0 -0.046142578125 0 0 1.128173828125 0 0 0 0 1 0 0.9755859375 0 0 -1.37841796875 0 0 -0.046142578125 0 0 1.06787109375 0 0 0 0 1 0 0.973876953125 0 0 -1.42724609375 0 0 -0.046142578125 0 0 1.02392578125 0 0 0 0 1 0 0.975341796875 0 0 -1.46826171875 0 0 -0.046142578125 0 0 1 0 0 0 0 1 0 0.980224609375 0 0 -1.5 0 0 -0.046142578125 0 0 0.988525390625 0 0 0 0 1 0 0.988525390625 0 0 -1.5234375 0 0 -0.046142578125 0 0 0.980224609375 0 0 0 0 1 0 1 0 0 -1.541259765625 0 0 -0.046142578125 0 0 0.974853515625 0 0 0 0 1 0 1.044677734375 0 0 -1.552978515625 0 0 -0.046142578125 0 0 0.972900390625 0 0 0 0 1 0 1.142333984375 0 0 -1.55908203125 0 0 -0.046142578125 0 0 0.9736328125 0 0 0 0 1 0 1.27685546875 0 0 -1.55908203125 0 0 -0.046142578125 0 0 0.9775390625 0 0 0 0 1 0 1.433349609375 0 0 -1.55322265625 0 0 -0.046142578125 0 0 0.984375 0 0 0 0 1 0 1.59619140625 0 0 -1.54150390625 0 0 -0.046142578125 0 0 0.994140625 0 0 0 0 1 0 1.74951171875 0 0 -1.523681640625 0 0 -0.046142578125 0 0 1.015625 0 0 0 0 1 0 1.87841796875 0 0 -1.5 0 0 -0.046142578125 0 0 1.09521484375 0 0 0 0 1 0 1.967041015625 0 0 -1.438720703125 0 0 -0.046142578125 0 0 1.224365234375 0 0 0 0 1 0 2 0 0 -1.323974609375 0 0 -0.046142578125 0 0 1.38427734375 0 0 0 0 1 0 1.9873046875 0 0 -1.1787109375 0 0 -0.046142578125 0 0 1.556640625 0 0 0 0 1 0 1.951416015625 0 0 -1.025634765625 0 0 -0.046142578125 0 0 1.722900390625 0 0 0 0 1 0 1.89599609375 0 0 -0.8876953125 0 0 -0.046142578125 0 0 1.864501953125 0 0 0 0 1 0 1.82470703125 0 0 -0.788330078125 0 0 -0.046142578125 0 0 1.963134765625 0 0 0 0 1 0 1.74072265625 0 0 -0.75 0 0 -0.046142578125 0 0 2 0 0 0 0 1 </float_array>
        <technique_common>
          <accessor source="#anim6-joint3-matrix-array" count="32" stride="16">
            <param name="TRANSFORM" type="float4x4"/>
          </accessor>
        </technique_common>
      </source>
      <source id="anim6-joint3-interpolation">
        <Name_array id="anim6-joint3-interpolation-array" count="32">LINEAR LINEAR LINEAR LINEAR LINEAR LINEAR LINEAR LINEAR LINEAR LINEAR LINEAR LINEAR LINEAR LINEAR LINEAR LINEAR LINEAR LINEAR LINEAR LINEAR LINEAR LINEAR LINEAR LINEAR LINEAR LINEAR LINEAR LINEAR LINEAR LINEAR LINEAR LINEAR </Name_array>
        <technique_common>
          <accessor source="#anim6-joint3-interpolation-array" count="32">
            <param name="INTERPOLATION" type="name"/>
          </accessor>
        </technique_common>
      </source>
      <sampler id="anim6-joint3-sampler">
        <input semantic="INPUT" source="#anim6-joint3-time"/>
        <input semantic="OUTPUT" source="#anim6-joint3-matrix"/>
        <input semantic="INTERPOLATION" source="#anim6-joint3-interpolation"/>
        </sampler>
      <channel source="#anim6-joint3-sampler" target="joint3/transform"/>
    </animation>
  </library_animations>
  <library_animation_clips>
    <animation_clip id="anim0" name="attack1" end="0.9">
      <instance_animation url="#anim0-joint0"/>
      <instance_animation url="#anim0-joint1"/>
      <instance_animation url="#anim0-joint2"/>
      <instance_animation url="#anim0-joint3"/>
    </animation_clip>
    <animation_clip id="anim1" name="ele_sta" end="0.7833333333333333">
      <instance_animation url="#anim1-joint0"/>
      <instance_animation url="#anim1-joint1"/>
      <instance_animation url="#anim1-joint2"/>
      <instance_animation url="#anim1-joint3"/>
    </animation_clip>
    <animation_clip id="anim2" name="sunken1" end="0.18333333333333332">
      <instance_animation url="#anim2-joint0"/>
      <instance_animation url="#anim2-joint1"/>
      <instance_animation url="#anim2-joint2"/>
      <instance_animation url="#anim2-joint3"/>
    </animation_clip>
    <animation_clip id="anim3" name="sunken2" end="0.5833333333333334">
      <instance_animation url="#anim3-joint0"/>
      <instance_animation url="#anim3-joint1"/>
      <instance_animation url="#anim3-joint2"/>
      <instance_animation url="#anim3-joint3"/>
    </animation_clip>
    <animation_clip id="anim4" name="sunken3" end="0.5333333333333333">
      <instance_animation url="#anim4-joint0"/>
      <instance_animation url="#anim4-joint1"/>
      <instance_animation url="#anim4-joint2"/>
      <instance_animation url="#anim4-joint3"/>
    </animation_clip>
    <animation_clip id="anim5" name="wait" end="0.5166666666666666">
      <instance_animation url="#anim5-joint0"/>
      <instance_animation url="#anim5-joint1"/>
      <instance_animation url="#anim5-joint2"/>
      <instance_animation url="#anim5-joint3"/>
    </animation_clip>
    <animation_clip id="anim6" name="wait2" end="0.5166666666666666">
      <instance_animation url="#anim6-joint0"/>
      <instance_animation url="#anim6-joint1"/>
      <instance_animation url="#anim6-joint2"/>
      <instance_animation url="#anim6-joint3"/>
    </animation_clip>
  </library_animation_clips>
  <library_visual_scenes>
    <visual_scene id="scene0" name="chuc">
      <node id="joint0" sid="joint0" name="root" type="JOINT">
        <matrix sid="transform">0 0 -1 0 0 1 0 0.046142578125 1 0 0 0 0 0 0 1</matrix>
        <node id="joint3" sid="joint3" name="foot1" type="JOINT">
          <matrix sid="transform">0 1 0 0 -1 0 0 -0.046142578125 0 0 1 0 0 0 0 1</matrix>
        </node>
        <node id="joint1" sid="joint1" name="chest1" type="JOINT">
          <matrix sid="transform">0 -1 0 0 1 0 0 0.058837890625 0 0 1 0 0 0 0 1</matrix>
          <node id="joint2" sid="joint2" name="chest2" type="JOINT">
            <matrix sid="transform">1 0 0 0.10498046875 0 1 0 0 0 0 1 0 0 0 0 1</matrix>
          </node>
        </node>
      </node>
      <node id="node" name="chuc" type="NODE">
        <instance_controller url="#controller">
          <skeleton>#joint0</skeleton>
          <bind_material>
            <technique_common>
              <instance_material symbol="material0" target="#material0">
                <bind_vertex_input semantic="tc" input_semantic="TEXCOORD"/>
              </instance_material>
              <instance_material symbol="material1" target="#material1">
                <bind_vertex_input semantic="tc" input_semantic="TEXCOORD"/>
              </instance_material>
            </technique_common>
          </bind_material>
        </instance_controller>
      </node>
    </visual_scene>
  </library_visual_scenes>
  <scene>
    <instance_visual_scene url="#scene0"/>
  </scene>
</COLLADA>
